match_key,date,time,tournament,round,first_player,second_player,winner_is_first,has_stats,has_enough_stats,has_odds,num_stats_values,odds_implied_prob_diff,odds_p1_implied_prob,odds_p1_moneyline,odds_p2_implied_prob,odds_p2_moneyline
12090392,2025-11-23,15:20:00,ATP Davis Cup - World Group,,Matteo Berrettini,Pablo Carreno-Busta,1,0,0,1,0,0.5102012976028723,0.7874015748031495,1.27,0.27720027720027723,3.6074999999999995
12090393,2025-11-23,17:05:00,ATP Davis Cup - World Group,,Flavio Cobolli,Jaume Munar,0,0,0,1,0,0.12621916236374076,0.6024096385542169,1.66,0.47619047619047616,2.1
12090179,2025-11-22,12:20:00,ATP Davis Cup - World Group,,Pablo Carreno-Busta,Jan-Lennard Struff,1,0,0,1,0,-0.1922776025792745,0.4374453193350831,2.286,0.6297229219143576,1.588
12090180,2025-11-22,14:30:00,ATP Davis Cup - World Group,,Jaume Munar,Alexander Zverev,0,0,0,1,0,-0.6398467432950192,0.2222222222222222,4.5,0.8620689655172414,1.16
12090070,2025-11-21,16:20:00,ATP Davis Cup - World Group,,Matteo Berrettini,Raphael Collignon,1,0,0,1,0,0.35064935064935066,0.7142857142857143,1.4,0.36363636363636365,2.75
12090071,2025-11-21,18:15:00,ATP Davis Cup - World Group,,Flavio Cobolli,Zizou Bergs,1,0,0,1,0,0.31276505513146735,0.6944444444444444,1.44,0.38167938931297707,2.62
12089824,2025-11-20,12:25:00,ATP Davis Cup - World Group,,Jaume Munar,Jiri Lehecka,1,0,0,1,0,-0.35064935064935066,0.36363636363636365,2.75,0.7142857142857143,1.4
12089886,2025-11-20,17:50:00,ATP Davis Cup - World Group,,Martin Etcheverry Tomas,Jan-Lennard Struff,1,0,0,1,0,0.049450549450549386,0.5494505494505494,1.82,0.5,2.0
12089887,2025-11-20,20:20:00,ATP Davis Cup - World Group,,Francisco Cerundolo,Alexander Zverev,0,0,0,1,0,-0.4751131221719456,0.29411764705882354,3.4,0.7692307692307692,1.3
12089544,2025-11-19,18:30:00,ATP Davis Cup - World Group,,Flavio Cobolli,Filip Misolic,1,0,0,1,0,0.7110389610389609,0.8928571428571428,1.12,0.18181818181818182,5.5
12089076,2025-11-18,16:20:00,ATP Davis Cup - World Group,,Corentin Moutet,Raphael Collignon,0,0,0,1,0,0.2448347040169822,0.6472491909385114,1.545,0.4024144869215292,2.485
12089077,2025-11-18,19:20:00,ATP Davis Cup - World Group,,Arthur Rinderknech,Zizou Bergs,0,0,0,1,0,0.2666666666666666,0.6666666666666666,1.5,0.4,2.5
12088318,2025-11-16,18:15:00,Finals - Turin,Finals - Turin - Final,Carlos Alcaraz,Jannik Sinner,0,0,0,1,0,-0.25359477124183005,0.4,2.5,0.6535947712418301,1.53
12088012,2025-11-15,14:40:00,Finals - Turin,Finals - Turin - Semi-finals,Jannik Sinner,Alex De Minaur,1,0,0,1,0,0.8523809523809524,0.9523809523809523,1.05,0.1,10.0
12088115,2025-11-15,20:45:00,Finals - Turin,Finals - Turin - Semi-finals,Carlos Alcaraz,Felix Auger-Aliassime,1,0,0,1,0,0.6111111111111112,0.8333333333333334,1.2,0.2222222222222222,4.5
12086036,2025-11-14,14:30:00,Finals - Turin,,Jannik Sinner,Ben Shelton,1,0,0,1,0,0.8433962264150943,0.9433962264150942,1.06,0.1,10.0
12086402,2025-11-14,20:45:00,Finals - Turin,,Alexander Zverev,Felix Auger-Aliassime,0,0,0,1,0,0.25359477124183005,0.6535947712418301,1.53,0.4,2.5
12086034,2025-11-13,14:10:00,Finals - Turin,,Taylor Fritz,Alex De Minaur,0,0,0,1,0,0.42279411764705876,0.7352941176470588,1.36,0.3125,3.2
12086497,2025-11-13,20:40:00,Finals - Turin,,Carlos Alcaraz,Lorenzo Musetti,1,0,0,1,0,0.7261904761904762,0.8928571428571428,1.12,0.16666666666666666,6.0
12086401,2025-11-12,14:15:00,Finals - Turin,,Ben Shelton,Felix Auger-Aliassime,0,0,0,1,0,0.1478641840087624,0.6024096385542169,1.66,0.45454545454545453,2.2
12086035,2025-11-12,20:40:00,Finals - Turin,,Jannik Sinner,Alexander Zverev,1,0,0,1,0,0.7662337662337662,0.9090909090909091,1.1,0.14285714285714285,7.0
12086030,2025-11-11,14:15:00,Finals - Turin,,Carlos Alcaraz,Taylor Fritz,1,0,0,1,0,0.6111111111111112,0.8333333333333334,1.2,0.2222222222222222,4.5
12086498,2025-11-11,20:40:00,Finals - Turin,,Lorenzo Musetti,Alex De Minaur,1,0,0,1,0,-0.42279411764705876,0.3125,3.2,0.7352941176470588,1.36
12086032,2025-11-10,14:00:00,Finals - Turin,,Novak Djokovic,Taylor Fritz,0,0,0,1,0,0.05555555555555558,0.5555555555555556,1.8,0.5,2.0
12086486,2025-11-10,14:20:00,Finals - Turin,,Lorenzo Musetti,Taylor Fritz,0,0,0,1,0,-0.380952380952381,0.3333333333333333,3.0,0.7142857142857143,1.4
12086400,2025-11-10,20:40:00,Finals - Turin,,Jannik Sinner,Felix Auger-Aliassime,1,0,0,1,0,0.8433962264150943,0.9433962264150942,1.06,0.1,10.0
12086031,2025-11-09,14:10:00,Finals - Turin,,Carlos Alcaraz,Alex De Minaur,1,0,0,1,0,0.588725248930451,0.819672131147541,1.22,0.23094688221709006,4.33
12086037,2025-11-09,20:45:00,Finals - Turin,,Alexander Zverev,Ben Shelton,1,0,0,1,0,0.25359477124183005,0.6535947712418301,1.53,0.4,2.5
12086263,2025-11-08,16:10:00,Athens,Athens - Final,Novak Djokovic,Lorenzo Musetti,1,0,0,1,0,0.42279411764705876,0.7352941176470588,1.36,0.3125,3.2
12086232,2025-11-08,16:40:00,Metz,Metz - Final,Cameron Norrie,Learner Tien,0,0,0,1,0,-0.2150017468891935,0.42194092827004215,2.37,0.6369426751592356,1.57
12086053,2025-11-07,15:40:00,Metz,Metz - Semi-finals,Cameron Norrie,Lorenzo Sonego,1,0,0,1,0,-0.05555555555555558,0.5,2.0,0.5555555555555556,1.8
12086150,2025-11-07,16:10:00,Athens,Athens - Semi-finals,Novak Djokovic,Yannick Hanfmann,1,0,0,1,0,0.6111111111111112,0.8333333333333334,1.2,0.2222222222222222,4.5
12086156,2025-11-07,18:05:00,Metz,Metz - Semi-finals,Vitaliy Sachko,Learner Tien,0,0,0,1,0,-0.6620689655172414,0.2,5.0,0.8620689655172414,1.16
12086123,2025-11-07,18:10:00,Athens,Athens - Semi-finals,Sebastian Korda,Lorenzo Musetti,0,0,0,1,0,-0.10520487264673317,0.47619047619047616,2.1,0.5813953488372093,1.72
12085854,2025-11-06,12:10:00,Athens,Athens - Quarter-finals,Sebastian Korda,Miomir Kecmanovic,1,0,0,1,0,0.3308080808080808,0.6944444444444444,1.44,0.36363636363636365,2.75
12085715,2025-11-06,14:10:00,Metz,Metz - Quarter-finals,Kyrian Jacquet,Cameron Norrie,0,0,0,1,0,-0.48351648351648346,0.2857142857142857,3.5,0.7692307692307692,1.3
12085903,2025-11-06,14:10:00,Athens,Athens - Quarter-finals,Alexandre Muller,Lorenzo Musetti,0,0,0,1,0,-0.6111111111111112,0.2222222222222222,4.5,0.8333333333333334,1.2
12085732,2025-11-06,16:50:00,Metz,Metz - Quarter-finals,Lorenzo Sonego,Daniel Altmaier,1,0,0,1,0,0.25359477124183005,0.6535947712418301,1.53,0.4,2.5
12085614,2025-11-06,17:10:00,Athens,Athens - Quarter-finals,Novak Djokovic,Nuno Borges,1,0,0,1,0,0.6953748006379585,0.8771929824561404,1.14,0.18181818181818182,5.5
12085912,2025-11-06,19:15:00,Athens,Athens - Quarter-finals,Marcos Giron,Yannick Hanfmann,0,0,0,1,0,0.18633540372670798,0.6211180124223602,1.61,0.4347826086956522,2.3
12085913,2025-11-06,19:15:00,Metz,Metz - Quarter-finals,Matteo Berrettini,Learner Tien,0,0,0,1,0,0.1478641840087624,0.6024096385542169,1.66,0.45454545454545453,2.2
12085733,2025-11-06,21:20:00,Metz,Metz - Quarter-finals,Clement Tabur,Vitaliy Sachko,0,0,0,1,0,0.05555555555555558,0.5555555555555556,1.8,0.5,2.0
12085362,2025-11-05,12:10:00,Metz,Metz - 1/8-finals,Dan Added,Kyrian Jacquet,0,0,0,1,0,-0.3308080808080808,0.36363636363636365,2.75,0.6944444444444444,1.44
12084968,2025-11-05,13:10:00,Athens,Athens - 1/8-finals,Miomir Kecmanovic,Luciano Darderi,1,0,0,1,0,0.3308080808080808,0.6944444444444444,1.44,0.36363636363636365,2.75
12085363,2025-11-05,13:20:00,Metz,Metz - 1/8-finals,Clement Tabur,Alexander Blockx,1,0,0,1,0,-0.3308080808080808,0.36363636363636365,2.75,0.6944444444444444,1.44
12084957,2025-11-05,14:10:00,Metz,Metz - 1/8-finals,Learner Tien,Moez Echargui,1,0,0,1,0,0.8009259259259258,0.9259259259259258,1.08,0.125,8.0
12085465,2025-11-05,15:15:00,Athens,Athens - 1/8-finals,Yannick Hanfmann,Vit Kopriva,1,0,0,1,0,0.42279411764705876,0.7352941176470588,1.36,0.3125,3.2
12085466,2025-11-05,15:25:00,Athens,Athens - 1/8-finals,Alexandre Muller,Martin Etcheverry Tomas,1,0,0,1,0,-0.1478641840087624,0.45454545454545453,2.2,0.6024096385542169,1.66
12085364,2025-11-05,16:05:00,Metz,Metz - 1/8-finals,Hugo Gaston,Daniel Altmaier,0,0,0,1,0,0.05555555555555558,0.5555555555555556,1.8,0.5,2.0
12084956,2025-11-05,18:10:00,Metz,Metz - 1/8-finals,Vitaliy Sachko,Alexander Bublik,1,0,0,1,0,-0.747054747054747,0.15384615384615385,6.5,0.9009009009009008,1.11
12084969,2025-11-05,18:45:00,Athens,Athens - 1/8-finals,Stan Wawrinka,Lorenzo Musetti,0,0,0,1,0,-0.6620689655172414,0.2,5.0,0.8620689655172414,1.16
12085365,2025-11-05,20:35:00,Metz,Metz - 1/8-finals,Aleksandar Vukic,Matteo Berrettini,0,0,0,1,0,-0.55,0.25,4.0,0.8,1.25
12085467,2025-11-05,21:35:00,Athens,Athens - 1/8-finals,Brandon Nakashima,Marcos Giron,0,0,0,1,0,0.2150017468891935,0.6369426751592356,1.57,0.42194092827004215,2.37
12084596,2025-11-04,11:00:00,Metz,ATP Metz - 1/16-finals,Tallon Griekspoor,Aleksandar Kovacevic,0,0,0,1,0,0.1478641840087624,0.6024096385542169,1.66,0.45454545454545453,2.2
12084858,2025-11-04,12:05:00,Metz,Metz - 1/16-finals,Kyrian Jacquet,Luca van Assche,1,0,0,1,0,-0.2150017468891935,0.42194092827004215,2.37,0.6369426751592356,1.57
12084873,2025-11-04,13:10:00,Athens,Athens - 1/16-finals,Mackenzie McDonald,Martin Etcheverry Tomas,0,0,0,1,0,-0.10520487264673317,0.47619047619047616,2.1,0.5813953488372093,1.72
12084591,2025-11-04,14:10:00,Metz,Metz - 1/16-finals,Daniel Altmaier,Arthur Rinderknech,1,0,0,1,0,-0.25359477124183005,0.4,2.5,0.6535947712418301,1.53
12084872,2025-11-04,14:10:00,Athens,Athens - 1/16-finals,Yannick Hanfmann,Ivan Ivanov,1,0,0,1,0,0.8433962264150943,0.9433962264150942,1.06,0.1,10.0
12084859,2025-11-04,14:50:00,Metz,Metz - 1/16-finals,Francesco Passaro,Alexander Blockx,0,0,0,1,0,-0.25359477124183005,0.4,2.5,0.6535947712418301,1.53
12084563,2025-11-04,15:40:00,Athens,Athens - 1/16-finals,Marcos Giron,Pedro Martinez,1,0,0,1,0,0.55,0.8,1.25,0.25,4.0
12084597,2025-11-04,15:55:00,Metz,Metz - 1/16-finals,Corentin Moutet,Aleksandar Vukic,0,0,0,1,0,0.55,0.8,1.25,0.25,4.0
12084966,2025-11-04,16:20:00,Athens,Athens - 1/8-finals,Sebastian Korda,Damir Dzumhur,1,0,0,1,0,0.5145833333333334,0.78125,1.28,0.26666666666666666,3.75
12084871,2025-11-04,18:35:00,Athens,Athens - 1/8-finals,Novak Djokovic,Alejandro Tabilo,1,0,0,1,0,0.6111111111111112,0.8333333333333334,1.2,0.2222222222222222,4.5
12084955,2025-11-04,19:00:00,Metz,Metz - 1/8-finals,Flavio Cobolli,Lorenzo Sonego,0,0,0,1,0,0.10520487264673317,0.5813953488372093,1.72,0.47619047619047616,2.1
12084967,2025-11-04,20:40:00,Athens,Athens - 1/8-finals,Eliot Spizzirri,Nuno Borges,0,0,0,1,0,-0.18633540372670798,0.4347826086956522,2.3,0.6211180124223602,1.61
12084972,2025-11-04,21:30:00,Metz,Metz - 1/8-finals,Arthur Cazaux,Cameron Norrie,0,0,0,1,0,-0.10520487264673317,0.47619047619047616,2.1,0.5813953488372093,1.72
12084598,2025-11-03,11:00:00,Metz,ATP Metz - 1/16-finals,Giovanni Mpetshi Perricard,Tomas Machac,0,0,0,1,0,-0.10520487264673317,0.47619047619047616,2.1,0.5813953488372093,1.72
12084562,2025-11-03,13:10:00,Athens,Athens - 1/16-finals,Damir Dzumhur,Jacob Fearnley,1,0,0,1,0,-0.42279411764705876,0.3125,3.2,0.7352941176470588,1.36
12084594,2025-11-03,13:40:00,Metz,Metz - 1/16-finals,Ugo Blanchet,Learner Tien,0,0,0,1,0,-0.588725248930451,0.23094688221709006,4.33,0.819672131147541,1.22
12084868,2025-11-03,14:05:00,Athens,Athens - 1/16-finals,Eliot Spizzirri,Laslo Djere,1,0,0,1,0,0.3308080808080808,0.6944444444444444,1.44,0.36363636363636365,2.75
12084855,2025-11-03,14:10:00,Metz,Metz - 1/16-finals,Jan Choinski,Lorenzo Sonego,0,0,0,1,0,-0.6111111111111112,0.2222222222222222,4.5,0.8333333333333334,1.2
12084564,2025-11-03,14:45:00,Athens,Athens - 1/16-finals,Miomir Kecmanovic,Kamil Majchrzak,1,0,0,1,0,-0.05555555555555558,0.5,2.0,0.5555555555555556,1.8
12084856,2025-11-03,15:00:00,Metz,Metz - 1/16-finals,Clement Tabur,Aleksandar Kovacevic,1,0,0,1,0,-0.3308080808080808,0.36363636363636365,2.75,0.6944444444444444,1.44
12084857,2025-11-03,16:45:00,Metz,Metz - 1/16-finals,Giovanni Mpetshi Perricard,Vitaliy Sachko,0,0,0,1,0,0.588725248930451,0.819672131147541,1.22,0.23094688221709006,4.33
12084569,2025-11-03,17:10:00,Athens,Athens - 1/16-finals,Stan Wawrinka,Botic Van De Zandschulp,1,0,0,1,0,-0.25359477124183005,0.4,2.5,0.6535947712418301,1.53
12084565,2025-11-03,18:30:00,Athens,ATP Athens - 1/16-finals,Reilly Opelka,Fabian Marozsan,0,0,0,1,0,-0.10520487264673317,0.47619047619047616,2.1,0.5813953488372093,1.72
12084599,2025-11-03,18:35:00,Metz,Metz - 1/16-finals,Valentin Royer,Cameron Norrie,0,0,0,1,0,-0.28498727735368956,0.38167938931297707,2.62,0.6666666666666666,1.5
12084869,2025-11-03,19:45:00,Athens,Athens - 1/16-finals,Alexandre Muller,Jan-Lennard Struff,1,0,0,1,0,-0.18633540372670798,0.4347826086956522,2.3,0.6211180124223602,1.61
12084870,2025-11-03,20:15:00,Athens,Athens - 1/16-finals,Reilly Opelka,Vit Kopriva,0,0,0,1,0,0.4577620521892967,0.7518796992481203,1.33,0.29411764705882354,3.4
12084593,2025-11-03,21:00:00,Metz,Metz - 1/16-finals,Matteo Berrettini,Quentin Halys,1,0,0,1,0,0.55,0.8,1.25,0.25,4.0
12084654,2025-11-02,09:40:00,Athens,Athens - Final,Alex Molcan,Yannick Hanfmann,0,0,0,1,0,-0.35064935064935066,0.36363636363636365,2.75,0.7142857142857143,1.4
12084655,2025-11-02,11:10:00,Metz,Metz - Final,Jan Choinski,Kyrian Jacquet,1,0,0,1,0,-0.23165384297178793,0.42194092827004215,2.37,0.6535947712418301,1.53
12084715,2025-11-02,11:10:00,Metz,Metz - Final,Vitaliy Sachko,Clement Tabur,0,0,0,1,0,-0.055079559363525155,0.5263157894736842,1.9,0.5813953488372093,1.72
12084735,2025-11-02,12:05:00,Athens,Athens - Final,Shintaro Mochizuki,Mackenzie McDonald,0,0,0,1,0,-0.08139534883720934,0.5,2.0,0.5813953488372093,1.72
12084738,2025-11-02,13:10:00,Metz,Metz - Final,Dan Added,Francesco Passaro,0,0,0,1,0,-0.2666666666666666,0.4,2.5,0.6666666666666666,1.5
12084716,2025-11-02,13:35:00,Metz,Metz - Final,Luca van Assche,Moez Echargui,1,0,0,1,0,0.44418739155581255,0.7518796992481203,1.33,0.3076923076923077,3.25
12084737,2025-11-02,14:10:00,Athens,Athens - Final,Vit Kopriva,Eliot Spizzirri,0,0,0,1,0,-0.4751131221719456,0.29411764705882354,3.4,0.7692307692307692,1.3
12084736,2025-11-02,14:20:00,Athens,Athens - Final,Jan-Lennard Struff,Henry Bernet,1,0,0,1,0,0.35064935064935066,0.7142857142857143,1.4,0.36363636363636365,2.75
12084595,2025-11-02,15:10:00,Metz,Metz - 1/16-finals,Arthur Cazaux,Adrian Mannarino,1,0,0,1,0,0.28498727735368956,0.6666666666666666,1.5,0.38167938931297707,2.62
12084717,2025-11-02,15:15:00,Paris,Paris - Final,Felix Auger-Aliassime,Jannik Sinner,0,0,0,1,0,-0.8009259259259258,0.125,8.0,0.9259259259259258,1.08
12084568,2025-11-02,16:50:00,Athens,Athens - 1/16-finals,Alejandro Tabilo,Adam Walton,1,0,0,1,0,0.3308080808080808,0.6944444444444444,1.44,0.36363636363636365,2.75
12084567,2025-11-02,17:10:00,Athens,Athens - 1/16-finals,Stefanos Sakellaridis,Nuno Borges,0,0,0,1,0,-0.6111111111111112,0.2222222222222222,4.5,0.8333333333333334,1.2
12084592,2025-11-02,17:15:00,Metz,Metz - 1/16-finals,Terence Atmane,Hugo Gaston,0,0,0,1,0,-0.2150017468891935,0.42194092827004215,2.37,0.6369426751592356,1.57
12084566,2025-11-02,18:50:00,Athens,Athens - 1/16-finals,Alexei Popyrin,Sebastian Korda,0,0,0,1,0,-0.2150017468891935,0.42194092827004215,2.37,0.6369426751592356,1.57
12084543,2025-11-01,09:10:00,Athens,Athens - Semi-finals,Yannick Hanfmann,Lukas Klein,1,0,0,1,0,0.19249823071479122,0.6369426751592356,1.57,0.4444444444444444,2.25
12084544,2025-11-01,09:15:00,Athens,Athens - Semi-finals,Filip Misolic,Alex Molcan,0,0,0,1,0,0.08139534883720934,0.5813953488372093,1.72,0.5,2.0
12084546,2025-11-01,10:35:00,Athens,Athens - Semi-finals,Marco Trungelliti,Mackenzie McDonald,0,0,0,1,0,-0.569672131147541,0.25,4.0,0.819672131147541,1.22
12084550,2025-11-01,11:05:00,Metz,Metz - Semi-finals,Jan Choinski,Harold Mayot,1,0,0,1,0,-0.31276505513146735,0.38167938931297707,2.62,0.6944444444444444,1.44
12084551,2025-11-01,11:15:00,Metz,Metz - Semi-finals,Kyrian Jacquet,Andrea Pellegrino,1,0,0,1,0,0.6023864511162433,0.8333333333333334,1.2,0.23094688221709006,4.33
12084545,2025-11-01,11:25:00,Athens,Athens - Semi-finals,Shintaro Mochizuki,Pavlos Tsitsipas,1,0,0,1,0,0.9424799622819424,0.9900990099009901,1.01,0.047619047619047616,21.0
12084552,2025-11-01,12:30:00,Metz,Metz - Semi-finals,Billy Harris,Luca van Assche,0,0,0,1,0,-0.19249823071479122,0.4444444444444444,2.25,0.6369426751592356,1.57
12084547,2025-11-01,12:40:00,Athens,Athens - Semi-finals,Henry Bernet,Agustin Tirante Thiago,1,0,0,1,0,-0.23165384297178793,0.42194092827004215,2.37,0.6535947712418301,1.53
12084553,2025-11-01,13:10:00,Metz,Metz - Semi-finals,Alexander Shevchenko,Vitaliy Sachko,0,0,0,1,0,0.31276505513146735,0.6944444444444444,1.44,0.38167938931297707,2.62
12084555,2025-11-01,14:35:00,Metz,Metz - Semi-finals,Clement Tabur,Nicolai Budkov Kjaer,1,0,0,1,0,-0.2666666666666666,0.4,2.5,0.6666666666666666,1.5
12084479,2025-11-01,14:40:00,Paris,Paris - Semi-finals,Felix Auger-Aliassime,Alexander Bublik,1,0,0,1,0,0.0,0.5263157894736842,1.9,0.5263157894736842,1.9
12084645,2025-11-01,14:40:00,Athens,Athens - Semi-finals,Jan-Lennard Struff,Mark Lajal,1,0,0,1,0,0.19249823071479122,0.6369426751592356,1.57,0.4444444444444444,2.25
12084554,2025-11-01,15:15:00,Metz,Metz - Semi-finals,Tom Paris,Moez Echargui,0,0,0,1,0,-0.19249823071479122,0.4444444444444444,2.25,0.6369426751592356,1.57
12084556,2025-11-01,16:25:00,Metz,Metz - Semi-finals,Arthur Bouquier,Francesco Passaro,0,0,0,1,0,-0.16657255787690567,0.45454545454545453,2.2,0.6211180124223602,1.61
12084549,2025-11-01,16:35:00,Athens,Athens - Semi-finals,Hsin Tseng Chun,Eliot Spizzirri,0,0,0,1,0,-0.6252354048964219,0.2222222222222222,4.5,0.8474576271186441,1.18
12084548,2025-11-01,17:00:00,Athens,Athens - Semi-finals,Vit Kopriva,Jaime Faria,1,0,0,1,0,0.0292397660818714,0.5555555555555556,1.8,0.5263157894736842,1.9
12084575,2025-11-01,17:10:00,Paris,Paris - Semi-finals,Alexander Zverev,Jannik Sinner,0,0,0,1,0,-0.7261904761904762,0.16666666666666666,6.0,0.8928571428571428,1.12
12084557,2025-11-01,17:55:00,Metz,Metz - Semi-finals,Tristan Schoolkate,Dan Added,0,0,0,1,0,0.16657255787690567,0.6211180124223602,1.61,0.45454545454545453,2.2
12084246,2025-10-31,14:15:00,Paris,Paris - Quarter-finals,Valentin Vacherot,Felix Auger-Aliassime,0,0,0,1,0,-0.2150017468891935,0.42194092827004215,2.37,0.6369426751592356,1.57
12084247,2025-10-31,15:50:00,Paris,Paris - Quarter-finals,Alexander Bublik,Alex De Minaur,1,0,0,1,0,-0.10520487264673317,0.47619047619047616,2.1,0.5813953488372093,1.72
12084365,2025-10-31,19:10:00,Paris,Paris - Quarter-finals,Ben Shelton,Jannik Sinner,0,0,0,1,0,-0.6620689655172414,0.2,5.0,0.8620689655172414,1.16
12084391,2025-10-31,20:40:00,Paris,Paris - Quarter-finals,Daniil Medvedev,Alexander Zverev,0,0,0,1,0,0.10520487264673317,0.5813953488372093,1.72,0.47619047619047616,2.1
12083829,2025-10-30,11:10:00,Paris,Paris - 1/8-finals,Cameron Norrie,Valentin Vacherot,0,0,0,1,0,-0.10520487264673317,0.47619047619047616,2.1,0.5813953488372093,1.72
12083883,2025-10-30,13:10:00,Paris,Paris - 1/8-finals,Felix Auger-Aliassime,Daniel Altmaier,1,0,0,1,0,0.3308080808080808,0.6944444444444444,1.44,0.36363636363636365,2.75
12083680,2025-10-30,14:40:00,Paris,Paris - 1/8-finals,Ben Shelton,Andrey Rublev,1,0,0,1,0,0.1478641840087624,0.6024096385542169,1.66,0.45454545454545453,2.2
12084089,2025-10-30,16:10:00,Paris,Paris - 1/8-finals,Taylor Fritz,Alexander Bublik,0,0,0,1,0,0.10520487264673317,0.5813953488372093,1.72,0.47619047619047616,2.1
12084118,2025-10-30,16:40:00,Paris,Paris - 1/8-finals,Karen Khachanov,Alex De Minaur,0,0,0,1,0,-0.1478641840087624,0.45454545454545453,2.2,0.6024096385542169,1.66
12083884,2025-10-30,18:10:00,Paris,Paris - 1/8-finals,Lorenzo Sonego,Daniil Medvedev,0,0,0,1,0,-0.588725248930451,0.23094688221709006,4.33,0.819672131147541,1.22
12083885,2025-10-30,19:10:00,Paris,Paris - 1/8-finals,Francisco Cerundolo,Jannik Sinner,0,0,0,1,0,-0.8846153846153846,0.07692307692307693,13.0,0.9615384615384615,1.04
12083886,2025-10-30,21:00:00,Paris,Paris - 1/8-finals,Alejandro Davidovich Fokina,Alexander Zverev,0,0,0,1,0,-0.3308080808080808,0.36363636363636365,2.75,0.6944444444444444,1.44
12082794,2025-10-29,11:10:00,Paris,Paris - 1/16-finals,Daniel Altmaier,Casper Ruud,1,0,0,1,0,-0.42279411764705876,0.3125,3.2,0.7352941176470588,1.36
12083360,2025-10-29,11:15:00,Paris,Paris - 1/16-finals,Arthur Rinderknech,Valentin Vacherot,0,0,0,1,0,-0.18633540372670798,0.4347826086956522,2.3,0.6211180124223602,1.61
12082854,2025-10-29,12:45:00,Paris,Paris - 1/16-finals,Francisco Cerundolo,Miomir Kecmanovic,1,0,0,1,0,0.380952380952381,0.7142857142857143,1.4,0.3333333333333333,3.0
12083358,2025-10-29,12:55:00,Paris,Paris - 1/16-finals,Felix Auger-Aliassime,Alexandre Muller,1,0,0,1,0,0.55,0.8,1.25,0.25,4.0
12083414,2025-10-29,14:15:00,Paris,Paris - 1/16-finals,Grigor Dimitrov,Daniil Medvedev,0,0,0,1,0,-0.48351648351648346,0.2857142857142857,3.5,0.7692307692307692,1.3
12083361,2025-10-29,14:30:00,Paris,Paris - 1/16-finals,Camilo Ugo Carabelli,Alexander Zverev,0,0,0,1,0,-0.9042071197411004,0.06666666666666667,15.0,0.970873786407767,1.03
12083413,2025-10-29,16:15:00,Paris,Paris - 1/16-finals,Alejandro Davidovich Fokina,Arthur Cazaux,1,0,0,1,0,0.3308080808080808,0.6944444444444444,1.44,0.36363636363636365,2.75
12082853,2025-10-29,17:30:00,Paris,Paris - 1/16-finals,Zizou Bergs,Jannik Sinner,0,0,0,1,0,-0.9277605779153766,0.05263157894736842,19.0,0.9803921568627451,1.02
12082855,2025-10-29,18:40:00,Paris,Paris - 1/16-finals,Lorenzo Musetti,Lorenzo Sonego,0,0,0,1,0,0.48351648351648346,0.7692307692307692,1.3,0.2857142857142857,3.5
12083416,2025-10-29,19:35:00,Paris,Paris - 1/16-finals,Corentin Moutet,Alexander Bublik,0,0,0,1,0,-0.18633540372670798,0.4347826086956522,2.3,0.6211180124223602,1.61
12083359,2025-10-29,20:55:00,Paris,Paris - 1/16-finals,Gabriel Diallo,Alex De Minaur,0,0,0,1,0,-0.48351648351648346,0.2857142857142857,3.5,0.7692307692307692,1.3
12083415,2025-10-29,21:35:00,Paris,Paris - 1/16-finals,Karen Khachanov,Joao Fonseca,1,0,0,1,0,0.10520487264673317,0.5813953488372093,1.72,0.47619047619047616,2.1
12082284,2025-10-28,11:00:00,Paris,ATP Paris - 1/32-finals,Alejandro Davidovich Fokina,Ugo Humbert,0,0,0,1,0,-0.059044517248851514,0.49535603715170284,2.01875,0.5544005544005544,1.8037500000000002
12082285,2025-10-28,11:10:00,Paris,Paris - 1/32-finals,Tallon Griekspoor,Gabriel Diallo,0,0,0,1,0,0.10520487264673317,0.5813953488372093,1.72,0.47619047619047616,2.1
12082296,2025-10-28,11:10:00,Paris,Paris - 1/32-finals,Valentin Vacherot,Jiri Lehecka,1,0,0,1,0,-0.3308080808080808,0.36363636363636365,2.75,0.6944444444444444,1.44
12082699,2025-10-28,11:10:00,Paris,Paris - 1/32-finals,Felix Auger-Aliassime,Francisco Comesana,1,0,0,1,0,0.6111111111111112,0.8333333333333334,1.2,0.2222222222222222,4.5
12082700,2025-10-28,11:10:00,Paris,Paris - 1/32-finals,Martin Etcheverry Tomas,Camilo Ugo Carabelli,0,0,0,1,0,0.6953748006379585,0.8771929824561404,1.14,0.18181818181818182,5.5
12082701,2025-10-28,12:25:00,Paris,Paris - 1/32-finals,Corentin Moutet,Reilly Opelka,1,0,0,1,0,0.3308080808080808,0.6944444444444444,1.44,0.36363636363636365,2.75
12082294,2025-10-28,13:45:00,Paris,Paris - 1/32-finals,Denis Shapovalov,Joao Fonseca,0,0,0,1,0,-0.18633540372670798,0.4347826086956522,2.3,0.6211180124223602,1.61
12082291,2025-10-28,14:55:00,Paris,Paris - 1/32-finals,Jaume Munar,Daniil Medvedev,0,0,0,1,0,-0.380952380952381,0.3333333333333333,3.0,0.7142857142857143,1.4
12082850,2025-10-28,16:15:00,Paris,Paris - 1/32-finals,Alejandro Davidovich Fokina,Valentin Royer,1,0,0,1,0,0.3308080808080808,0.6944444444444444,1.44,0.36363636363636365,2.75
12082795,2025-10-28,18:30:00,Paris,Paris - 1/16-finals,Ben Shelton,Flavio Cobolli,1,0,0,1,0,0.0,0.5263157894736842,1.9,0.5263157894736842,1.9
12082793,2025-10-28,19:10:00,Paris,Paris - 1/16-finals,Carlos Alcaraz,Cameron Norrie,0,0,0,1,0,0.8614718614718614,0.9523809523809523,1.05,0.09090909090909091,11.0
12082851,2025-10-28,20:25:00,Paris,Paris - 1/16-finals,Learner Tien,Andrey Rublev,0,0,0,1,0,0.0,0.5263157894736842,1.9,0.5263157894736842,1.9
12082852,2025-10-28,21:50:00,Paris,Paris - 1/16-finals,Taylor Fritz,Aleksandar Vukic,1,0,0,1,0,0.7261904761904762,0.8928571428571428,1.12,0.16666666666666666,6.0
12082286,2025-10-27,11:00:00,Paris,ATP Paris - 1/32-finals,Karen Khachanov,Benjamin Bonzi,0,0,0,1,0,0.28498727735368956,0.6666666666666666,1.5,0.38167938931297707,2.62
12082287,2025-10-27,11:00:00,Paris,ATP Paris - 1/32-finals,Jakub Mensik,Francisco Cerundolo,0,0,0,1,0,0.1478641840087624,0.6024096385542169,1.66,0.45454545454545453,2.2
12082281,2025-10-27,11:10:00,Paris,Paris - 1/32-finals,Daniel Altmaier,Marcos Giron,1,0,0,1,0,-0.25359477124183005,0.4,2.5,0.6535947712418301,1.53
12082282,2025-10-27,11:10:00,Paris,Paris - 1/32-finals,Flavio Cobolli,Tomas Machac,1,0,0,1,0,0.1478641840087624,0.6024096385542169,1.66,0.45454545454545453,2.2
12082283,2025-10-27,11:15:00,Paris,Paris - 1/32-finals,Luciano Darderi,Arthur Cazaux,0,0,0,1,0,-0.380952380952381,0.3333333333333333,3.0,0.7142857142857143,1.4
12082292,2025-10-27,12:25:00,Paris,Paris - 1/32-finals,Cameron Norrie,Sebastian Baez,1,0,0,1,0,0.588725248930451,0.819672131147541,1.22,0.23094688221709006,4.33
12082295,2025-10-27,13:05:00,Paris,Paris - 1/32-finals,Learner Tien,Nuno Borges,1,0,0,1,0,0.25359477124183005,0.6535947712418301,1.53,0.4,2.5
12082359,2025-10-27,13:40:00,Paris,Paris - 1/32-finals,Fabian Marozsan,Arthur Rinderknech,0,0,0,1,0,-0.10520487264673317,0.47619047619047616,2.1,0.5813953488372093,1.72
12082695,2025-10-27,14:05:00,Paris,Paris - 1/32-finals,Aleksandar Vukic,Terence Atmane,1,0,0,1,0,0.0,0.5263157894736842,1.9,0.5263157894736842,1.9
12082696,2025-10-27,14:35:00,Paris,Paris - 1/32-finals,Aleksandar Kovacevic,Miomir Kecmanovic,0,0,0,1,0,-0.18633540372670798,0.4347826086956522,2.3,0.6211180124223602,1.61
12082693,2025-10-27,14:45:00,Paris,Paris - 1/32-finals,Francisco Cerundolo,Damir Dzumhur,1,0,0,1,0,0.4577620521892967,0.7518796992481203,1.33,0.29411764705882354,3.4
12082694,2025-10-27,16:10:00,Paris,Paris - 1/32-finals,Jacob Fearnley,Andrey Rublev,0,0,0,1,0,-0.1478641840087624,0.45454545454545453,2.2,0.6024096385542169,1.66
12082288,2025-10-27,16:20:00,Paris,Paris - 1/32-finals,Alex Michelsen,Zizou Bergs,0,0,0,1,0,0.0,0.5263157894736842,1.9,0.5263157894736842,1.9
12082293,2025-10-27,16:20:00,Paris,Paris - 1/32-finals,Alexei Popyrin,Alexander Bublik,0,0,0,1,0,-0.380952380952381,0.3333333333333333,3.0,0.7142857142857143,1.4
12082697,2025-10-27,17:10:00,Paris,Paris - 1/32-finals,Lorenzo Sonego,Sebastian Korda,1,0,0,1,0,-0.3308080808080808,0.36363636363636365,2.75,0.6944444444444444,1.44
12082290,2025-10-27,17:55:00,Paris,Paris - 1/32-finals,Alexandre Muller,Brandon Nakashima,1,0,0,1,0,-0.5145833333333334,0.26666666666666666,3.75,0.78125,1.28
12082289,2025-10-27,19:10:00,Paris,Paris - 1/32-finals,Giovanni Mpetshi Perricard,Grigor Dimitrov,0,0,0,1,0,0.18633540372670798,0.6211180124223602,1.61,0.4347826086956522,2.3
12082698,2025-10-27,21:05:00,Paris,Paris - 1/32-finals,Karen Khachanov,Ethan Quinn,1,0,0,1,0,0.380952380952381,0.7142857142857143,1.4,0.3333333333333333,3.0
12082463,2025-10-26,11:05:00,Paris,Paris - Final,Sebastian Korda,Valentin Royer,1,0,0,1,0,0.19249823071479122,0.6369426751592356,1.57,0.4444444444444444,2.25
12082386,2025-10-26,11:10:00,Paris,Paris - Final,Botic Van De Zandschulp,Ethan Quinn,0,0,0,1,0,0.23165384297178793,0.6535947712418301,1.53,0.42194092827004215,2.37
12082462,2025-10-26,13:05:00,Paris,Paris - Final,Damir Dzumhur,Aleksandar Kovacevic,1,0,0,1,0,-0.0292397660818714,0.5263157894736842,1.9,0.5555555555555556,1.8
12082492,2025-10-26,13:40:00,Paris,Paris - Final,Francisco Comesana,David Goffin,1,0,0,1,0,-0.12621916236374076,0.47619047619047616,2.1,0.6024096385542169,1.66
12082489,2025-10-26,14:10:00,Vienna,Vienna - Final,Jannik Sinner,Alexander Zverev,1,0,0,1,0,0.7662337662337662,0.9090909090909091,1.1,0.14285714285714285,7.0
12082494,2025-10-26,15:00:00,Paris,Paris - Final,Yannick Hanfmann,Jacob Fearnley,0,0,0,1,0,-0.19249823071479122,0.4444444444444444,2.25,0.6369426751592356,1.57
12082491,2025-10-26,15:40:00,Basel,Basel - Final,Alejandro Davidovich Fokina,Joao Fonseca,0,0,0,1,0,-0.10520487264673317,0.47619047619047616,2.1,0.5813953488372093,1.72
12082493,2025-10-26,16:10:00,Paris,Paris - Final,Martin Etcheverry Tomas,Jesper De Jong,1,0,0,1,0,0.2666666666666666,0.6666666666666666,1.5,0.4,2.5
12082495,2025-10-26,16:15:00,Paris,Paris - Final,Reilly Opelka,Aleksandar Vukic,0,0,0,1,0,0.2666666666666666,0.6666666666666666,1.5,0.4,2.5
12082301,2025-10-25,10:40:00,Paris,Paris - Semi-finals,Ugo Blanchet,Ethan Quinn,0,0,0,1,0,-0.16657255787690567,0.45454545454545453,2.2,0.6211180124223602,1.61
12082302,2025-10-25,10:40:00,Paris,Paris - Semi-finals,Jenson Brooksby,Botic Van De Zandschulp,0,0,0,1,0,0.23165384297178793,0.6535947712418301,1.53,0.42194092827004215,2.37
12082303,2025-10-25,10:40:00,Paris,Paris - Semi-finals,Pierre-Hugues Herbert,Valentin Royer,0,0,0,1,0,-0.35064935064935066,0.36363636363636365,2.75,0.7142857142857143,1.4
12082305,2025-10-25,12:05:00,Paris,Paris - Semi-finals,Kyrian Jacquet,Aleksandar Kovacevic,0,0,0,1,0,-0.19249823071479122,0.4444444444444444,2.25,0.6369426751592356,1.57
12082304,2025-10-25,12:15:00,Paris,Paris - Semi-finals,Damir Dzumhur,Quentin Halys,1,0,0,1,0,-0.0292397660818714,0.5263157894736842,1.9,0.5555555555555556,1.8
12082306,2025-10-25,13:00:00,Paris,Paris - Semi-finals,Sebastian Korda,Vit Kopriva,1,0,0,1,0,0.7662337662337662,0.9090909090909091,1.1,0.14285714285714285,7.0
12082307,2025-10-25,14:10:00,Paris,Paris - Semi-finals,Francisco Comesana,Luca van Assche,1,0,0,1,0,0.08139534883720934,0.5813953488372093,1.72,0.5,2.0
12082308,2025-10-25,14:35:00,Paris,Paris - Semi-finals,Jesper De Jong,Kamil Majchrzak,1,0,0,1,0,-0.35064935064935066,0.36363636363636365,2.75,0.7142857142857143,1.4
12082309,2025-10-25,14:40:00,Paris,Paris - Semi-finals,Aleksandar Vukic,Adam Walton,1,0,0,1,0,0.12621916236374076,0.6024096385542169,1.66,0.47619047619047616,2.1
12082225,2025-10-25,15:10:00,Vienna,Vienna - Semi-finals,Jannik Sinner,Alex De Minaur,1,0,0,1,0,0.7662337662337662,0.9090909090909091,1.1,0.14285714285714285,7.0
12082228,2025-10-25,15:10:00,Basel,Basel - Semi-finals,Joao Fonseca,Jaume Munar,1,0,0,1,0,0.10520487264673317,0.5813953488372093,1.72,0.47619047619047616,2.1
12082312,2025-10-25,15:55:00,Paris,Paris - Semi-finals,David Goffin,Hamad Medjedovic,1,0,0,1,0,-0.31276505513146735,0.38167938931297707,2.62,0.6944444444444444,1.44
12082311,2025-10-25,16:50:00,Paris,Paris - Semi-finals,Jacob Fearnley,Matteo Arnaldi,1,0,0,1,0,0.12621916236374076,0.6024096385542169,1.66,0.47619047619047616,2.1
12082315,2025-10-25,17:05:00,Vienna,Vienna - Semi-finals,Lorenzo Musetti,Alexander Zverev,0,0,0,1,0,0.0,0.5263157894736842,1.9,0.5263157894736842,1.9
12082278,2025-10-25,17:25:00,Basel,Basel - Semi-finals,Ugo Humbert,Alejandro Davidovich Fokina,0,0,0,1,0,0.18633540372670798,0.6211180124223602,1.61,0.4347826086956522,2.3
12082313,2025-10-25,17:30:00,Paris,ATP Paris - Semi-finals,Adrian Mannarino,Alexander Shevchenko,0,0,0,1,0,0.35064935064935066,0.7142857142857143,1.4,0.36363636363636365,2.75
12082310,2025-10-25,17:40:00,Paris,Paris - Semi-finals,Martin Etcheverry Tomas,Pedro Martinez,1,0,0,1,0,0.6023864511162433,0.8333333333333334,1.2,0.23094688221709006,4.33
12082314,2025-10-25,18:40:00,Paris,Paris - Semi-finals,Reilly Opelka,Mattia Bellucci,1,0,0,1,0,0.08139534883720934,0.5813953488372093,1.72,0.5,2.0
12081981,2025-10-24,13:40:00,Vienna,Vienna - Quarter-finals,Alex De Minaur,Matteo Berrettini,1,0,0,1,0,0.4577620521892967,0.7518796992481203,1.33,0.29411764705882354,3.4
12081986,2025-10-24,14:15:00,Basel,Basel - Quarter-finals,Felix Auger-Aliassime,Jaume Munar,0,0,0,1,0,0.5145833333333334,0.78125,1.28,0.26666666666666666,3.75
12081987,2025-10-24,15:40:00,Basel,Basel - Quarter-finals,Joao Fonseca,Denis Shapovalov,1,0,0,1,0,0.05555555555555558,0.5555555555555556,1.8,0.5,2.0
12081982,2025-10-24,15:45:00,Vienna,Vienna - Quarter-finals,Tallon Griekspoor,Alexander Zverev,0,0,0,1,0,-0.3308080808080808,0.36363636363636365,2.75,0.6944444444444444,1.44
12082101,2025-10-24,17:35:00,Vienna,Vienna - Quarter-finals,Jannik Sinner,Alexander Bublik,1,0,0,1,0,0.8433962264150943,0.9433962264150942,1.06,0.1,10.0
12082096,2025-10-24,18:10:00,Basel,Basel - Quarter-finals,Ugo Humbert,Reilly Opelka,1,0,0,1,0,0.380952380952381,0.7142857142857143,1.4,0.3333333333333333,3.0
12081988,2025-10-24,19:50:00,Basel,Basel - Quarter-finals,Casper Ruud,Alejandro Davidovich Fokina,0,0,0,1,0,0.3308080808080808,0.6944444444444444,1.44,0.36363636363636365,2.75
12082102,2025-10-24,20:20:00,Vienna,Vienna - Quarter-finals,Corentin Moutet,Lorenzo Musetti,0,0,0,1,0,-0.28498727735368956,0.38167938931297707,2.62,0.6666666666666666,1.5
12081215,2025-10-23,14:15:00,Basel,Basel - 1/8-finals,Valentin Royer,Denis Shapovalov,0,0,0,1,0,-0.2150017468891935,0.42194092827004215,2.37,0.6369426751592356,1.57
12081635,2025-10-23,17:10:00,Basel,Basel - 1/8-finals,Reilly Opelka,Botic Van De Zandschulp,1,0,0,1,0,-0.05555555555555558,0.5,2.0,0.5555555555555556,1.8
12081636,2025-10-23,18:10:00,Basel,Basel - 1/8-finals,Casper Ruud,Stan Wawrinka,1,0,0,1,0,0.6111111111111112,0.8333333333333334,1.2,0.2222222222222222,4.5
12081632,2025-10-23,20:15:00,Vienna,Vienna - 1/8-finals,Jannik Sinner,Flavio Cobolli,1,0,0,1,0,0.9215686274509803,0.9803921568627451,1.02,0.058823529411764705,17.0
12080067,2025-10-22,13:10:00,Vienna,Vienna - 1/16-finals,Tomas Machac,Flavio Cobolli,0,0,0,1,0,0.25359477124183005,0.6535947712418301,1.53,0.4,2.5
12080447,2025-10-22,14:10:00,Basel,Basel - 1/16-finals,Casper Ruud,Quentin Halys,1,0,0,1,0,0.6111111111111112,0.8333333333333334,1.2,0.2222222222222222,4.5
12080068,2025-10-22,15:35:00,Vienna,Vienna - 1/16-finals,Daniil Medvedev,Nuno Borges,1,0,0,1,0,0.6111111111111112,0.8333333333333334,1.2,0.2222222222222222,4.5
12081057,2025-10-22,16:50:00,Vienna,Vienna - 1/8-finals,Tallon Griekspoor,Brandon Nakashima,1,0,0,1,0,0.0,0.5263157894736842,1.9,0.5263157894736842,1.9
12080080,2025-10-21,10:00:00,Basel,ATP Basel - 1/16-finals,Sebastian Baez,Denis Shapovalov,0,0,0,1,0,-0.7261904761904762,0.16666666666666666,6.0,0.8928571428571428,1.12
12080443,2025-10-21,12:05:00,Basel,Basel - 1/16-finals,Sebastian Baez,Reilly Opelka,0,0,0,1,0,-0.42279411764705876,0.3125,3.2,0.7352941176470588,1.36
12080074,2025-10-21,13:40:00,Vienna,Vienna - 1/16-finals,Camilo Ugo Carabelli,Filip Misolic,0,0,0,1,0,-0.380952380952381,0.3333333333333333,3.0,0.7142857142857143,1.4
12080444,2025-10-21,17:35:00,Basel,Basel - 1/16-finals,Marcos Giron,Denis Shapovalov,0,0,0,1,0,-0.1478641840087624,0.45454545454545453,2.2,0.6024096385542169,1.66
12080081,2025-10-20,14:10:00,Basel,Basel - 1/16-finals,Jenson Brooksby,Alexandre Muller,1,0,0,1,0,0.42279411764705876,0.7352941176470588,1.36,0.3125,3.2
12080064,2025-10-20,17:35:00,Vienna,Vienna - 1/16-finals,Alex De Minaur,Jurij Rodionov,1,0,0,1,0,0.8614718614718614,0.9523809523809523,1.05,0.09090909090909091,11.0
12080066,2025-10-20,20:20:00,Vienna,Vienna - 1/16-finals,Karen Khachanov,Tallon Griekspoor,0,0,0,1,0,0.25359477124183005,0.6535947712418301,1.53,0.4,2.5
12080057,2025-10-19,15:10:00,Stockholm,Stockholm - Final,Ugo Humbert,Casper Ruud,0,0,0,1,0,-0.2150017468891935,0.42194092827004215,2.37,0.6369426751592356,1.57
12080078,2025-10-19,15:10:00,Basel,Basel - Final,Reilly Opelka,Botic Van De Zandschulp,1,0,0,1,0,-0.19249823071479122,0.4444444444444444,2.25,0.6369426751592356,1.57
12079980,2025-10-18,12:50:00,Basel,Basel - Semi-finals,Adrian Mannarino,Remy Bertola,0,0,0,1,0,0.7261904761904762,0.8928571428571428,1.12,0.16666666666666666,6.0
12079981,2025-10-18,13:15:00,Basel,Basel - Semi-finals,Alexander Shevchenko,Quentin Halys,0,0,0,1,0,-0.08139534883720934,0.5,2.0,0.5813953488372093,1.72
12079983,2025-10-18,14:10:00,Basel,Basel - Semi-finals,Reilly Opelka,Mika Brunold,1,0,0,1,0,0.31276505513146735,0.6944444444444444,1.44,0.38167938931297707,2.62
12079990,2025-10-18,14:10:00,Vienna,Vienna - Semi-finals,Damir Dzumhur,Aleksandar Vukic,1,0,0,1,0,-0.12621916236374076,0.47619047619047616,2.1,0.6024096385542169,1.66
12079988,2025-10-18,14:25:00,Vienna,Vienna - Semi-finals,Jesper De Jong,Matteo Arnaldi,0,0,0,1,0,-0.16657255787690567,0.45454545454545453,2.2,0.6211180124223602,1.61
12079935,2025-10-18,14:45:00,Stockholm,Stockholm - Semi-finals,Holger Rune,Ugo Humbert,0,0,0,1,0,-0.05555555555555558,0.5,2.0,0.5555555555555556,1.8
12080006,2025-10-18,18:05:00,Stockholm,Stockholm - Semi-finals,Denis Shapovalov,Casper Ruud,0,0,0,1,0,-0.25359477124183005,0.4,2.5,0.6535947712418301,1.53
12079537,2025-10-17,08:10:00,Almaty,Almaty - Quarter-finals,James Duckworth,Flavio Cobolli,1,0,0,1,0,-0.380952380952381,0.3333333333333333,3.0,0.7142857142857143,1.4
12079818,2025-10-17,15:10:00,Stockholm,Stockholm - Quarter-finals,Holger Rune,Martin Etcheverry Tomas,1,0,0,1,0,0.55,0.8,1.25,0.25,4.0
12079603,2025-10-17,18:40:00,Stockholm,Stockholm - Quarter-finals,Sebastian Korda,Casper Ruud,0,0,0,1,0,-0.18633540372670798,0.4347826086956522,2.3,0.6211180124223602,1.61
12079854,2025-10-17,21:30:00,Stockholm,Stockholm - Quarter-finals,Elias Ymer,Denis Shapovalov,0,0,0,1,0,-0.55,0.25,4.0,0.8,1.25
12079440,2025-10-16,08:10:00,Almaty,Almaty - 1/8-finals,Aleksandar Vukic,Alex Michelsen,0,0,0,1,0,-0.25359477124183005,0.4,2.5,0.6535947712418301,1.53
12079468,2025-10-16,13:40:00,Brussels,Brussels - 1/8-finals,Nikoloz Basilashvili,Giovanni Mpetshi Perricard,0,0,0,1,0,-0.25359477124183005,0.4,2.5,0.6535947712418301,1.53
12079439,2025-10-16,16:15:00,Almaty,Almaty - 1/8-finals,Karen Khachanov,Jan-Lennard Struff,0,0,0,1,0,0.3308080808080808,0.6944444444444444,1.44,0.36363636363636365,2.75
12079465,2025-10-16,19:05:00,Stockholm,Stockholm - 1/8-finals,Holger Rune,Marton Fucsovics,1,0,0,1,0,0.28498727735368956,0.6666666666666666,1.5,0.38167938931297707,2.62
12078744,2025-10-15,11:10:00,Brussels,Brussels - 1/16-finals,Quentin Halys,Nikoloz Basilashvili,0,0,0,1,0,0.05555555555555558,0.5555555555555556,1.8,0.5,2.0
12079138,2025-10-15,12:40:00,Almaty,Almaty - 1/8-finals,Rinky Hijikata,Flavio Cobolli,0,0,0,1,0,-0.3308080808080808,0.36363636363636365,2.75,0.6944444444444444,1.44
12079215,2025-10-15,12:40:00,Almaty,Almaty - 1/8-finals,Alexander Shevchenko,Corentin Moutet,0,0,0,1,0,-0.380952380952381,0.3333333333333333,3.0,0.7142857142857143,1.4
12078403,2025-10-15,13:10:00,Stockholm,Stockholm - 1/16-finals,Aleksandar Kovacevic,Camilo Ugo Carabelli,1,0,0,1,0,0.42279411764705876,0.7352941176470588,1.36,0.3125,3.2
12078400,2025-10-15,15:35:00,Stockholm,Stockholm - 1/16-finals,Jesper De Jong,Marton Fucsovics,0,0,0,1,0,-0.18633540372670798,0.4347826086956522,2.3,0.6211180124223602,1.61
12079147,2025-10-15,18:55:00,Stockholm,Stockholm - 1/8-finals,Marin Cilic,Casper Ruud,0,0,0,1,0,-0.2150017468891935,0.42194092827004215,2.37,0.6369426751592356,1.57
12078986,2025-10-15,21:05:00,Stockholm,Stockholm - 1/8-finals,Leo Borg,Denis Shapovalov,0,0,0,1,0,-0.8234683281412254,0.1111111111111111,9.0,0.9345794392523364,1.07
12078632,2025-10-14,08:05:00,Almaty,Almaty - 1/16-finals,Aleksandar Vukic,Marko Topo,1,0,0,1,0,0.3308080808080808,0.6944444444444444,1.44,0.36363636363636365,2.75
12078274,2025-10-14,09:30:00,Almaty,ATP Almaty - 1/16-finals,Nicolas Jarry,Timofey Skatov,0,0,0,1,0,0.05555555555555558,0.5555555555555556,1.8,0.5,2.0
12079100,2025-10-14,10:30:00,Almaty,Almaty - 1/16-finals,Rinky Hijikata,Timofey Skatov,1,0,0,1,0,0.28498727735368956,0.6666666666666666,1.5,0.38167938931297707,2.62
12078273,2025-10-14,16:10:00,Almaty,Almaty - 1/16-finals,Laslo Djere,Alexander Shevchenko,0,0,0,1,0,-0.18633540372670798,0.4347826086956522,2.3,0.6211180124223602,1.61
12078651,2025-10-14,20:15:00,Stockholm,Stockholm - 1/16-finals,Matteo Berrettini,Giulio Zeppieri,1,0,0,1,0,0.2150017468891935,0.6369426751592356,1.57,0.42194092827004215,2.37
12078275,2025-10-13,08:10:00,Almaty,Almaty - 1/16-finals,Fabian Marozsan,Luca Nardi,1,0,0,1,0,0.380952380952381,0.7142857142857143,1.4,0.3333333333333333,3.0
12078588,2025-10-13,11:10:00,Brussels,Brussels - Final,Nikoloz Basilashvili,Pierre-Hugues Herbert,1,0,0,1,0,0.12621916236374076,0.6024096385542169,1.66,0.47619047619047616,2.1
12078402,2025-10-13,13:10:00,Stockholm,Stockholm - 1/16-finals,Miomir Kecmanovic,Alexandre Muller,1,0,0,1,0,0.25359477124183005,0.6535947712418301,1.53,0.4,2.5
12078401,2025-10-13,14:55:00,Stockholm,Stockholm - 1/16-finals,Tallon Griekspoor,Jacob Fearnley,0,0,0,1,0,0.3308080808080808,0.6944444444444444,1.44,0.36363636363636365,2.75
12078396,2025-10-13,17:15:00,Brussels,Brussels - 1/16-finals,Reilly Opelka,Benjamin Bonzi,0,0,0,1,0,-0.10520487264673317,0.47619047619047616,2.1,0.5813953488372093,1.72
12078398,2025-10-13,20:45:00,Stockholm,Stockholm - 1/16-finals,Leo Borg,Sebastian Ofner,1,0,0,1,0,-0.6111111111111112,0.2222222222222222,4.5,0.8333333333333334,1.2
12078343,2025-10-12,11:40:00,Brussels,Brussels - Semi-finals,Jurij Rodionov,Pierre-Hugues Herbert,0,0,0,1,0,0.12621916236374076,0.6024096385542169,1.66,0.47619047619047616,2.1
12078344,2025-10-12,12:05:00,Brussels,Brussels - Semi-finals,Nikoloz Basilashvili,Alessio Basile,1,0,0,1,0,0.9042071197411004,0.970873786407767,1.03,0.06666666666666667,15.0
12078345,2025-10-12,13:35:00,Brussels,Brussels - Semi-finals,Eliot Spizzirri,Zsombor Piros,1,0,0,1,0,0.08139534883720934,0.5813953488372093,1.72,0.5,2.0
12078231,2025-10-12,14:05:00,Stockholm,Stockholm - Final,Patrick Zahraj,Giulio Zeppieri,0,0,0,1,0,-0.5333333333333334,0.26666666666666666,3.75,0.8,1.25
12078133,2025-10-11,12:30:00,Stockholm,Stockholm - Semi-finals,Vitaliy Sachko,Giulio Zeppieri,0,0,0,1,0,-0.2666666666666666,0.4,2.5,0.6666666666666666,1.5
12077563,2025-10-09,09:10:00,Shanghai,Shanghai - Quarter-finals,Holger Rune,Valentin Vacherot,0,0,0,1,0,0.55,0.8,1.25,0.25,4.0
12076989,2025-10-08,08:40:00,Shanghai,Shanghai - 1/8-finals,Nuno Borges,Alex De Minaur,0,0,0,1,0,-0.7261904761904762,0.16666666666666666,6.0,0.8928571428571428,1.12
12076836,2025-10-07,09:50:00,Shanghai,Shanghai - 1/8-finals,Giovanni Mpetshi Perricard,Holger Rune,0,0,0,1,0,-0.28498727735368956,0.38167938931297707,2.62,0.6666666666666666,1.5
12076953,2025-10-07,16:20:00,Shanghai,Shanghai - 1/8-finals,Valentin Vacherot,Tallon Griekspoor,1,0,0,1,0,-0.18633540372670798,0.4347826086956522,2.3,0.6211180124223602,1.61
12076591,2025-10-06,06:40:00,Shanghai,Shanghai - 1/16-finals,Felix Auger-Aliassime,Jesper De Jong,1,0,0,1,0,0.588725248930451,0.819672131147541,1.22,0.23094688221709006,4.33
12076769,2025-10-06,08:30:00,Shanghai,Shanghai - 1/16-finals,Juncheng Shang,Nuno Borges,0,0,0,1,0,0.18633540372670798,0.6211180124223602,1.61,0.4347826086956522,2.3
12076585,2025-10-06,08:45:00,Shanghai,Shanghai - 1/16-finals,Denis Shapovalov,Jiri Lehecka,0,0,0,1,0,-0.2150017468891935,0.42194092827004215,2.37,0.6369426751592356,1.57
12076451,2025-10-05,06:40:00,Shanghai,Shanghai - 1/16-finals,Ugo Humbert,Holger Rune,0,0,0,1,0,-0.28498727735368956,0.38167938931297707,2.62,0.6666666666666666,1.5
12076651,2025-10-05,15:45:00,Shanghai,Shanghai - 1/16-finals,Tallon Griekspoor,Jannik Sinner,1,0,0,1,0,-0.9277605779153766,0.05263157894736842,19.0,0.9803921568627451,1.02
12076251,2025-10-04,06:40:00,Shanghai,Shanghai - 1/32-finals,Camilo Ugo Carabelli,Alex De Minaur,0,0,0,1,0,-0.9042071197411004,0.06666666666666667,15.0,0.970873786407767,1.03
12076258,2025-10-04,08:20:00,Shanghai,Shanghai - 1/32-finals,Denis Shapovalov,Christopher O'Connell,1,0,0,1,0,0.380952380952381,0.7142857142857143,1.4,0.3333333333333333,3.0
12076291,2025-10-04,08:20:00,Shanghai,Shanghai - 1/32-finals,Jesper De Jong,Jakub Mensik,1,0,0,1,0,-0.3308080808080808,0.36363636363636365,2.75,0.6944444444444444,1.44
12076255,2025-10-04,12:15:00,Shanghai,ATP Shanghai - 1/32-finals,Nuno Borges,Stefanos Tsitsipas,0,0,0,1,0,-0.05555555555555558,0.5,2.0,0.5555555555555556,1.8
12076582,2025-10-04,13:35:00,Shanghai,Shanghai - 1/32-finals,Nuno Borges,Aleksandar Vukic,1,0,0,1,0,0.3308080808080808,0.6944444444444444,1.44,0.36363636363636365,2.75
12076398,2025-10-04,14:35:00,Shanghai,Shanghai - 1/32-finals,Karen Khachanov,Juncheng Shang,0,0,0,1,0,0.2150017468891935,0.6369426751592356,1.57,0.42194092827004215,2.37
12075988,2025-10-03,08:25:00,Shanghai,Shanghai - 1/32-finals,Francisco Cerundolo,Adrian Mannarino,1,0,0,1,0,0.0,0.5263157894736842,1.9,0.5263157894736842,1.9
12075942,2025-10-03,08:35:00,Shanghai,Shanghai - 1/32-finals,Ugo Humbert,Jordan Thompson,1,0,0,1,0,0.18633540372670798,0.6211180124223602,1.61,0.4347826086956522,2.3
12076141,2025-10-03,08:35:00,Shanghai,Shanghai - 1/32-finals,Sebastian Baez,Holger Rune,0,0,0,1,0,-0.6620689655172414,0.2,5.0,0.8620689655172414,1.16
12075944,2025-10-03,11:00:00,Shanghai,Shanghai - 1/32-finals,Luca Nardi,Giovanni Mpetshi Perricard,0,0,0,1,0,-0.25359477124183005,0.4,2.5,0.6535947712418301,1.53
12076254,2025-10-03,12:45:00,Shanghai,Shanghai - 1/32-finals,Tallon Griekspoor,Jenson Brooksby,1,0,0,1,0,-0.3308080808080808,0.36363636363636365,2.75,0.6944444444444444,1.44
12075943,2025-10-03,12:55:00,Shanghai,Shanghai - 1/32-finals,Jaume Munar,Flavio Cobolli,1,0,0,1,0,-0.10520487264673317,0.47619047619047616,2.1,0.5813953488372093,1.72
12075986,2025-10-03,14:00:00,Shanghai,Shanghai - 1/32-finals,Zizou Bergs,Casper Ruud,1,0,0,1,0,-0.4577620521892967,0.29411764705882354,3.4,0.7518796992481203,1.33
12075151,2025-10-02,06:40:00,Shanghai,Shanghai - 1/64-finals,Camilo Ugo Carabelli,Terence Atmane,1,0,0,1,0,-0.6111111111111112,0.2222222222222222,4.5,0.8333333333333334,1.2
12075152,2025-10-02,06:40:00,Shanghai,Shanghai - 1/64-finals,Botic Van De Zandschulp,Nuno Borges,0,0,0,1,0,0.05555555555555558,0.5555555555555556,1.8,0.5,2.0
12075139,2025-10-02,08:05:00,Shanghai,Shanghai - 1/64-finals,Damir Dzumhur,Christopher O'Connell,0,0,0,1,0,-0.18633540372670798,0.4347826086956522,2.3,0.6211180124223602,1.61
12075148,2025-10-02,08:15:00,Shanghai,Shanghai - 1/64-finals,Reilly Opelka,Benjamin Bonzi,0,0,0,1,0,0.10520487264673317,0.5813953488372093,1.72,0.47619047619047616,2.1
12075155,2025-10-02,08:40:00,Shanghai,Shanghai - 1/64-finals,Yi Zhou,Jesper De Jong,0,0,0,1,0,-0.3308080808080808,0.36363636363636365,2.75,0.6944444444444444,1.44
12075136,2025-10-02,14:50:00,Shanghai,Shanghai - 1/64-finals,Yunchaokete Bu,Manuel Cerundolo Juan,1,0,0,1,0,0.28498727735368956,0.6666666666666666,1.5,0.38167938931297707,2.62
12075140,2025-10-01,06:40:00,Shanghai,Shanghai - 1/64-finals,David Goffin,Alexandre Muller,1,0,0,1,0,-0.05555555555555558,0.5,2.0,0.5555555555555556,1.8
12075147,2025-10-01,06:40:00,Shanghai,Shanghai - 1/64-finals,Sebastian Ofner,Luca Nardi,0,0,0,1,0,-0.1478641840087624,0.45454545454545453,2.2,0.6024096385542169,1.66
12075623,2025-10-01,08:20:00,Shanghai,Shanghai - 1/64-finals,Jordan Thompson,August Holmgren,1,0,0,1,0,0.380952380952381,0.7142857142857143,1.4,0.3333333333333333,3.0
12075144,2025-10-01,09:05:00,Shanghai,Shanghai - 1/64-finals,Adrian Mannarino,Matteo Berrettini,1,0,0,1,0,-0.1478641840087624,0.45454545454545453,2.2,0.6024096385542169,1.66
12075621,2025-10-01,09:50:00,Shanghai,Shanghai - 1/64-finals,Marin Cilic,Nikoloz Basilashvili,1,0,0,1,0,-0.05555555555555558,0.5,2.0,0.5555555555555556,1.8
12075625,2025-10-01,10:30:00,Shanghai,Shanghai - 1/64-finals,Yoshihito Nishioka,Alexander Shevchenko,1,0,0,1,0,0.18633540372670798,0.6211180124223602,1.61,0.4347826086956522,2.3
12075161,2025-09-30,07:50:00,Shanghai,Shanghai - Final,Nikoloz Basilashvili,Eliot Spizzirri,1,0,0,1,0,0.0,0.5464480874316939,1.83,0.5464480874316939,1.83
12075209,2025-09-30,09:35:00,Shanghai,Shanghai - Final,Yannick Hanfmann,Jason Kubler,1,0,0,1,0,0.16657255787690567,0.6211180124223602,1.61,0.45454545454545453,2.2
12075211,2025-09-30,12:05:00,Shanghai,Shanghai - Final,Aleksandar Vukic,Yoshihito Nishioka,0,0,0,1,0,-0.0292397660818714,0.5263157894736842,1.9,0.5555555555555556,1.8
12074967,2025-09-29,06:10:00,Shanghai,Shanghai - Semi-finals,Dalibor Svrcina,Giulio Zeppieri,1,0,0,1,0,-0.23165384297178793,0.42194092827004215,2.37,0.6535947712418301,1.53
12074970,2025-09-29,08:35:00,Shanghai,Shanghai - Semi-finals,August Holmgren,Hsin Tseng Chun,1,0,0,1,0,-0.08139534883720934,0.5,2.0,0.5813953488372093,1.72
12074976,2025-09-29,09:45:00,Shanghai,Shanghai - Semi-finals,Nikoloz Basilashvili,Bernard Tomic,1,0,0,1,0,0.0292397660818714,0.5555555555555556,1.8,0.5263157894736842,1.9
12074987,2025-09-29,11:10:00,Tokyo,Tokyo - Semi-finals,Carlos Alcaraz,Casper Ruud,1,0,0,1,0,0.747054747054747,0.9009009009009008,1.11,0.15384615384615385,6.5
12074981,2025-09-29,11:45:00,Shanghai,Shanghai - Semi-finals,Jason Kubler,Coleman Wong Chak Lam,1,0,0,1,0,-0.19249823071479122,0.4444444444444444,2.25,0.6369426751592356,1.57
12074984,2025-09-29,11:55:00,Shanghai,ATP Shanghai - Semi-finals,Yoshihito Nishioka,Zsombor Piros,0,0,0,1,0,0.08139534883720934,0.5813953488372093,1.72,0.5,2.0
12074986,2025-09-29,13:30:00,Shanghai,ATP Shanghai - Semi-finals,Aleksandar Vukic,Lloyd Harris,0,0,0,1,0,0.0292397660818714,0.5555555555555556,1.8,0.5263157894736842,1.9
12075157,2025-09-29,14:20:00,Shanghai,Shanghai - Semi-finals,Aleksandar Vukic,Marc-Andrea Huesler,1,0,0,1,0,0.35064935064935066,0.7142857142857143,1.4,0.36363636363636365,2.75
12074610,2025-09-28,05:10:00,ATP Beijing,Beijing - 1/8-finals,Flavio Cobolli,Learner Tien,0,0,0,1,0,0.25359477124183005,0.6535947712418301,1.53,0.4,2.5
12074753,2025-09-28,06:45:00,Tokyo,Tokyo - Quarter-finals,Jenson Brooksby,Holger Rune,1,0,0,1,0,-0.380952380952381,0.3333333333333333,3.0,0.7142857142857143,1.4
12074704,2025-09-28,07:45:00,ATP Beijing,Beijing - 1/8-finals,Adrian Mannarino,Lorenzo Musetti,0,0,0,1,0,-0.3308080808080808,0.36363636363636365,2.75,0.6944444444444444,1.44
12074642,2025-09-28,09:10:00,Tokyo,Tokyo - Quarter-finals,Casper Ruud,Aleksandar Vukic,1,0,0,1,0,0.5145833333333334,0.78125,1.28,0.26666666666666666,3.75
12074390,2025-09-27,05:10:00,ATP Beijing,Beijing - 1/8-finals,Fabian Marozsan,Alexandre Muller,1,0,0,1,0,0.2150017468891935,0.6369426751592356,1.57,0.42194092827004215,2.37
12074436,2025-09-27,09:00:00,Tokyo,Tokyo - 1/8-finals,Ethan Quinn,Holger Rune,0,0,0,1,0,-0.42279411764705876,0.3125,3.2,0.7352941176470588,1.36
12074381,2025-09-26,04:10:00,Tokyo,Tokyo - 1/8-finals,Aleksandar Vukic,Daniel Altmaier,1,0,0,1,0,-0.10520487264673317,0.47619047619047616,2.1,0.5813953488372093,1.72
12073610,2025-09-26,05:10:00,ATP Beijing,Beijing - 1/16-finals,Andrey Rublev,Flavio Cobolli,0,0,0,1,0,0.3308080808080808,0.6944444444444444,1.44,0.36363636363636365,2.75
12074383,2025-09-26,09:10:00,Tokyo,Tokyo - 1/8-finals,Nuno Borges,Taylor Fritz,0,0,0,1,0,-0.6620689655172414,0.2,5.0,0.8620689655172414,1.16
12074067,2025-09-26,10:15:00,ATP Beijing,Beijing - 1/16-finals,Adrian Mannarino,Alexander Bublik,1,0,0,1,0,-0.3308080808080808,0.36363636363636365,2.75,0.6944444444444444,1.44
12073607,2025-09-26,10:35:00,ATP Beijing,Beijing - 1/16-finals,Corentin Moutet,Tallon Griekspoor,1,0,0,1,0,0.10520487264673317,0.5813953488372093,1.72,0.47619047619047616,2.1
12074393,2025-09-26,11:25:00,Tokyo,Tokyo - 1/8-finals,Casper Ruud,Matteo Berrettini,1,0,0,1,0,0.1478641840087624,0.6024096385542169,1.66,0.45454545454545453,2.2
12073609,2025-09-25,05:15:00,ATP Beijing,Beijing - 1/16-finals,Alexandre Muller,Karen Khachanov,1,0,0,1,0,-0.6111111111111112,0.2222222222222222,4.5,0.8333333333333334,1.2
12073556,2025-09-25,07:00:00,Tokyo,Tokyo - 1/16-finals,Damir Dzumhur,Aleksandar Vukic,0,0,0,1,0,-0.25359477124183005,0.4,2.5,0.6535947712418301,1.53
12073122,2025-09-25,08:00:00,Tokyo,Tokyo - 1/16-finals,Jordan Thompson,Brandon Nakashima,0,0,0,1,0,-0.380952380952381,0.3333333333333333,3.0,0.7142857142857143,1.4
12073121,2025-09-25,09:20:00,Tokyo,Tokyo - 1/16-finals,Casper Ruud,Shintaro Mochizuki,1,0,0,1,0,0.380952380952381,0.7142857142857143,1.4,0.3333333333333333,3.0
12073603,2025-09-25,10:30:00,ATP Beijing,Beijing - 1/16-finals,Alejandro Davidovich Fokina,Camilo Ugo Carabelli,1,0,0,1,0,0.7261904761904762,0.8928571428571428,1.12,0.16666666666666666,6.0
12073118,2025-09-25,11:20:00,Tokyo,Tokyo - 1/16-finals,Hamad Medjedovic,Holger Rune,0,0,0,1,0,-0.18633540372670798,0.4347826086956522,2.3,0.6211180124223602,1.61
12073123,2025-09-24,06:05:00,Tokyo,Tokyo - 1/16-finals,Yosuke Watanuki,Nuno Borges,0,0,0,1,0,-0.18633540372670798,0.4347826086956522,2.3,0.6211180124223602,1.61
12073592,2025-09-24,07:40:00,ATP Beijing,Beijing - Final,Adrian Mannarino,Jesper De Jong,1,0,0,1,0,0.23165384297178793,0.6535947712418301,1.53,0.42194092827004215,2.37
12073113,2025-09-24,09:10:00,Tokyo,Tokyo - 1/16-finals,Daniel Altmaier,Denis Shapovalov,1,0,0,1,0,-0.4577620521892967,0.29411764705882354,3.4,0.7518796992481203,1.33
12073088,2025-09-23,04:10:00,Tokyo,Tokyo - Final,Aleksandar Vukic,Rei Sakamoto,1,0,0,1,0,0.31276505513146735,0.6944444444444444,1.44,0.38167938931297707,2.62
12073087,2025-09-23,06:25:00,Tokyo,Tokyo - Final,Manuel Cerundolo Juan,Sho Shimabukuro,0,0,0,1,0,0.08139534883720934,0.5813953488372093,1.72,0.5,2.0
12073155,2025-09-23,06:55:00,ATP Beijing,Beijing - Semi-finals,Christopher O'Connell,Botic Van De Zandschulp,0,0,0,1,0,-0.12621916236374076,0.47619047619047616,2.1,0.6024096385542169,1.66
12073158,2025-09-23,07:50:00,ATP Beijing,Beijing - Semi-finals,Tristan Schoolkate,Jesper De Jong,0,0,0,1,0,-0.23165384297178793,0.42194092827004215,2.37,0.6535947712418301,1.53
12073157,2025-09-23,09:20:00,ATP Beijing,,Adrian Mannarino,Alexander Shevchenko,0,0,0,1,0,0.44418739155581255,0.7518796992481203,1.33,0.3076923076923077,3.25
12073554,2025-09-23,10:30:00,ATP Beijing,Beijing - Semi-finals,Adrian Mannarino,Andrea Vavassori,1,0,0,1,0,0.569672131147541,0.819672131147541,1.22,0.25,4.0
12072930,2025-09-22,06:00:00,Tokyo,Tokyo - Semi-finals,Manuel Cerundolo Juan,Rio Noguchi,1,0,0,1,0,0.3014390575005469,0.6839945280437757,1.462,0.3825554705432288,2.614
12072932,2025-09-22,06:10:00,Tokyo,Tokyo - Semi-finals,Aleksandar Kovacevic,Aleksandar Vukic,0,0,0,1,0,-0.060728992232327195,0.5036630036630036,1.9854545454545454,0.5643919958953308,1.771818181818182
12072933,2025-09-22,08:25:00,Tokyo,Tokyo - Semi-finals,Luca Nardi,Matteo Arnaldi,0,0,0,1,0,-0.38574206081352375,0.34225264467952704,2.921818181818182,0.7279947054930508,1.373636363636364
12073008,2025-09-22,13:10:00,Chengdu,Chengdu - Semi-finals,Lorenzo Musetti,Alexander Shevchenko,1,0,0,1,0,0.6620689655172414,0.8620689655172414,1.16,0.2,5.0
12072764,2025-09-21,00:15:00,ATP Laver Cup,,Holger Rune,Francisco Cerundolo,0,0,0,1,0,0.2492028932325432,0.6504065040650407,1.5374999999999999,0.40120361083249756,2.4924999999999997
12072648,2025-09-21,07:10:00,Chengdu,Chengdu - Quarter-finals,Christopher O'Connell,Alejandro Tabilo,0,0,0,1,0,-0.2634584649769718,0.3918495297805642,2.5520000000000005,0.655307994757536,1.5260000000000002
12072784,2025-09-21,12:30:00,Chengdu,Chengdu - Quarter-finals,Lorenzo Musetti,Nikoloz Basilashvili,1,0,0,1,0,0.4983213115414236,0.7779349363507779,1.2854545454545454,0.2796136248093543,3.5763636363636366
12072785,2025-09-21,14:00:00,Chengdu,Chengdu - Quarter-finals,Taro Daniel,Alexander Shevchenko,0,0,0,1,0,-0.06658662565935619,0.49349484073575584,2.026363636363637,0.560081466395112,1.7854545454545454
12072602,2025-09-20,04:25:00,ATP Laver Cup,,Flavio Cobolli,Joao Fonseca,0,0,0,1,0,-0.2209174351138513,0.41806020066889626,2.3920000000000003,0.6389776357827476,1.565
12072564,2025-09-20,05:40:00,ATP Hangzhou,Hangzhou - 1/8-finals,Giulio Zeppieri,Learner Tien,0,0,0,1,0,-0.21424815287343557,0.4204892966360856,2.3781818181818184,0.6347374495095212,1.5754545454545452
12072426,2025-09-20,07:10:00,Chengdu,Chengdu - 1/8-finals,Tallon Griekspoor,Taro Daniel,0,0,0,1,0,0.2806965439078011,0.6674757281553397,1.4981818181818183,0.38677918424753865,2.5854545454545454
12072462,2025-09-20,07:10:00,Chengdu,Chengdu - 1/8-finals,Mackenzie McDonald,Nikoloz Basilashvili,0,0,0,1,0,0.2290376173718266,0.6422607578676943,1.557,0.4132231404958677,2.4200000000000004
12072464,2025-09-20,12:00:00,Chengdu,Chengdu - 1/8-finals,Alexander Shevchenko,Giovanni Mpetshi Perricard,1,0,0,1,0,-0.28937414099970404,0.37907505686125853,2.638,0.6684491978609626,1.496
12072697,2025-09-20,12:00:00,ATP Hangzhou,Hangzhou - 1/8-finals,Aleksandar Vukic,Alexander Bublik,0,0,0,1,0,-0.4452693518305266,0.3021148036253777,3.3099999999999996,0.7473841554559043,1.338
12072131,2025-09-19,05:40:00,ATP Hangzhou,Hangzhou - 1/16-finals,Rinky Hijikata,Camilo Ugo Carabelli,1,0,0,1,0,0.1478641840087624,0.6024096385542169,1.66,0.45454545454545453,2.2
12072156,2025-09-19,09:05:00,Chengdu,Chengdu - 1/8-finals,Yi Zhou,Christopher O'Connell,0,0,0,1,0,-0.28001535478443457,0.38746037337090516,2.5809090909090915,0.6674757281553397,1.4981818181818183
12071320,2025-09-19,16:10:00,ATP Hangzhou,Hangzhou - 1/16-finals,Aleksandar Vukic,David Goffin,1,0,0,1,0,0.11366971198460829,0.5835543766578248,1.7136363636363638,0.46988466467321655,2.1281818181818184
12072580,2025-09-19,22:20:00,ATP Laver Cup,,Casper Ruud,Reilly Opelka,1,0,0,1,0,0.16657255787690567,0.6211180124223602,1.61,0.45454545454545453,2.2
12071313,2025-09-18,07:10:00,Chengdu,Chengdu - 1/16-finals,Lorenzo Sonego,Manuel Cerundolo Juan,1,0,0,1,0,0.3308080808080808,0.6944444444444444,1.44,0.36363636363636365,2.75
12072127,2025-09-18,08:10:00,Chengdu,Chengdu - 1/16-finals,Jordan Thompson,Alejandro Tabilo,0,0,0,1,0,-0.04633699633699628,0.5036630036630036,1.9854545454545454,0.5499999999999999,1.8181818181818186
12071312,2025-09-18,10:55:00,Chengdu,Chengdu - 1/16-finals,Alexander Shevchenko,Gael Monfils,1,0,0,1,0,-0.3308080808080808,0.36363636363636365,2.75,0.6944444444444444,1.44
12072130,2025-09-18,11:15:00,Chengdu,,Nikoloz Basilashvili,Sebastian Baez,0,0,0,1,0,0.18365497675321724,0.6191950464396284,1.6150000000000002,0.4355400696864112,2.296
12072134,2025-09-18,14:00:00,ATP Hangzhou,Hangzhou - 1/16-finals,Giulio Zeppieri,Fajing Sun,1,0,0,1,0,0.42279411764705876,0.7352941176470588,1.36,0.3125,3.2
12071689,2025-09-17,06:10:00,ATP Hangzhou,Hangzhou - Final,Dalibor Svrcina,Giulio Zeppieri,0,0,0,1,0,-0.19249823071479122,0.4444444444444444,2.25,0.6369426751592356,1.57
12071694,2025-09-17,06:50:00,Chengdu,Chengdu - Final,Bernard Tomic,Nikoloz Basilashvili,0,0,0,1,0,-0.08139534883720934,0.5,2.0,0.5813953488372093,1.72
12071317,2025-09-17,09:00:00,ATP Hangzhou,ATP Hangzhou - 1/16-finals,Aleksandar Kovacevic,Luca Nardi,0,0,0,1,0,0.05555555555555558,0.5555555555555556,1.8,0.5,2.0
12071309,2025-09-17,11:35:00,Chengdu,Chengdu - 1/16-finals,Quentin Halys,Christopher O'Connell,0,0,0,1,0,-0.05555555555555558,0.5,2.0,0.5555555555555556,1.8
12071318,2025-09-17,14:35:00,ATP Hangzhou,Hangzhou - 1/16-finals,Adrian Mannarino,Yibing Wu,0,0,0,1,0,0.1478641840087624,0.6024096385542169,1.66,0.45454545454545453,2.2
12071236,2025-09-16,06:05:00,ATP Hangzhou,Hangzhou - Semi-finals,Giulio Zeppieri,Liam Draxl,1,0,0,1,0,0.31276505513146735,0.6944444444444444,1.44,0.38167938931297707,2.62
12071238,2025-09-16,08:45:00,ATP Hangzhou,Hangzhou - Semi-finals,Dalibor Svrcina,Timofey Skatov,1,0,0,1,0,0.2666666666666666,0.6666666666666666,1.5,0.4,2.5
12071239,2025-09-16,08:45:00,ATP Hangzhou,Hangzhou - Semi-finals,Eliot Spizzirri,Hsin Tseng Chun,1,0,0,1,0,0.12621916236374076,0.6024096385542169,1.66,0.47619047619047616,2.1
12071228,2025-09-16,09:05:00,Chengdu,Chengdu - Semi-finals,Rei Sakamoto,Nikoloz Basilashvili,0,0,0,1,0,-0.12621916236374076,0.47619047619047616,2.1,0.6024096385542169,1.66
12070835,2025-09-15,02:10:00,ATP Davis Cup - World Group I,,Tomas Barrios Vera,Aaron Gil Garcia,0,0,0,1,0,0.8614718614718614,0.9523809523809523,1.05,0.09090909090909091,11.0
12070821,2025-09-14,01:20:00,ATP Davis Cup - World Group I,,Tomas Barrios Vera,Alex Knaff,1,0,0,1,0,0.747054747054747,0.9009009009009008,1.11,0.15384615384615385,6.5
12070781,2025-09-14,07:30:00,ATP Davis Cup - World Group I,,Hsin Tseng Chun,Nicolai Budkov Kjaer,0,0,0,1,0,-0.16657255787690567,0.45454545454545453,2.2,0.6211180124223602,1.61
12070794,2025-09-14,10:10:00,ATP Davis Cup - World Group,,Jordan Thompson,Raphael Collignon,0,0,0,1,0,0.23165384297178793,0.6535947712418301,1.53,0.42194092827004215,2.37
12070795,2025-09-14,14:05:00,ATP Davis Cup - World Group,,Jaume Munar,Holger Rune,0,0,0,1,0,-0.40196078431372545,0.3333333333333333,3.0,0.7352941176470588,1.36
12070796,2025-09-14,18:05:00,ATP Davis Cup - World Group,,Pablo Carreno-Busta,Elmer Moller,1,0,0,1,0,0.16657255787690567,0.6211180124223602,1.61,0.45454545454545453,2.2
12070754,2025-09-13,07:45:00,ATP Davis Cup - World Group I,,Hsin Tseng Chun,Viktor Durasovic,1,0,0,1,0,0.569672131147541,0.819672131147541,1.22,0.25,4.0
12070765,2025-09-13,08:55:00,ATP Davis Cup - World Group,,Jordan Thompson,Zizou Bergs,0,0,0,1,0,0.19249823071479122,0.6369426751592356,1.57,0.4444444444444444,2.25
12070521,2025-09-13,10:55:00,ATP Davis Cup - World Group I,,Soonwoo Kwon,Alexander Shevchenko,0,0,0,1,0,-0.08139534883720934,0.5,2.0,0.5813953488372093,1.72
12070766,2025-09-13,13:10:00,ATP Davis Cup - World Group,,Pablo Carreno-Busta,Holger Rune,0,0,0,1,0,-0.4955357142857143,0.2857142857142857,3.5,0.78125,1.28
12070549,2025-09-13,16:20:00,ATP Davis Cup - World Group,,Marton Fucsovics,Jurij Rodionov,0,0,0,1,0,0.31276505513146735,0.6944444444444444,1.44,0.38167938931297707,2.62
12070551,2025-09-13,16:40:00,ATP Davis Cup - World Group,,Jesper De Jong,Francisco Cerundolo,0,0,0,1,0,-0.40196078431372545,0.3333333333333333,3.0,0.7352941176470588,1.36
12070531,2025-09-13,18:20:00,ATP Davis Cup - World Group I,,Alex Molcan,Adria Soriano Barrera,0,0,0,1,0,0.5333333333333334,0.8,1.25,0.26666666666666666,3.75
12070534,2025-09-13,23:15:00,ATP Davis Cup - World Group I,,Ignacio Buse,Nuno Borges,1,0,0,1,0,0.23165384297178793,0.6535947712418301,1.53,0.42194092827004215,2.37
12070395,2025-09-12,06:25:00,ATP Davis Cup - World Group I,,Hyeon Chung,Alexander Shevchenko,0,0,0,1,0,-0.6252354048964219,0.2222222222222222,4.5,0.8474576271186441,1.18
12070423,2025-09-12,14:10:00,ATP Davis Cup - World Group,,Jesper De Jong,Martin Etcheverry Tomas,0,0,0,1,0,0.08139534883720934,0.5813953488372093,1.72,0.5,2.0
12070424,2025-09-12,15:00:00,ATP Davis Cup - World Group,,Fabian Marozsan,Jurij Rodionov,0,0,0,1,0,0.35064935064935066,0.7142857142857143,1.4,0.36363636363636365,2.75
12070402,2025-09-12,17:15:00,ATP Davis Cup - World Group I,,Alex Molcan,Nicolas Mejia,1,0,0,1,0,0.4751131221719456,0.7692307692307692,1.3,0.29411764705882354,3.4
12070409,2025-09-12,23:10:00,ATP Davis Cup - World Group I,,Gonzalo Bueno,Nuno Borges,1,0,0,1,0,-0.7662337662337662,0.14285714285714285,7.0,0.9090909090909091,1.1
12066259,2025-08-31,17:10:00,US Open,US Open - 1/8-finals,Adrian Mannarino,Jiri Lehecka,0,0,0,1,0,-0.48351648351648346,0.2857142857142857,3.5,0.7692307692307692,1.3
12066134,2025-08-30,17:10:00,US Open,US Open - 1/16-finals,Lorenzo Musetti,Flavio Cobolli,1,0,0,1,0,0.42279411764705876,0.7352941176470588,1.36,0.3125,3.2
12066135,2025-08-30,19:20:00,US Open,US Open - 1/16-finals,Jannik Sinner,Denis Shapovalov,1,0,0,1,0,0.9424799622819424,0.9900990099009901,1.01,0.047619047619047616,21.0
12065505,2025-08-29,03:20:00,US Open,US Open - 1/32-finals,Nuno Borges,Tommy Paul,0,0,0,1,0,-0.55,0.25,4.0,0.8,1.25
12065903,2025-08-29,19:40:00,US Open,US Open - 1/16-finals,Ben Shelton,Adrian Mannarino,0,0,0,1,0,0.6620689655172414,0.8620689655172414,1.16,0.2,5.0
12064661,2025-08-28,00:45:00,US Open,US Open - 1/32-finals,Jordan Thompson,Adrian Mannarino,0,0,0,1,0,-0.25359477124183005,0.4,2.5,0.6535947712418301,1.53
12065125,2025-08-28,01:00:00,US Open,US Open - 1/32-finals,Jan-Lennard Struff,Holger Rune,1,0,0,1,0,-0.4577620521892967,0.29411764705882354,3.4,0.7518796992481203,1.33
12064660,2025-08-28,02:55:00,US Open,US Open - 1/32-finals,Ben Shelton,Pablo Carreno-Busta,1,0,0,1,0,0.8234683281412254,0.9345794392523364,1.07,0.1111111111111111,9.0
12065124,2025-08-28,18:35:00,US Open,US Open - 1/32-finals,Karen Khachanov,Kamil Majchrzak,0,0,0,1,0,0.6111111111111112,0.8333333333333334,1.2,0.2222222222222222,4.5
12065490,2025-08-28,18:35:00,US Open,US Open - 1/32-finals,Valentin Royer,Denis Shapovalov,0,0,0,1,0,-0.48351648351648346,0.2857142857142857,3.5,0.7692307692307692,1.3
12065121,2025-08-28,19:00:00,US Open,US Open - 1/32-finals,Jenson Brooksby,Flavio Cobolli,0,0,0,1,0,-0.2150017468891935,0.42194092827004215,2.37,0.6369426751592356,1.57
12065122,2025-08-27,19:00:00,US Open,US Open - 1/32-finals,Raphael Collignon,Casper Ruud,1,0,0,1,0,-0.6620689655172414,0.2,5.0,0.8620689655172414,1.16
12064186,2025-08-26,01:10:00,US Open,US Open - 1/64-finals,Sebastian Ofner,Casper Ruud,0,0,0,1,0,-0.588725248930451,0.23094688221709006,4.33,0.819672131147541,1.22
12064187,2025-08-26,03:55:00,US Open,US Open - 1/64-finals,Reilly Opelka,Carlos Alcaraz,0,0,0,1,0,-0.8846153846153846,0.07692307692307693,13.0,0.9615384615384615,1.04
12064170,2025-08-26,17:10:00,US Open,US Open - 1/64-finals,Marton Fucsovics,Denis Shapovalov,0,0,0,1,0,-0.05555555555555558,0.5,2.0,0.5555555555555556,1.8
12064195,2025-08-26,22:40:00,US Open,US Open - 1/64-finals,Stefanos Tsitsipas,Alexandre Muller,1,0,0,1,0,0.25359477124183005,0.6535947712418301,1.53,0.4,2.5
12064185,2025-08-26,23:35:00,US Open,US Open - 1/64-finals,Christopher O'Connell,Alex De Minaur,0,0,0,1,0,-0.8846153846153846,0.07692307692307693,13.0,0.9615384615384615,1.04
12064158,2025-08-26,23:45:00,US Open,US Open - 1/64-finals,Nuno Borges,Brandon Holt,1,0,0,1,0,0.42279411764705876,0.7352941176470588,1.36,0.3125,3.2
12064402,2025-08-25,01:10:00,US Open,US Open - 1/64-finals,Brandon Nakashima,Jesper De Jong,1,0,0,1,0,0.55,0.8,1.25,0.25,4.0
12064157,2025-08-25,17:10:00,US Open,US Open - 1/64-finals,Zizou Bergs,Hsin Tseng Chun,1,0,0,1,0,0.42279411764705876,0.7352941176470588,1.36,0.3125,3.2
12064410,2025-08-25,20:20:00,US Open,US Open - 1/64-finals,Francesco Passaro,Flavio Cobolli,0,0,0,1,0,-0.588725248930451,0.23094688221709006,4.33,0.819672131147541,1.22
12064159,2025-08-25,21:00:00,US Open,US Open - 1/64-finals,Jenson Brooksby,Aleksandar Vukic,1,0,0,1,0,0.380952380952381,0.7142857142857143,1.4,0.3333333333333333,3.0
12064197,2025-08-25,21:20:00,US Open,US Open - 1/64-finals,Botic Van De Zandschulp,Holger Rune,0,0,0,1,0,-0.48351648351648346,0.2857142857142857,3.5,0.7692307692307692,1.3
12064173,2025-08-25,23:20:00,US Open,US Open - 1/64-finals,Karen Khachanov,Nishesh Basavareddy,1,0,0,1,0,0.55,0.8,1.25,0.25,4.0
12064177,2025-08-24,17:10:00,US Open,US Open - 1/64-finals,Jakub Mensik,Nicolas Jarry,1,0,0,1,0,0.42279411764705876,0.7352941176470588,1.36,0.3125,3.2
12064190,2025-08-24,17:10:00,US Open,US Open - 1/64-finals,Alexander Shevchenko,Alejandro Davidovich Fokina,0,0,0,1,0,-0.6620689655172414,0.2,5.0,0.8620689655172414,1.16
12064182,2025-08-24,19:10:00,US Open,US Open - 1/64-finals,Emilio Nava,Taylor Fritz,0,0,0,1,0,-0.8009259259259258,0.125,8.0,0.9259259259259258,1.08
12064175,2025-08-24,20:30:00,US Open,US Open - 1/64-finals,Adrian Mannarino,Tallon Griekspoor,1,0,0,1,0,-0.18633540372670798,0.4347826086956522,2.3,0.6211180124223602,1.61
12064181,2025-08-24,21:10:00,US Open,US Open - 1/64-finals,Luca Nardi,Tomas Machac,0,0,0,1,0,-0.380952380952381,0.3333333333333333,3.0,0.7142857142857143,1.4
12064400,2025-08-24,21:30:00,US Open,US Open - 1/64-finals,Zachary Svajda,Zsombor Piros,1,0,0,1,0,0.380952380952381,0.7142857142857143,1.4,0.3333333333333333,3.0
12064401,2025-08-24,22:15:00,US Open,US Open - 1/64-finals,Pablo Carreno-Busta,Pablo Llamas Ruiz,1,0,0,1,0,0.25359477124183005,0.6535947712418301,1.53,0.4,2.5
12064196,2025-08-24,22:35:00,US Open,US Open - 1/64-finals,Camilo Ugo Carabelli,Martin Etcheverry Tomas,0,0,0,1,0,-0.4577620521892967,0.29411764705882354,3.4,0.7518796992481203,1.33
12064193,2025-08-24,23:20:00,US Open,US Open - 1/64-finals,Jordan Thompson,Corentin Moutet,1,0,0,1,0,-0.42279411764705876,0.3125,3.2,0.7352941176470588,1.36
12064068,2025-08-22,17:05:00,US Open,US Open - Final,Marco Trungelliti,Pablo Llamas Ruiz,0,0,0,1,0,-0.23165384297178793,0.42194092827004215,2.37,0.6535947712418301,1.53
12064288,2025-08-22,19:15:00,US Open,US Open - Final,Jesper De Jong,Mitchell Krueger,1,0,0,1,0,0.44418739155581255,0.7518796992481203,1.33,0.3076923076923077,3.25
12064269,2025-08-22,19:25:00,US Open,US Open - Final,James Duckworth,Zsombor Piros,0,0,0,1,0,0.12621916236374076,0.6024096385542169,1.66,0.47619047619047616,2.1
12064271,2025-08-22,19:55:00,US Open,US Open - Final,Jason Kubler,Dino Prizmic,0,0,0,1,0,-0.31276505513146735,0.38167938931297707,2.62,0.6944444444444444,1.44
12063640,2025-08-21,17:05:00,US Open,US Open - Semi-finals,Manuel Cerundolo Juan,Yuta Shimizu,0,0,0,1,0,0.35064935064935066,0.7142857142857143,1.4,0.36363636363636365,2.75
12063191,2025-08-21,19:10:00,US Open,US Open - Semi-finals,Cristian Garin,Marco Trungelliti,0,0,0,1,0,0.4955357142857143,0.78125,1.28,0.2857142857142857,3.5
12063187,2025-08-21,20:30:00,US Open,US Open - Semi-finals,Nikoloz Basilashvili,Marc-Andrea Huesler,0,0,0,1,0,0.12621916236374076,0.6024096385542169,1.66,0.47619047619047616,2.1
12063642,2025-08-21,20:30:00,US Open,US Open - Semi-finals,Zsombor Piros,Agustin Tirante Thiago,1,0,0,1,0,-0.23165384297178793,0.42194092827004215,2.37,0.6535947712418301,1.53
12063190,2025-08-21,20:35:00,US Open,US Open - Semi-finals,Jesper De Jong,Harold Mayot,1,0,0,1,0,0.19249823071479122,0.6369426751592356,1.57,0.4444444444444444,2.25
12063400,2025-08-21,21:55:00,US Open,US Open - Semi-finals,Kyrian Jacquet,Jason Kubler,0,0,0,1,0,-0.12621916236374076,0.47619047619047616,2.1,0.6024096385542169,1.66
12063399,2025-08-21,22:40:00,US Open,US Open - Semi-finals,Jaime Faria,Giulio Zeppieri,1,0,0,1,0,0.0292397660818714,0.5555555555555556,1.8,0.5263157894736842,1.9
12062890,2025-08-20,00:10:00,ATP Winston-Salem,Winston-Salem - 1/16-finals,Sebastian Baez,Pablo Carreno-Busta,1,0,0,1,0,-0.3308080808080808,0.36363636363636365,2.75,0.6944444444444444,1.44
12062720,2025-08-20,00:25:00,US Open,US Open - Quarter-finals,Benjamin Hassan,Tomas Barrios Vera,1,0,0,1,0,-0.31276505513146735,0.38167938931297707,2.62,0.6944444444444444,1.44
12063645,2025-08-20,21:55:00,ATP Winston-Salem,Winston-Salem - 1/8-finals,Giovanni Mpetshi Perricard,Alexandre Muller,1,0,0,1,0,0.05555555555555558,0.5555555555555556,1.8,0.5,2.0
12062713,2025-08-19,00:25:00,US Open,US Open - Quarter-finals,Alexis Galarneau,Dino Prizmic,0,0,0,1,0,-0.5333333333333334,0.26666666666666666,3.75,0.8,1.25
12062852,2025-08-19,01:05:00,ATP Winston-Salem,Winston-Salem - 1/32-finals,Stefan Dostanic,Aleksandar Vukic,1,0,0,1,0,-0.5145833333333334,0.26666666666666666,3.75,0.78125,1.28
12062853,2025-08-19,02:30:00,ATP Winston-Salem,Winston-Salem - 1/16-finals,Nuno Borges,Kamil Majchrzak,0,0,0,1,0,0.05555555555555558,0.5555555555555556,1.8,0.5,2.0
12062735,2025-08-19,17:10:00,US Open,US Open - Quarter-finals,Shintaro Mochizuki,Jurij Rodionov,1,0,0,1,0,0.35064935064935066,0.7142857142857143,1.4,0.36363636363636365,2.75
12062743,2025-08-19,17:10:00,US Open,US Open - Quarter-finals,Santiago Rodriguez Taverna,Mitchell Krueger,0,0,0,1,0,-0.4955357142857143,0.2857142857142857,3.5,0.78125,1.28
12062752,2025-08-19,17:10:00,US Open,US Open - Quarter-finals,Yibing Wu,Pablo Ficovich Juan,1,0,0,1,0,0.569672131147541,0.819672131147541,1.22,0.25,4.0
12062753,2025-08-19,17:15:00,US Open,US Open - Quarter-finals,Giulio Zeppieri,Hady Habib,1,0,0,1,0,0.2666666666666666,0.6666666666666666,1.5,0.4,2.5
12062726,2025-08-19,18:30:00,US Open,US Open - Quarter-finals,Jason Kubler,George Loffhagen,1,0,0,1,0,-0.35064935064935066,0.36363636363636365,2.75,0.7142857142857143,1.4
12063198,2025-08-19,20:05:00,ATP Winston-Salem,Winston-Salem - 1/16-finals,Roberto Bautista-Agut,Christopher O'Connell,1,0,0,1,0,0.2150017468891935,0.6369426751592356,1.57,0.42194092827004215,2.37
12063199,2025-08-19,20:05:00,ATP Winston-Salem,Winston-Salem - 1/16-finals,Darwin Blanch,Alexandre Muller,0,0,0,1,0,-0.25359477124183005,0.4,2.5,0.6535947712418301,1.53
12063201,2025-08-19,20:05:00,ATP Winston-Salem,Winston-Salem - 1/16-finals,Marton Fucsovics,Tallon Griekspoor,1,0,0,1,0,-0.10520487264673317,0.47619047619047616,2.1,0.5813953488372093,1.72
12062697,2025-08-19,20:30:00,US Open,US Open - Quarter-finals,Arthur Bouquier,Zsombor Piros,0,0,0,1,0,-0.44418739155581255,0.3076923076923077,3.25,0.7518796992481203,1.33
12062724,2025-08-19,20:50:00,US Open,US Open - Quarter-finals,Jack Kennedy,Agustin Tirante Thiago,0,0,0,1,0,-0.7662337662337662,0.14285714285714285,7.0,0.9090909090909091,1.1
12062701,2025-08-19,21:50:00,US Open,US Open - Quarter-finals,Manuel Cerundolo Juan,Calvin Hemery,1,0,0,1,0,0.23165384297178793,0.6535947712418301,1.53,0.42194092827004215,2.37
12062492,2025-08-18,00:25:00,ATP Winston-Salem,Winston-Salem - 1/32-finals,Yunchaokete Bu,Hsin Tseng Chun,1,0,0,1,0,0.55,0.8,1.25,0.25,4.0
12062500,2025-08-18,00:40:00,ATP Winston-Salem,Winston-Salem - 1/32-finals,Yoshihito Nishioka,Pablo Carreno-Busta,0,0,0,1,0,-0.2150017468891935,0.42194092827004215,2.37,0.6369426751592356,1.57
12062707,2025-08-18,18:25:00,US Open,US Open - Quarter-finals,Jesper De Jong,Vilius Gaubas,1,0,0,1,0,0.4955357142857143,0.78125,1.28,0.2857142857142857,3.5
12062750,2025-08-18,18:40:00,US Open,US Open - Quarter-finals,Marco Trungelliti,Christopher Eubanks,1,0,0,1,0,-0.2666666666666666,0.4,2.5,0.6666666666666666,1.5
12062745,2025-08-18,18:55:00,US Open,US Open - Quarter-finals,Dominic Stricker,Federico Cina,0,0,0,1,0,-0.12621916236374076,0.47619047619047616,2.1,0.6024096385542169,1.66
12062502,2025-08-18,20:05:00,ATP Winston-Salem,Winston-Salem - 1/32-finals,Roman Safiullin,Christopher O'Connell,0,0,0,1,0,0.25359477124183005,0.6535947712418301,1.53,0.4,2.5
12062694,2025-08-18,21:20:00,US Open,US Open - Quarter-finals,Nikoloz Basilashvili,Gauthier Onclin,1,0,0,1,0,0.23165384297178793,0.6535947712418301,1.53,0.42194092827004215,2.37
12062716,2025-08-18,21:40:00,US Open,US Open - Quarter-finals,Borna Gojo,Ugo Blanchet,0,0,0,1,0,0.12621916236374076,0.6024096385542169,1.66,0.47619047619047616,2.1
12062547,2025-08-17,19:10:00,ATP Winston-Salem,Winston-Salem - Final,Aleksandar Vukic,Karl Poling,1,0,0,1,0,0.8234683281412254,0.9345794392523364,1.07,0.1111111111111111,9.0
12062497,2025-08-17,21:10:00,ATP Winston-Salem,Winston-Salem - 1/32-finals,Kamil Majchrzak,Nicolas Jarry,1,0,0,1,0,0.0,0.5263157894736842,1.9,0.5263157894736842,1.9
12062501,2025-08-17,21:10:00,ATP Winston-Salem,Winston-Salem - 1/32-finals,Sebastian Ofner,Vit Kopriva,0,0,0,1,0,0.25359477124183005,0.6535947712418301,1.53,0.4,2.5
12062480,2025-08-16,19:40:00,ATP Winston-Salem,Winston-Salem - Semi-finals,Alex Rybakov,Nishesh Basavareddy,0,0,0,1,0,-0.6252354048964219,0.2222222222222222,4.5,0.8474576271186441,1.18
12062094,2025-08-15,03:10:00,Cincinnati,Cincinnati - Quarter-finals,Terence Atmane,Holger Rune,1,0,0,1,0,-0.5145833333333334,0.26666666666666666,3.75,0.78125,1.28
12061743,2025-08-14,02:30:00,Cincinnati,Cincinnati - 1/8-finals,Luca Nardi,Carlos Alcaraz,0,0,0,1,0,-0.8614718614718614,0.09090909090909091,11.0,0.9523809523809523,1.05
12061920,2025-08-14,03:20:00,Cincinnati,Cincinnati - 1/8-finals,Karen Khachanov,Alexander Zverev,0,0,0,1,0,-0.3308080808080808,0.36363636363636365,2.75,0.6944444444444444,1.44
12061227,2025-08-13,17:10:00,Cincinnati,Cincinnati - 1/8-finals,Frances Tiafoe,Holger Rune,0,0,0,1,0,-0.10520487264673317,0.47619047619047616,2.1,0.5813953488372093,1.72
12061431,2025-08-13,19:50:00,Cincinnati,Cincinnati - 1/8-finals,Jannik Sinner,Adrian Mannarino,1,0,0,1,0,0.9215686274509803,0.9803921568627451,1.02,0.058823529411764705,17.0
12060669,2025-08-12,02:35:00,Cincinnati,Cincinnati - 1/16-finals,Adrian Mannarino,Tommy Paul,1,0,0,1,0,-0.48351648351648346,0.2857142857142857,3.5,0.7692307692307692,1.3
12060772,2025-08-12,17:10:00,Cincinnati,Cincinnati - 1/16-finals,Reilly Opelka,Francisco Comesana,0,0,0,1,0,0.28498727735368956,0.6666666666666666,1.5,0.38167938931297707,2.62
12060843,2025-08-12,21:55:00,Cincinnati,Cincinnati - 1/16-finals,Jakub Mensik,Luca Nardi,0,0,0,1,0,0.55,0.8,1.25,0.25,4.0
12060841,2025-08-12,22:40:00,Cincinnati,Cincinnati - 1/16-finals,Karen Khachanov,Jenson Brooksby,1,0,0,1,0,0.3308080808080808,0.6944444444444444,1.44,0.36363636363636365,2.75
12060495,2025-08-11,00:45:00,Cincinnati,Cincinnati - 1/32-finals,Karen Khachanov,Valentin Royer,1,0,0,1,0,0.588725248930451,0.819672131147541,1.22,0.23094688221709006,4.33
12060433,2025-08-11,01:10:00,Cincinnati,Cincinnati - 1/32-finals,Ben Shelton,Camilo Ugo Carabelli,1,0,0,1,0,0.747054747054747,0.9009009009009008,1.11,0.15384615384615385,6.5
12060615,2025-08-11,17:10:00,Cincinnati,Cincinnati - 1/16-finals,Alex Michelsen,Holger Rune,0,0,0,1,0,-0.25359477124183005,0.4,2.5,0.6535947712418301,1.53
12060258,2025-08-10,00:50:00,Cincinnati,Cincinnati - 1/32-finals,Terence Atmane,Flavio Cobolli,1,0,0,1,0,-0.48351648351648346,0.2857142857142857,3.5,0.7692307692307692,1.3
12060442,2025-08-10,03:00:00,Cincinnati,Cincinnati - 1/32-finals,Taylor Fritz,Emilio Nava,1,0,0,1,0,0.6953748006379585,0.8771929824561404,1.14,0.18181818181818182,5.5
12060476,2025-08-10,17:10:00,Cincinnati,Cincinnati - 1/32-finals,Alex De Minaur,Reilly Opelka,0,0,0,1,0,0.6111111111111112,0.8333333333333334,1.2,0.2222222222222222,4.5
12060432,2025-08-10,22:20:00,Cincinnati,Cincinnati - 1/32-finals,Luca Nardi,Denis Shapovalov,1,0,0,1,0,-0.5145833333333334,0.26666666666666666,3.75,0.78125,1.28
12060452,2025-08-10,23:05:00,Cincinnati,Cincinnati - 1/32-finals,Tallon Griekspoor,Hamad Medjedovic,0,0,0,1,0,0.05555555555555558,0.5555555555555556,1.8,0.5,2.0
12060009,2025-08-09,01:30:00,Cincinnati,Cincinnati - 1/64-finals,Sebastian Ofner,Valentin Royer,0,0,0,1,0,0.0,0.5263157894736842,1.9,0.5263157894736842,1.9
12060298,2025-08-09,03:30:00,Cincinnati,Cincinnati - 1/64-finals,Aleksandar Vukic,Nishesh Basavareddy,0,0,0,1,0,0.10520487264673317,0.5813953488372093,1.72,0.47619047619047616,2.1
12060232,2025-08-09,17:10:00,Cincinnati,Cincinnati - 1/32-finals,Casper Ruud,Arthur Rinderknech,0,0,0,1,0,0.380952380952381,0.7142857142857143,1.4,0.3333333333333333,3.0
12060233,2025-08-09,17:10:00,Cincinnati,Cincinnati - 1/32-finals,Roman Safiullin,Holger Rune,0,0,0,1,0,-0.48351648351648346,0.2857142857142857,3.5,0.7692307692307692,1.3
12060277,2025-08-09,20:15:00,Cincinnati,Cincinnati - 1/32-finals,Tomas Machac,Adrian Mannarino,0,0,0,1,0,0.18633540372670798,0.6211180124223602,1.61,0.4347826086956522,2.3
12060028,2025-08-08,01:45:00,Toronto,Toronto - Final,Karen Khachanov,Ben Shelton,0,0,0,1,0,-0.28498727735368956,0.38167938931297707,2.62,0.6666666666666666,1.5
12059543,2025-08-08,17:10:00,Cincinnati,Cincinnati - 1/64-finals,Camilo Ugo Carabelli,Kei Nishikori,1,0,0,1,0,-0.28498727735368956,0.38167938931297707,2.62,0.6666666666666666,1.5
12060008,2025-08-08,17:10:00,Cincinnati,Cincinnati - 1/64-finals,Luca Nardi,Agustin Tirante Thiago,1,0,0,1,0,-0.2150017468891935,0.42194092827004215,2.37,0.6369426751592356,1.57
12060003,2025-08-08,20:10:00,Cincinnati,Cincinnati - 1/64-finals,Borna Coric,Emilio Nava,0,0,0,1,0,-0.25359477124183005,0.4,2.5,0.6535947712418301,1.53
12059529,2025-08-08,22:10:00,Cincinnati,Cincinnati - 1/64-finals,Jenson Brooksby,Alexandre Muller,1,0,0,1,0,0.10520487264673317,0.5813953488372093,1.72,0.47619047619047616,2.1
12059533,2025-08-08,22:40:00,Cincinnati,Cincinnati - 1/64-finals,Hugo Dellien,Reilly Opelka,0,0,0,1,0,-0.747054747054747,0.15384615384615385,6.5,0.9009009009009008,1.11
12059085,2025-08-07,01:10:00,Toronto,Toronto - Semi-finals,Alexander Zverev,Karen Khachanov,0,0,0,1,0,0.380952380952381,0.7142857142857143,1.4,0.3333333333333333,3.0
12059532,2025-08-07,17:00:00,Cincinnati,ATP Cincinnati - 1/64-finals,Borna Coric,Christopher O'Connell,0,0,0,1,0,0.2150017468891935,0.6369426751592356,1.57,0.42194092827004215,2.37
12059541,2025-08-07,17:10:00,Cincinnati,Cincinnati - 1/64-finals,Arthur Rinderknech,Nuno Borges,1,0,0,1,0,-0.28498727735368956,0.38167938931297707,2.62,0.6666666666666666,1.5
12059537,2025-08-07,17:15:00,Cincinnati,Cincinnati - 1/64-finals,Pedro Martinez,Nicolas Jarry,1,0,0,1,0,-0.5145833333333334,0.26666666666666666,3.75,0.78125,1.28
12060011,2025-08-07,22:55:00,Cincinnati,Cincinnati - 1/64-finals,Jordan Thompson,Adrian Mannarino,0,0,0,1,0,-0.1478641840087624,0.45454545454545453,2.2,0.6024096385542169,1.66
12059500,2025-08-06,17:10:00,Cincinnati,Cincinnati - Final,Alexander Shevchenko,Elahi Galan Daniel,0,0,0,1,0,0.19249823071479122,0.6369426751592356,1.57,0.4444444444444444,2.25
12059064,2025-08-06,17:40:00,Cincinnati,Cincinnati - Semi-finals,Mikhail Kukushkin,Emilio Nava,0,0,0,1,0,-0.6620689655172414,0.2,5.0,0.8620689655172414,1.16
12059076,2025-08-06,19:30:00,Cincinnati,Cincinnati - Semi-finals,Aleksandar Vukic,Murphy Cassone,1,0,0,1,0,0.35064935064935066,0.7142857142857143,1.4,0.36363636363636365,2.75
12059565,2025-08-06,19:55:00,Cincinnati,Cincinnati - Final,Adrian Mannarino,Dalibor Svrcina,1,0,0,1,0,0.2666666666666666,0.6666666666666666,1.5,0.4,2.5
12059074,2025-08-06,20:05:00,Cincinnati,Cincinnati - Semi-finals,Kent Trotter James,Agustin Tirante Thiago,0,0,0,1,0,-0.23165384297178793,0.42194092827004215,2.37,0.6535947712418301,1.53
12059498,2025-08-06,20:05:00,Cincinnati,Cincinnati - Final,Luca Nardi,Alexander Blockx,0,0,0,1,0,-0.08139534883720934,0.5,2.0,0.5813953488372093,1.72
12059501,2025-08-06,20:40:00,Cincinnati,Cincinnati - Final,Colton Smith,Nikoloz Basilashvili,1,0,0,1,0,0.12621916236374076,0.6024096385542169,1.66,0.47619047619047616,2.1
12058379,2025-08-05,04:15:00,Toronto,Toronto - Quarter-finals,Alex Michelsen,Karen Khachanov,0,0,0,1,0,-0.3308080808080808,0.36363636363636365,2.75,0.6944444444444444,1.44
12059071,2025-08-05,16:40:00,Cincinnati,Cincinnati - Semi-finals,Valentin Royer,Pablo Ficovich Juan,1,0,0,1,0,0.31276505513146735,0.6944444444444444,1.44,0.38167938931297707,2.62
12059075,2025-08-05,16:40:00,Cincinnati,ATP Cincinnati - Semi-finals,Hsin Tseng Chun,Zachary Svajda,0,0,0,1,0,-0.5333333333333334,0.26666666666666666,3.75,0.8,1.25
12059057,2025-08-05,18:00:00,Cincinnati,Cincinnati - Semi-finals,Manuel Cerundolo Juan,Coleman Wong Chak Lam,0,0,0,1,0,-0.16657255787690567,0.45454545454545453,2.2,0.6211180124223602,1.61
12059055,2025-08-05,18:50:00,Cincinnati,Cincinnati - Semi-finals,Pablo Carreno-Busta,Leandro Riedi,0,0,0,1,0,0.35064935064935066,0.7142857142857143,1.4,0.36363636363636365,2.75
12059060,2025-08-05,19:20:00,Cincinnati,Cincinnati - Semi-finals,Christopher Eubanks,Nikoloz Basilashvili,0,0,0,1,0,-0.31276505513146735,0.38167938931297707,2.62,0.6944444444444444,1.44
12059073,2025-08-05,19:45:00,Cincinnati,Cincinnati - Semi-finals,Alexander Shevchenko,Tyler Zink,1,0,0,1,0,0.4751131221719456,0.7692307692307692,1.3,0.29411764705882354,3.4
12059067,2025-08-05,21:35:00,Cincinnati,Cincinnati - Semi-finals,Adrian Mannarino,Mitchell Krueger,1,0,0,1,0,0.35064935064935066,0.7142857142857143,1.4,0.36363636363636365,2.75
12059069,2025-08-05,22:30:00,Cincinnati,Cincinnati - Semi-finals,Luca Nardi,Aidan Mayo,1,0,0,1,0,0.31276505513146735,0.6944444444444444,1.44,0.38167938931297707,2.62
12058273,2025-08-04,01:10:00,Toronto,Toronto - 1/8-finals,Flavio Cobolli,Ben Shelton,0,0,0,1,0,-0.42279411764705876,0.3125,3.2,0.7352941176470588,1.36
12058143,2025-08-03,01:15:00,Toronto,Toronto - 1/8-finals,Alexei Popyrin,Holger Rune,1,0,0,1,0,-0.3308080808080808,0.36363636363636365,2.75,0.6944444444444444,1.44
12057908,2025-08-02,17:00:00,Toronto,Toronto - 1/16-finals,Christopher O'Connell,Alex De Minaur,0,0,0,1,0,-0.8234683281412254,0.1111111111111111,9.0,0.9345794392523364,1.07
12058118,2025-08-02,20:20:00,Toronto,Toronto - 1/8-finals,Karen Khachanov,Casper Ruud,1,0,0,1,0,0.10520487264673317,0.5813953488372093,1.72,0.47619047619047616,2.1
12057316,2025-08-01,01:25:00,Toronto,Toronto - 1/16-finals,Alexandre Muller,Holger Rune,0,0,0,1,0,-0.588725248930451,0.23094688221709006,4.33,0.819672131147541,1.22
12057909,2025-08-01,21:30:00,Toronto,Toronto - 1/16-finals,Frances Tiafoe,Aleksandar Vukic,1,0,0,1,0,0.380952380952381,0.7142857142857143,1.4,0.3333333333333333,3.0
12057904,2025-08-01,23:10:00,Toronto,Toronto - 1/16-finals,Flavio Cobolli,Fabian Marozsan,1,0,0,1,0,-0.05555555555555558,0.5,2.0,0.5555555555555556,1.8
12056577,2025-07-31,01:15:00,Toronto,Toronto - 1/32-finals,Stefanos Tsitsipas,Christopher O'Connell,0,0,0,1,0,0.380952380952381,0.7142857142857143,1.4,0.3333333333333333,3.0
12057044,2025-07-31,01:25:00,Toronto,Toronto - 1/32-finals,Arthur Fils,Pablo Carreno-Busta,1,0,0,1,0,0.4577620521892967,0.7518796992481203,1.33,0.29411764705882354,3.4
12057315,2025-07-31,17:15:00,Toronto,Toronto - 1/16-finals,Karen Khachanov,Emilio Nava,1,0,0,1,0,0.55,0.8,1.25,0.25,4.0
12057503,2025-07-31,21:30:00,Toronto,Toronto - 1/16-finals,Nuno Borges,Casper Ruud,0,0,0,1,0,-0.28498727735368956,0.38167938931297707,2.62,0.6666666666666666,1.5
12057506,2025-07-31,23:20:00,Toronto,Toronto - 1/16-finals,Learner Tien,Reilly Opelka,1,0,0,1,0,0.10520487264673317,0.5813953488372093,1.72,0.47619047619047616,2.1
12056519,2025-07-30,01:10:00,Toronto,Toronto - 1/32-finals,Denis Shapovalov,Learner Tien,0,0,0,1,0,0.2150017468891935,0.6369426751592356,1.57,0.42194092827004215,2.37
12056474,2025-07-30,01:45:00,Toronto,Toronto - 1/32-finals,Reilly Opelka,Tomas Machac,1,0,0,1,0,-0.2150017468891935,0.42194092827004215,2.37,0.6369426751592356,1.57
12056578,2025-07-30,18:40:00,Toronto,Toronto - 1/32-finals,Aleksandar Vukic,Cameron Norrie,1,0,0,1,0,-0.380952380952381,0.3333333333333333,3.0,0.7142857142857143,1.4
12056954,2025-07-30,18:40:00,Toronto,Toronto - 1/32-finals,Adrian Mannarino,Ben Shelton,0,0,0,1,0,-0.6620689655172414,0.2,5.0,0.8620689655172414,1.16
12057042,2025-07-30,19:00:00,Toronto,Toronto - 1/32-finals,Flavio Cobolli,Alexis Galarneau,1,0,0,1,0,0.588725248930451,0.819672131147541,1.22,0.23094688221709006,4.33
12056100,2025-07-29,01:10:00,Toronto,Toronto - 1/64-finals,Liam Draxl,Pablo Carreno-Busta,0,0,0,1,0,0.25359477124183005,0.6535947712418301,1.53,0.4,2.5
12056108,2025-07-29,03:50:00,Toronto,Toronto - 1/64-finals,Arthur Rinderknech,Alexis Galarneau,0,0,0,1,0,0.25359477124183005,0.6535947712418301,1.53,0.4,2.5
12056533,2025-07-29,17:10:00,Toronto,ATP Toronto - 1/32-finals,Emilio Nava,Ugo Humbert,0,0,0,1,0,-0.4577620521892967,0.29411764705882354,3.4,0.7518796992481203,1.33
12056517,2025-07-29,18:40:00,Toronto,Toronto - 1/32-finals,Tomas Barrios Vera,Alex Michelsen,0,0,0,1,0,-0.6111111111111112,0.2222222222222222,4.5,0.8333333333333334,1.2
12056518,2025-07-29,18:40:00,Toronto,Toronto - 1/32-finals,Giovanni Mpetshi Perricard,Holger Rune,0,0,0,1,0,-0.25359477124183005,0.4,2.5,0.6535947712418301,1.53
12056531,2025-07-29,18:40:00,Toronto,Toronto - 1/32-finals,Alexandre Muller,Miomir Kecmanovic,1,0,0,1,0,-0.25359477124183005,0.4,2.5,0.6535947712418301,1.53
12056526,2025-07-29,19:00:00,Toronto,Toronto - 1/32-finals,Karen Khachanov,Pablo Ficovich Juan,1,0,0,1,0,0.7662337662337662,0.9090909090909091,1.1,0.14285714285714285,7.0
12056530,2025-07-29,21:10:00,Toronto,Toronto - 1/32-finals,Tallon Griekspoor,Martin Etcheverry Tomas,0,0,0,1,0,0.3308080808080808,0.6944444444444444,1.44,0.36363636363636365,2.75
12056534,2025-07-29,23:10:00,Toronto,Toronto - 1/32-finals,Roman Safiullin,Casper Ruud,0,0,0,1,0,-0.3308080808080808,0.36363636363636365,2.75,0.6944444444444444,1.44
12056529,2025-07-29,23:30:00,Toronto,Toronto - 1/32-finals,Nuno Borges,Facundo Bagnis,1,0,0,1,0,0.6953748006379585,0.8771929824561404,1.14,0.18181818181818182,5.5
12056426,2025-07-28,00:35:00,Toronto,Toronto - 1/64-finals,Emilio Nava,Zizou Bergs,1,0,0,1,0,-0.1478641840087624,0.45454545454545453,2.2,0.6024096385542169,1.66
12056433,2025-07-28,17:15:00,Toronto,Toronto - 1/64-finals,Christopher O'Connell,Hsin Tseng Chun,1,0,0,1,0,0.18633540372670798,0.6211180124223602,1.61,0.4347826086956522,2.3
12056109,2025-07-28,19:15:00,Toronto,Toronto - 1/64-finals,Aleksandar Vukic,Pedro Martinez,1,0,0,1,0,0.4577620521892967,0.7518796992481203,1.33,0.29411764705882354,3.4
12056432,2025-07-28,21:25:00,Toronto,Toronto - 1/64-finals,Marcos Giron,Adrian Mannarino,0,0,0,1,0,0.380952380952381,0.7142857142857143,1.4,0.3333333333333333,3.0
12056097,2025-07-28,23:10:00,Toronto,Toronto - 1/64-finals,Roberto Carballes Baena,Camilo Ugo Carabelli,1,0,0,1,0,-0.10520487264673317,0.47619047619047616,2.1,0.5813953488372093,1.72
12056143,2025-07-27,16:30:00,Toronto,Toronto - Final,Alexander Blockx,Duje Ajdukovic,1,0,0,1,0,0.4751131221719456,0.7692307692307692,1.3,0.29411764705882354,3.4
12056106,2025-07-27,18:40:00,Toronto,Toronto - 1/64-finals,Sebastian Ofner,Reilly Opelka,0,0,0,1,0,-0.28498727735368956,0.38167938931297707,2.62,0.6666666666666666,1.5
12056424,2025-07-27,20:55:00,Toronto,Toronto - 1/64-finals,Gael Monfils,Tomas Barrios Vera,0,0,0,1,0,0.55,0.8,1.25,0.25,4.0
12056422,2025-07-27,23:05:00,Toronto,Toronto - 1/64-finals,Jacob Fearnley,Pablo Ficovich Juan,0,0,0,1,0,0.6111111111111112,0.8333333333333334,1.2,0.2222222222222222,4.5
12056147,2025-07-26,17:10:00,Toronto,Toronto - Final,Pablo Ficovich Juan,Kyrian Jacquet,1,0,0,1,0,-0.2666666666666666,0.4,2.5,0.6666666666666666,1.5
12056149,2025-07-26,17:10:00,Toronto,Toronto - Final,Adrian Mannarino,Manuel Aguilar Juan Carlos,1,0,0,1,0,0.6953748006379585,0.8771929824561404,1.14,0.18181818181818182,5.5
12056151,2025-07-26,19:35:00,Toronto,Toronto - Final,Emilio Nava,Mitchell Krueger,1,0,0,1,0,0.31276505513146735,0.6944444444444444,1.44,0.38167938931297707,2.62
12056156,2025-07-26,21:30:00,Toronto,Toronto - Final,Hsin Tseng Chun,Ugo Blanchet,0,0,0,1,0,0.2666666666666666,0.6666666666666666,1.5,0.4,2.5
12056142,2025-07-26,22:00:00,Toronto,Toronto - Final,Tomas Barrios Vera,Coleman Wong Chak Lam,1,0,0,1,0,0.0292397660818714,0.5555555555555556,1.8,0.5263157894736842,1.9
12055788,2025-07-25,00:10:00,Washington,Washington - 1/8-finals,Flavio Cobolli,Frances Tiafoe,0,0,0,1,0,-0.10520487264673317,0.47619047619047616,2.1,0.5813953488372093,1.72
12055831,2025-07-25,18:40:00,ATP Umag,Umag - Semi-finals,Camilo Ugo Carabelli,Luciano Darderi,0,0,0,1,0,-0.4577620521892967,0.29411764705882354,3.4,0.7518796992481203,1.33
12055029,2025-07-24,01:15:00,Washington,Washington - 1/16-finals,Flavio Cobolli,Yoshihito Nishioka,1,0,0,1,0,0.42279411764705876,0.7352941176470588,1.36,0.3125,3.2
12055530,2025-07-24,15:25:00,Kitzbuhel,Kitzbuhel - Quarter-finals,Alexander Bublik,Alexander Shevchenko,1,0,0,1,0,0.55,0.8,1.25,0.25,4.0
12055288,2025-07-24,16:40:00,ATP Umag,Umag - Quarter-finals,Pablo Llamas Ruiz,Camilo Ugo Carabelli,0,0,0,1,0,0.05555555555555558,0.5555555555555556,1.8,0.5,2.0
12055532,2025-07-24,18:10:00,ATP Umag,Umag - Quarter-finals,Carlos Taberner,Jesper De Jong,1,0,0,1,0,-0.380952380952381,0.3333333333333333,3.0,0.7142857142857143,1.4
12054837,2025-07-23,01:00:00,Washington,ATP Washington - 1/16-finals,Alexandre Muller,Holger Rune,0,0,0,1,0,-0.4577620521892967,0.29411764705882354,3.4,0.7518796992481203,1.33
12054935,2025-07-23,11:10:00,Kitzbuhel,Kitzbuhel - 1/8-finals,Arthur Rinderknech,Norbert Gombos,1,0,0,1,0,0.28498727735368956,0.6666666666666666,1.5,0.38167938931297707,2.62
12054829,2025-07-23,15:30:00,Kitzbuhel,Kitzbuhel - 1/8-finals,Alexander Shevchenko,Marton Fucsovics,1,0,0,1,0,-0.2150017468891935,0.42194092827004215,2.37,0.6369426751592356,1.57
12055144,2025-07-23,16:15:00,Kitzbuhel,Kitzbuhel - 1/8-finals,Alexander Bublik,Agustin Tirante Thiago,1,0,0,1,0,0.28498727735368956,0.6666666666666666,1.5,0.38167938931297707,2.62
12055146,2025-07-23,16:35:00,ATP Umag,Umag - 1/8-finals,Jesper De Jong,Mariano Navone,1,0,0,1,0,-0.3308080808080808,0.36363636363636365,2.75,0.6944444444444444,1.44
12054937,2025-07-23,18:50:00,Washington,Washington - 1/16-finals,Daniil Medvedev,Reilly Opelka,1,0,0,1,0,0.48351648351648346,0.7692307692307692,1.3,0.2857142857142857,3.5
12055337,2025-07-23,20:05:00,ATP Umag,Umag - 1/8-finals,Nikoloz Basilashvili,Dino Prizmic,0,0,0,1,0,-0.28498727735368956,0.38167938931297707,2.62,0.6666666666666666,1.5
12054833,2025-07-23,20:20:00,ATP Umag,Umag - 1/8-finals,Hsin Tseng Chun,Luciano Darderi,0,0,0,1,0,-0.42279411764705876,0.3125,3.2,0.7352941176470588,1.36
12055030,2025-07-23,21:15:00,Washington,Washington - 1/16-finals,Taylor Fritz,Aleksandar Vukic,1,0,0,1,0,0.7261904761904762,0.8928571428571428,1.12,0.16666666666666666,6.0
12054501,2025-07-22,01:05:00,Washington,Washington - 1/32-finals,Giovanni Mpetshi Perricard,Aleksandar Vukic,0,0,0,1,0,0.2150017468891935,0.6369426751592356,1.57,0.42194092827004215,2.37
12054331,2025-07-22,11:10:00,Kitzbuhel,Kitzbuhel - 1/16-finals,Botic Van De Zandschulp,Nicolas Jarry,1,0,0,1,0,-0.28498727735368956,0.38167938931297707,2.62,0.6666666666666666,1.5
12054648,2025-07-22,13:15:00,Kitzbuhel,Kitzbuhel - 1/16-finals,Sebastian Ofner,Jan-Lennard Struff,0,0,0,1,0,0.10520487264673317,0.5813953488372093,1.72,0.47619047619047616,2.1
12054326,2025-07-22,16:20:00,Kitzbuhel,Kitzbuhel - 1/16-finals,Jaime Faria,Agustin Tirante Thiago,0,0,0,1,0,-0.25359477124183005,0.4,2.5,0.6535947712418301,1.53
12054662,2025-07-22,16:40:00,ATP Umag,Umag - 1/8-finals,Francesco Passaro,Camilo Ugo Carabelli,0,0,0,1,0,0.0,0.5263157894736842,1.9,0.5263157894736842,1.9
12054258,2025-07-22,19:30:00,ATP Umag,Umag - 1/16-finals,Jesper De Jong,Mili Poljicak,1,0,0,1,0,0.48351648351648346,0.7692307692307692,1.3,0.2857142857142857,3.5
12054330,2025-07-21,11:10:00,Kitzbuhel,Kitzbuhel - 1/16-finals,Alexander Shevchenko,Elahi Galan Daniel,1,0,0,1,0,0.2150017468891935,0.6369426751592356,1.57,0.42194092827004215,2.37
12054651,2025-07-21,16:40:00,ATP Umag,Umag - 1/16-finals,Hsin Tseng Chun,Giulio Zeppieri,1,0,0,1,0,-0.10520487264673317,0.47619047619047616,2.1,0.5813953488372093,1.72
12054504,2025-07-21,17:10:00,Washington,Washington - 1/32-finals,Ethan Quinn,Christopher O'Connell,1,0,0,1,0,0.25359477124183005,0.6535947712418301,1.53,0.4,2.5
12054664,2025-07-21,18:40:00,Washington,Washington - 1/32-finals,Beibit Zhukayev,Alexandre Muller,0,0,0,1,0,-0.42279411764705876,0.3125,3.2,0.7352941176470588,1.36
12054256,2025-07-21,19:50:00,ATP Umag,Umag - 1/16-finals,Roberto Carballes Baena,Nikoloz Basilashvili,0,0,0,1,0,-0.10520487264673317,0.47619047619047616,2.1,0.5813953488372093,1.72
12054255,2025-07-21,20:20:00,ATP Umag,Umag - 1/16-finals,Tomas Barrios Vera,Mariano Navone,0,0,0,1,0,-0.55,0.25,4.0,0.8,1.25
12054627,2025-07-21,20:20:00,Kitzbuhel,Kitzbuhel - 1/16-finals,Hugo Gaston,Norbert Gombos,0,0,0,1,0,0.28498727735368956,0.6666666666666666,1.5,0.38167938931297707,2.62
12054666,2025-07-21,21:10:00,Washington,Washington - 1/32-finals,Reilly Opelka,Murphy Cassone,1,0,0,1,0,0.48351648351648346,0.7692307692307692,1.3,0.2857142857142857,3.5
12054505,2025-07-21,22:35:00,Washington,Washington - 1/32-finals,Learner Tien,Emilio Nava,1,0,0,1,0,0.2150017468891935,0.6369426751592356,1.57,0.42194092827004215,2.37
12054312,2025-07-20,05:10:00,Los Cabos,Los Cabos - Final,Aleksandar Kovacevic,Denis Shapovalov,0,0,0,1,0,-0.48351648351648346,0.2857142857142857,3.5,0.7692307692307692,1.3
12054386,2025-07-20,11:40:00,Gstaad,Gstaad - Final,Manuel Cerundolo Juan,Alexander Bublik,0,0,0,1,0,-0.55,0.25,4.0,0.8,1.25
12054388,2025-07-20,12:40:00,Kitzbuhel,Kitzbuhel - Final,Jan-Lennard Struff,Jurij Rodionov,1,0,0,1,0,0.40196078431372545,0.7352941176470588,1.36,0.3333333333333333,3.0
12054385,2025-07-20,14:05:00,ATP Bastad,Bastad - Final,Luciano Darderi,Jesper De Jong,1,0,0,1,0,0.28498727735368956,0.6666666666666666,1.5,0.38167938931297707,2.62
12054389,2025-07-20,14:10:00,Kitzbuhel,Kitzbuhel - Final,Norbert Gombos,Radu Albot,1,0,0,1,0,0.16657255787690567,0.6211180124223602,1.61,0.45454545454545453,2.2
12054391,2025-07-20,15:40:00,ATP Umag,Umag - Final,Giulio Zeppieri,Luca van Assche,1,0,0,1,0,0.16657255787690567,0.6211180124223602,1.61,0.45454545454545453,2.2
12054506,2025-07-20,19:10:00,Washington,Washington - Final,Andrea Vavassori,Beibit Zhukayev,0,0,0,1,0,-0.12621916236374076,0.47619047619047616,2.1,0.6024096385542169,1.66
12054541,2025-07-20,19:20:00,ATP Hopman Cup,,Flavio Cobolli,Felix Auger-Aliassime,1,0,0,1,0,-0.08139534883720934,0.5,2.0,0.5813953488372093,1.72
12054088,2025-07-19,04:40:00,Los Cabos,Los Cabos - Semi-finals,Denis Shapovalov,Adam Walton,1,0,0,1,0,0.4577620521892967,0.7518796992481203,1.33,0.29411764705882354,3.4
12054132,2025-07-19,11:10:00,Gstaad,Gstaad - Semi-finals,Manuel Cerundolo Juan,Ignacio Buse,1,0,0,1,0,0.1478641840087624,0.6024096385542169,1.66,0.45454545454545453,2.2
12054130,2025-07-19,13:10:00,ATP Bastad,Bastad - Semi-finals,Camilo Ugo Carabelli,Jesper De Jong,0,0,0,1,0,-0.10520487264673317,0.47619047619047616,2.1,0.5813953488372093,1.72
12054232,2025-07-19,14:35:00,Kitzbuhel,Kitzbuhel - Semi-finals,Sandro Kopp,Jurij Rodionov,0,0,0,1,0,-0.44418739155581255,0.3076923076923077,3.25,0.7518796992481203,1.33
12054233,2025-07-19,14:40:00,Kitzbuhel,Kitzbuhel - Semi-finals,Martin Landaluce,Norbert Gombos,0,0,0,1,0,0.40196078431372545,0.7352941176470588,1.36,0.3333333333333333,3.0
12054234,2025-07-19,16:15:00,Kitzbuhel,Kitzbuhel - Semi-finals,Radu Albot,Jerome Kym,1,0,0,1,0,-0.4751131221719456,0.29411764705882354,3.4,0.7692307692307692,1.3
12054238,2025-07-19,17:10:00,ATP Umag,Umag - Semi-finals,Federico Coria,Giulio Zeppieri,0,0,0,1,0,-0.35064935064935066,0.36363636363636365,2.75,0.7142857142857143,1.4
12054242,2025-07-19,19:10:00,ATP Umag,Umag - Semi-finals,Marco Trungelliti,Luka Mikrut,0,0,0,1,0,0.16657255787690567,0.6211180124223602,1.61,0.45454545454545453,2.2
12054295,2025-07-19,19:10:00,Washington,,Aleksandar Vukic,Andrea Vavassori,0,0,0,1,0,0.40196078431372545,0.7352941176470588,1.36,0.3333333333333333,3.0
12054382,2025-07-19,20:15:00,Washington,Washington - Semi-finals,Alfredo Perez,Andrea Vavassori,0,0,0,1,0,-0.5333333333333334,0.26666666666666666,3.75,0.8,1.25
12053875,2025-07-18,03:10:00,Los Cabos,Los Cabos - Quarter-finals,Tristan Schoolkate,Denis Shapovalov,0,0,0,1,0,-0.42279411764705876,0.3125,3.2,0.7352941176470588,1.36
12053870,2025-07-18,04:50:00,Los Cabos,Los Cabos - Quarter-finals,Andrey Rublev,Emilio Nava,1,0,0,1,0,0.6620689655172414,0.8620689655172414,1.16,0.2,5.0
12053872,2025-07-18,07:30:00,Los Cabos,Los Cabos - Quarter-finals,Pablo Ficovich Juan,Aleksandar Kovacevic,0,0,0,1,0,-0.380952380952381,0.3333333333333333,3.0,0.7142857142857143,1.4
12053720,2025-07-18,11:05:00,ATP Bastad,Bastad - Quarter-finals,Jesper De Jong,Tallon Griekspoor,1,0,0,1,0,-0.18633540372670798,0.4347826086956522,2.3,0.6211180124223602,1.61
12053886,2025-07-18,13:10:00,Gstaad,Gstaad - Quarter-finals,Casper Ruud,Manuel Cerundolo Juan,0,0,0,1,0,0.6111111111111112,0.8333333333333334,1.2,0.2222222222222222,4.5
12053923,2025-07-18,14:05:00,ATP Bastad,Bastad - Quarter-finals,Camilo Ugo Carabelli,Filip Misolic,1,0,0,1,0,0.0,0.5263157894736842,1.9,0.5263157894736842,1.9
12052027,2025-07-18,20:15:00,ATP Hopman Cup,,Flavio Cobolli,Richard Gasquet,1,0,0,1,0,0.6398467432950192,0.8620689655172414,1.16,0.2222222222222222,4.5
12052962,2025-07-17,03:05:00,Los Cabos,Los Cabos - 1/8-finals,Quentin Halys,Pablo Ficovich Juan,0,0,0,1,0,0.48351648351648346,0.7692307692307692,1.3,0.2857142857142857,3.5
12053458,2025-07-17,03:10:00,Los Cabos,Los Cabos - 1/8-finals,Govind Nanda,Denis Shapovalov,0,0,0,1,0,-0.6111111111111112,0.2222222222222222,4.5,0.8333333333333334,1.2
12053459,2025-07-17,03:10:00,Los Cabos,Los Cabos - 1/8-finals,Emilio Nava,Yunchaokete Bu,1,0,0,1,0,-0.05555555555555558,0.5,2.0,0.5555555555555556,1.8
12053541,2025-07-17,11:05:00,ATP Bastad,Bastad - 1/8-finals,Camilo Ugo Carabelli,Botic Van De Zandschulp,1,0,0,1,0,-0.05555555555555558,0.5,2.0,0.5555555555555556,1.8
12053050,2025-07-17,12:10:00,Gstaad,Gstaad - 1/8-finals,Manuel Cerundolo Juan,David Goffin,1,0,0,1,0,0.18344447122465912,0.6172839506172839,1.62,0.4338394793926248,2.3049999999999997
12053504,2025-07-17,14:15:00,ATP Bastad,Bastad - 1/8-finals,Filip Misolic,Nuno Borges,1,0,0,1,0,-0.1478641840087624,0.45454545454545453,2.2,0.6024096385542169,1.66
12053280,2025-07-17,16:10:00,Gstaad,Gstaad - 1/8-finals,Alexander Shevchenko,Alexander Bublik,0,0,0,1,0,-0.3308080808080808,0.36363636363636365,2.75,0.6944444444444444,1.44
12052025,2025-07-17,18:45:00,ATP Hopman Cup,,Richard Gasquet,Duje Ajdukovic,1,0,0,1,0,-0.23165384297178793,0.42194092827004215,2.37,0.6535947712418301,1.53
12052309,2025-07-16,04:55:00,Los Cabos,Los Cabos - 1/16-finals,James Duckworth,Adrian Mannarino,1,0,0,1,0,0.05555555555555558,0.5555555555555556,1.8,0.5,2.0
12052999,2025-07-16,11:05:00,ATP Bastad,Bastad - 1/8-finals,Vit Kopriva,Jesper De Jong,0,0,0,1,0,0.05555555555555558,0.5555555555555556,1.8,0.5,2.0
12052213,2025-07-16,11:10:00,ATP Bastad,Bastad - 1/16-finals,Tomas Barrios Vera,Mariano Navone,0,0,0,1,0,-0.55,0.25,4.0,0.8,1.25
12052219,2025-07-16,13:20:00,ATP Bastad,Bastad - 1/16-finals,Camilo Ugo Carabelli,Cristian Garin,1,0,0,1,0,-0.10520487264673317,0.47619047619047616,2.1,0.5813953488372093,1.72
12053000,2025-07-16,15:10:00,ATP Bastad,Bastad - 1/8-finals,Andrea Pellegrino,Tallon Griekspoor,0,0,0,1,0,-0.5145833333333334,0.26666666666666666,3.75,0.78125,1.28
12052788,2025-07-16,15:25:00,Gstaad,Gstaad - 1/8-finals,Casper Ruud,Dominic Stricker,1,0,0,1,0,0.55,0.8,1.25,0.25,4.0
12051267,2025-07-16,19:50:00,ATP Hopman Cup,,Flavio Cobolli,Duje Ajdukovic,1,0,0,1,0,0.7110389610389609,0.8928571428571428,1.12,0.18181818181818182,5.5
12052313,2025-07-15,05:20:00,Los Cabos,Los Cabos - 1/16-finals,Aleksandar Vukic,Emilio Nava,0,0,0,1,0,0.0,0.5263157894736842,1.9,0.5263157894736842,1.9
12052311,2025-07-15,06:10:00,Los Cabos,Los Cabos - 1/16-finals,Alibek Kachmazov,Pablo Ficovich Juan,0,0,0,1,0,0.2150017468891935,0.6369426751592356,1.57,0.42194092827004215,2.37
12052493,2025-07-15,10:35:00,Gstaad,Gstaad - 1/16-finals,Francisco Comesana,Marco Trungelliti,1,0,0,1,0,0.2150017468891935,0.6369426751592356,1.57,0.42194092827004215,2.37
12052225,2025-07-15,10:40:00,Gstaad,Gstaad - 1/16-finals,Manuel Cerundolo Juan,Jan-Lennard Struff,1,0,0,1,0,-0.18633540372670798,0.4347826086956522,2.3,0.6211180124223602,1.61
12052215,2025-07-15,11:05:00,ATP Bastad,Bastad - 1/16-finals,Hugo Gaston,Hsin Tseng Chun,1,0,0,1,0,-0.1478641840087624,0.45454545454545453,2.2,0.6024096385542169,1.66
12052217,2025-07-15,11:10:00,ATP Bastad,Bastad - 1/16-finals,Sebastian Ofner,Damir Dzumhur,0,0,0,1,0,0.25359477124183005,0.6535947712418301,1.53,0.4,2.5
12052228,2025-07-15,18:10:00,Gstaad,Gstaad - 1/16-finals,Alexander Shevchenko,Stan Wawrinka,1,0,0,1,0,-0.05555555555555558,0.5,2.0,0.5555555555555556,1.8
12052396,2025-07-14,12:45:00,ATP Bastad,Bastad - Final,Andrea Pellegrino,Timofey Skatov,1,0,0,1,0,-0.12621916236374076,0.47619047619047616,2.1,0.6024096385542169,1.66
12052218,2025-07-14,14:00:00,ATP Bastad,Bastad - 1/16-finals,William Rejchtman Vinciguerra,Jesper De Jong,0,0,0,1,0,-0.9516374714394517,0.038461538461538464,26.0,0.9900990099009901,1.01
12052224,2025-07-14,15:30:00,Gstaad,Gstaad - 1/16-finals,Arthur Cazaux,Nikoloz Basilashvili,1,0,0,1,0,0.10520487264673317,0.5813953488372093,1.72,0.47619047619047616,2.1
12052229,2025-07-14,18:40:00,Gstaad,Gstaad - 1/16-finals,Dominic Stricker,Pierre-Hugues Herbert,1,0,0,1,0,0.1478641840087624,0.6024096385542169,1.66,0.45454545454545453,2.2
12052119,2025-07-13,13:55:00,Gstaad,Gstaad - Final,Marco Trungelliti,Henry Bernet,1,0,0,1,0,0.40196078431372545,0.7352941176470588,1.36,0.3333333333333333,3.0
12052114,2025-07-13,14:45:00,ATP Bastad,Bastad - Semi-finals,Filip Misolic,Radu Albot,1,0,0,1,0,0.6620689655172414,0.8620689655172414,1.16,0.2,5.0
12052115,2025-07-13,16:30:00,ATP Bastad,Bastad - Semi-finals,Sumit Nagal,Timofey Skatov,0,0,0,1,0,0.0,0.5464480874316939,1.83,0.5464480874316939,1.83
12051954,2025-07-12,14:10:00,Gstaad,Gstaad - Semi-finals,Marco Trungelliti,Alexander Ritschard,1,0,0,1,0,0.44418739155581255,0.7518796992481203,1.33,0.3076923076923077,3.25
12050629,2025-07-09,17:25:00,Wimbledon,Wimbledon - Quarter-finals,Flavio Cobolli,Novak Djokovic,0,0,0,1,0,-0.8009259259259258,0.125,8.0,0.9259259259259258,1.08
12050277,2025-07-08,14:10:00,Wimbledon,Wimbledon - Quarter-finals,Taylor Fritz,Karen Khachanov,1,0,0,1,0,0.5145833333333334,0.78125,1.28,0.26666666666666666,3.75
12049946,2025-07-07,12:15:00,Wimbledon,Wimbledon - 1/8-finals,Marin Cilic,Flavio Cobolli,0,0,0,1,0,-0.05555555555555558,0.5,2.0,0.5555555555555556,1.8
12049880,2025-07-06,12:15:00,Wimbledon,Wimbledon - 1/8-finals,Karen Khachanov,Kamil Majchrzak,1,0,0,1,0,0.4577620521892967,0.7518796992481203,1.33,0.29411764705882354,3.4
12049878,2025-07-06,14:10:00,Wimbledon,Wimbledon - 1/8-finals,Taylor Fritz,Jordan Thompson,1,0,0,1,0,0.7261904761904762,0.8928571428571428,1.12,0.16666666666666666,6.0
12049879,2025-07-06,15:40:00,Wimbledon,Wimbledon - 1/8-finals,Nicolas Jarry,Cameron Norrie,0,0,0,1,0,-0.05555555555555558,0.5,2.0,0.5555555555555556,1.8
12049561,2025-07-05,12:10:00,Wimbledon,Wimbledon - 1/16-finals,Flavio Cobolli,Jakub Mensik,1,0,0,1,0,-0.25359477124183005,0.4,2.5,0.6535947712418301,1.53
12049563,2025-07-05,15:35:00,Wimbledon,Wimbledon - 1/16-finals,Grigor Dimitrov,Sebastian Ofner,1,0,0,1,0,0.5145833333333334,0.78125,1.28,0.26666666666666666,3.75
12049389,2025-07-04,14:45:00,Wimbledon,Wimbledon - 1/16-finals,Andrey Rublev,Adrian Mannarino,1,0,0,1,0,0.55,0.8,1.25,0.25,4.0
12049565,2025-07-04,16:10:00,Wimbledon,Wimbledon - 1/16-finals,Luciano Darderi,Jordan Thompson,0,0,0,1,0,-0.1478641840087624,0.45454545454545453,2.2,0.6024096385542169,1.66
12049388,2025-07-04,16:50:00,Wimbledon,Wimbledon - 1/16-finals,Nicolas Jarry,Joao Fonseca,1,0,0,1,0,-0.3308080808080808,0.36363636363636365,2.75,0.6944444444444444,1.44
12049387,2025-07-04,17:00:00,Wimbledon,Wimbledon - 1/16-finals,Nuno Borges,Karen Khachanov,0,0,0,1,0,-0.380952380952381,0.3333333333333333,3.0,0.7142857142857143,1.4
12048957,2025-07-03,12:10:00,Wimbledon,Wimbledon - 1/32-finals,Miomir Kecmanovic,Jesper De Jong,1,0,0,1,0,0.380952380952381,0.7142857142857143,1.4,0.3333333333333333,3.0
12049034,2025-07-03,12:10:00,Wimbledon,Wimbledon - 1/32-finals,Flavio Cobolli,Jack Pinnington Jones,1,0,0,1,0,0.42279411764705876,0.7352941176470588,1.36,0.3125,3.2
12049216,2025-07-03,16:50:00,Wimbledon,Wimbledon - 1/32-finals,Brandon Nakashima,Reilly Opelka,1,0,0,1,0,0.3308080808080808,0.6944444444444444,1.44,0.36363636363636365,2.75
12048960,2025-07-03,17:35:00,Wimbledon,Wimbledon - 1/32-finals,Sebastian Ofner,Tommy Paul,1,0,0,1,0,-0.6620689655172414,0.2,5.0,0.8620689655172414,1.16
12048963,2025-07-03,18:30:00,Wimbledon,Wimbledon - 1/32-finals,Lorenzo Sonego,Nikoloz Basilashvili,1,0,0,1,0,0.3308080808080808,0.6944444444444444,1.44,0.36363636363636365,2.75
12048962,2025-07-03,19:45:00,Wimbledon,Wimbledon - 1/32-finals,Jannik Sinner,Aleksandar Vukic,1,0,0,1,0,0.9556162512803005,0.9900990099009901,1.01,0.034482758620689655,29.0
12048397,2025-07-02,14:20:00,Wimbledon,Wimbledon - 1/32-finals,Adrian Mannarino,Valentin Royer,1,0,0,1,0,0.380952380952381,0.7142857142857143,1.4,0.3333333333333333,3.0
12048395,2025-07-02,14:25:00,Wimbledon,Wimbledon - 1/32-finals,Nicolas Jarry,Learner Tien,1,0,0,1,0,0.1478641840087624,0.6024096385542169,1.66,0.45454545454545453,2.2
12048808,2025-07-02,14:35:00,Wimbledon,Wimbledon - 1/32-finals,Shintaro Mochizuki,Karen Khachanov,0,0,0,1,0,-0.6953748006379585,0.18181818181818182,5.5,0.8771929824561404,1.14
12048393,2025-07-02,15:50:00,Wimbledon,Wimbledon - 1/32-finals,Nuno Borges,Billy Harris,1,0,0,1,0,0.2150017468891935,0.6369426751592356,1.57,0.42194092827004215,2.37
12048401,2025-07-02,17:15:00,Wimbledon,Wimbledon - 1/32-finals,Jordan Thompson,Benjamin Bonzi,1,0,0,1,0,-0.25359477124183005,0.4,2.5,0.6535947712418301,1.53
12047778,2025-07-01,12:05:00,Wimbledon,Wimbledon - 1/64-finals,Hsin Tseng Chun,Aleksandar Vukic,0,0,0,1,0,-0.588725248930451,0.23094688221709006,4.33,0.819672131147541,1.22
12047717,2025-07-01,13:35:00,Wimbledon,Wimbledon - 1/64-finals,Nikoloz Basilashvili,Lorenzo Musetti,1,0,0,1,0,-0.42279411764705876,0.3125,3.2,0.7352941176470588,1.36
12047730,2025-07-01,13:40:00,Wimbledon,Wimbledon - 1/64-finals,Jesper De Jong,Christopher Eubanks,1,0,0,1,0,0.05555555555555558,0.5555555555555556,1.8,0.5,2.0
12047763,2025-07-01,13:50:00,Wimbledon,Wimbledon - 1/64-finals,Mariano Navone,Denis Shapovalov,1,0,0,1,0,-0.7261904761904762,0.16666666666666666,6.0,0.8928571428571428,1.12
12047765,2025-07-01,14:10:00,Wimbledon,Wimbledon - 1/64-finals,Sebastian Ofner,Hamad Medjedovic,1,0,0,1,0,-0.25359477124183005,0.4,2.5,0.6535947712418301,1.53
12047774,2025-07-01,14:10:00,Wimbledon,Wimbledon - 1/64-finals,Jannik Sinner,Luca Nardi,1,0,0,1,0,0.9606872451951077,0.9900990099009901,1.01,0.029411764705882353,34.0
12047756,2025-07-01,15:35:00,Wimbledon,Wimbledon - 1/64-finals,Shintaro Mochizuki,Giulio Zeppieri,1,0,0,1,0,0.28498727735368956,0.6666666666666666,1.5,0.38167938931297707,2.62
12047726,2025-07-01,17:30:00,Wimbledon,Wimbledon - 1/64-finals,Flavio Cobolli,Beibit Zhukayev,1,0,0,1,0,0.48351648351648346,0.7692307692307692,1.3,0.2857142857142857,3.5
12047773,2025-07-01,18:05:00,Wimbledon,Wimbledon - 1/64-finals,Alexander Shevchenko,Reilly Opelka,0,0,0,1,0,-0.4577620521892967,0.29411764705882354,3.4,0.7518796992481203,1.33
12047743,2025-07-01,18:55:00,Wimbledon,Wimbledon - 1/64-finals,Marcos Giron,Camilo Ugo Carabelli,1,0,0,1,0,0.8846153846153846,0.9615384615384615,1.04,0.07692307692307693,13.0
12047760,2025-07-01,20:10:00,Wimbledon,Wimbledon - 1/64-finals,Alexandre Muller,Novak Djokovic,0,0,0,1,0,-0.9466207490314249,0.043478260869565216,23.0,0.9900990099009901,1.01
12047748,2025-06-30,12:10:00,Wimbledon,Wimbledon - 1/64-finals,Vit Kopriva,Jordan Thompson,0,0,0,1,0,-0.380952380952381,0.3333333333333333,3.0,0.7142857142857143,1.4
12047751,2025-06-30,12:10:00,Wimbledon,Wimbledon - 1/64-finals,Adrian Mannarino,Christopher O'Connell,1,0,0,1,0,0.380952380952381,0.7142857142857143,1.4,0.3333333333333333,3.0
12047771,2025-06-30,14:20:00,Wimbledon,Wimbledon - 1/64-finals,Holger Rune,Nicolas Jarry,0,0,0,1,0,0.5145833333333334,0.78125,1.28,0.26666666666666666,3.75
12047725,2025-06-30,14:55:00,Wimbledon,Wimbledon - 1/64-finals,Francisco Cerundolo,Nuno Borges,0,0,0,1,0,0.25359477124183005,0.6535947712418301,1.53,0.4,2.5
12047723,2025-06-30,15:00:00,Wimbledon,ATP Wimbledon - 1/64-finals,Pablo Carreno-Busta,Chris Rodesch,0,0,0,1,0,-0.3308080808080808,0.36363636363636365,2.75,0.6944444444444444,1.44
12047754,2025-06-30,17:00:00,Wimbledon,Wimbledon - 1/64-finals,Mackenzie McDonald,Karen Khachanov,0,0,0,1,0,-0.55,0.25,4.0,0.8,1.25
12047722,2025-06-30,19:20:00,Wimbledon,Wimbledon - 1/64-finals,Jenson Brooksby,Tallon Griekspoor,1,0,0,1,0,-0.3308080808080808,0.36363636363636365,2.75,0.6944444444444444,1.44
12047865,2025-06-28,15:10:00,Mallorca,Mallorca - Final,Corentin Moutet,Tallon Griekspoor,0,0,0,1,0,-0.25359477124183005,0.4,2.5,0.6535947712418301,1.53
12047528,2025-06-27,15:40:00,Mallorca,Mallorca - Semi-finals,Tallon Griekspoor,Felix Auger-Aliassime,1,0,0,1,0,-0.10520487264673317,0.47619047619047616,2.1,0.5813953488372093,1.72
12046900,2025-06-26,11:40:00,Mallorca,Mallorca - Quarter-finals,Gabriel Diallo,Tallon Griekspoor,0,0,0,1,0,0.05555555555555558,0.5555555555555556,1.8,0.5,2.0
12047177,2025-06-26,12:10:00,Wimbledon,Wimbledon - Final,Tomas Barrios Vera,James McCabe,0,0,0,1,0,0.2666666666666666,0.6666666666666666,1.5,0.4,2.5
12047263,2025-06-26,12:10:00,Wimbledon,Wimbledon - Final,Cristian Garin,Giulio Zeppieri,0,0,0,1,0,0.44418739155581255,0.7518796992481203,1.33,0.3076923076923077,3.25
12047268,2025-06-26,12:10:00,Wimbledon,Wimbledon - Final,Li Tu,Adrian Mannarino,0,0,0,1,0,-0.35064935064935066,0.36363636363636365,2.75,0.7142857142857143,1.4
12047420,2025-06-26,13:30:00,Wimbledon,Wimbledon - Final,Nikoloz Basilashvili,Pablo Ficovich Juan,1,0,0,1,0,0.6252354048964219,0.8474576271186441,1.18,0.2222222222222222,4.5
12047422,2025-06-26,13:45:00,Wimbledon,Wimbledon - Final,Lukas Klein,Nicolas Jarry,0,0,0,1,0,-0.31276505513146735,0.38167938931297707,2.62,0.6944444444444444,1.44
12047423,2025-06-26,16:00:00,Wimbledon,Wimbledon - Final,Dominic Stricker,Shintaro Mochizuki,0,0,0,1,0,-0.2666666666666666,0.4,2.5,0.6666666666666666,1.5
12046153,2025-06-25,12:05:00,Wimbledon,Wimbledon - Semi-finals,Timofey Skatov,Alexander Blockx,0,0,0,1,0,-0.44418739155581255,0.3076923076923077,3.25,0.7518796992481203,1.33
12046844,2025-06-25,12:05:00,Eastbourne,Eastbourne - 1/8-finals,Nuno Borges,Jenson Brooksby,0,0,0,1,0,0.10520487264673317,0.5813953488372093,1.72,0.47619047619047616,2.1
12046175,2025-06-25,12:10:00,Wimbledon,Wimbledon - Semi-finals,Oliver Tarvet,Alexis Galarneau,1,0,0,1,0,0.16657255787690567,0.6211180124223602,1.61,0.45454545454545453,2.2
12046478,2025-06-25,12:10:00,Wimbledon,Wimbledon - Semi-finals,Tomas Barrios Vera,Henrique Rocha,1,0,0,1,0,0.35064935064935066,0.7142857142857143,1.4,0.36363636363636365,2.75
12046848,2025-06-25,14:05:00,Eastbourne,Eastbourne - 1/8-finals,Jakub Mensik,Reilly Opelka,1,0,0,1,0,0.28498727735368956,0.6666666666666666,1.5,0.38167938931297707,2.62
12046155,2025-06-25,15:05:00,Wimbledon,Wimbledon - Semi-finals,Giulio Zeppieri,Paul Jubb,1,0,0,1,0,0.0,0.5464480874316939,1.83,0.5464480874316939,1.83
12046492,2025-06-25,15:05:00,Wimbledon,Wimbledon - Semi-finals,Emilio Nava,Dominic Stricker,0,0,0,1,0,0.16657255787690567,0.6211180124223602,1.61,0.45454545454545453,2.2
12046482,2025-06-25,15:15:00,Wimbledon,Wimbledon - Semi-finals,Nicolai Budkov Kjaer,Adrian Mannarino,0,0,0,1,0,-0.4955357142857143,0.2857142857142857,3.5,0.78125,1.28
12046489,2025-06-25,15:15:00,Wimbledon,Wimbledon - Semi-finals,Jozef Kovalik,Nicolas Jarry,0,0,0,1,0,-0.8009259259259258,0.125,8.0,0.9259259259259258,1.08
12046491,2025-06-25,15:40:00,Wimbledon,Wimbledon - Semi-finals,Felipe Meligeni Alves,Shintaro Mochizuki,0,0,0,1,0,-0.6953748006379585,0.18181818181818182,5.5,0.8771929824561404,1.14
12046485,2025-06-25,15:50:00,Wimbledon,Wimbledon - Semi-finals,Jaime Faria,Marco Trungelliti,1,0,0,1,0,0.31276505513146735,0.6944444444444444,1.44,0.38167938931297707,2.62
12046480,2025-06-25,16:20:00,Wimbledon,Wimbledon - Semi-finals,Oliver Bonding,Pablo Ficovich Juan,0,0,0,1,0,-0.40196078431372545,0.3333333333333333,3.0,0.7352941176470588,1.36
12046479,2025-06-25,16:30:00,Wimbledon,Wimbledon - Semi-finals,Nikoloz Basilashvili,Coleman Wong Chak Lam,1,0,0,1,0,0.16657255787690567,0.6211180124223602,1.61,0.45454545454545453,2.2
12046047,2025-06-24,12:10:00,Eastbourne,Eastbourne - 1/16-finals,George Loffhagen,Reilly Opelka,0,0,0,1,0,-0.2150017468891935,0.42194092827004215,2.37,0.6369426751592356,1.57
12046048,2025-06-24,12:10:00,Eastbourne,Eastbourne - 1/16-finals,Aleksandar Vukic,James Duckworth,0,0,0,1,0,0.3308080808080808,0.6944444444444444,1.44,0.36363636363636365,2.75
12045876,2025-06-24,15:35:00,Eastbourne,Eastbourne - 1/16-finals,Nuno Borges,Jack Pinnington Jones,1,0,0,1,0,0.18633540372670798,0.6211180124223602,1.61,0.4347826086956522,2.3
12046180,2025-06-24,16:10:00,Mallorca,Mallorca - 1/8-finals,Ethan Quinn,Tallon Griekspoor,0,0,0,1,0,-0.25359477124183005,0.4,2.5,0.6535947712418301,1.53
12045880,2025-06-24,19:55:00,Eastbourne,Eastbourne - 1/16-finals,Jacob Fearnley,Flavio Cobolli,1,0,0,1,0,0.1478641840087624,0.6024096385542169,1.66,0.45454545454545453,2.2
12045874,2025-06-23,11:00:00,Eastbourne,ATP Eastbourne - 1/16-finals,Matteo Arnaldi,Reilly Opelka,0,0,0,1,0,-0.1478641840087624,0.45454545454545453,2.2,0.6024096385542169,1.66
12045889,2025-06-23,12:10:00,Mallorca,Mallorca - 1/16-finals,Alexandre Muller,Roman Safiullin,0,0,0,1,0,-0.2150017468891935,0.42194092827004215,2.37,0.6369426751592356,1.57
12045955,2025-06-23,12:10:00,Wimbledon,Wimbledon - Quarter-finals,Manuel Cerundolo Juan,Luca van Assche,0,0,0,1,0,-0.35064935064935066,0.36363636363636365,2.75,0.7142857142857143,1.4
12045958,2025-06-23,12:10:00,Wimbledon,Wimbledon - Quarter-finals,Paul Jubb,Agustin Tirante Thiago,1,0,0,1,0,0.40196078431372545,0.7352941176470588,1.36,0.3333333333333333,3.0
12045959,2025-06-23,12:10:00,Wimbledon,Wimbledon - Quarter-finals,James McCabe,Borna Gojo,1,0,0,1,0,-0.23165384297178793,0.42194092827004215,2.37,0.6535947712418301,1.53
12045960,2025-06-23,12:10:00,Wimbledon,Wimbledon - Quarter-finals,Facundo Mena,Alexander Blockx,0,0,0,1,0,-0.747054747054747,0.15384615384615385,6.5,0.9009009009009008,1.11
12045961,2025-06-23,12:10:00,Wimbledon,Wimbledon - Quarter-finals,Sumit Nagal,Giulio Zeppieri,0,0,0,1,0,-0.4751131221719456,0.29411764705882354,3.4,0.7692307692307692,1.3
12045965,2025-06-23,12:10:00,Wimbledon,Wimbledon - Quarter-finals,Timofey Skatov,Stefano Napolitano,1,0,0,1,0,0.12621916236374076,0.6024096385542169,1.66,0.47619047619047616,2.1
12045956,2025-06-23,12:15:00,Wimbledon,Wimbledon - Quarter-finals,Alexis Galarneau,Murphy Cassone,1,0,0,1,0,-0.5333333333333334,0.26666666666666666,3.75,0.8,1.25
12045979,2025-06-23,13:30:00,Wimbledon,Wimbledon - Quarter-finals,Colton Smith,Santiago Rodriguez Taverna,1,0,0,1,0,0.9215686274509803,0.9803921568627451,1.02,0.058823529411764705,17.0
12045972,2025-06-23,13:35:00,Wimbledon,Wimbledon - Quarter-finals,Marton Fucsovics,Jurij Rodionov,1,0,0,1,0,0.7662337662337662,0.9090909090909091,1.1,0.14285714285714285,7.0
12045969,2025-06-23,13:55:00,Wimbledon,Wimbledon - Quarter-finals,Nikoloz Basilashvili,Pablo Llamas Ruiz,1,0,0,1,0,0.569672131147541,0.819672131147541,1.22,0.25,4.0
12045968,2025-06-23,14:25:00,Wimbledon,Wimbledon - Quarter-finals,Tomas Barrios Vera,James Story,1,0,0,1,0,0.6023864511162433,0.8333333333333334,1.2,0.23094688221709006,4.33
12045989,2025-06-23,15:00:00,Wimbledon,Wimbledon - Quarter-finals,Andrea Collarini,Adrian Mannarino,0,0,0,1,0,-0.8433962264150943,0.1,10.0,0.9433962264150942,1.06
12045998,2025-06-23,15:15:00,Wimbledon,Wimbledon - Quarter-finals,Marco Trungelliti,Alibek Kachmazov,1,0,0,1,0,-0.08139534883720934,0.5,2.0,0.5813953488372093,1.72
12045984,2025-06-23,15:20:00,Wimbledon,Wimbledon - Quarter-finals,Duje Ajdukovic,Benjamin Hassan,0,0,0,1,0,-0.08139534883720934,0.5,2.0,0.5813953488372093,1.72
12045991,2025-06-23,16:05:00,Wimbledon,Wimbledon - Quarter-finals,Jaime Faria,Zsombor Piros,1,0,0,1,0,-0.12621916236374076,0.47619047619047616,2.1,0.6024096385542169,1.66
12045992,2025-06-23,16:20:00,Wimbledon,Wimbledon - Quarter-finals,Pavel Kotov,Nicolas Jarry,0,0,0,1,0,-0.569672131147541,0.25,4.0,0.819672131147541,1.22
12046012,2025-06-23,16:20:00,Wimbledon,Wimbledon - Quarter-finals,Emilio Nava,Mitchell Krueger,1,0,0,1,0,0.4955357142857143,0.78125,1.28,0.2857142857142857,3.5
12046013,2025-06-23,16:40:00,Wimbledon,Wimbledon - Quarter-finals,Saba Purtseladze,Dominic Stricker,0,0,0,1,0,-0.40196078431372545,0.3333333333333333,3.0,0.7352941176470588,1.36
12045951,2025-06-23,17:20:00,Mallorca,Mallorca - 1/16-finals,Camilo Ugo Carabelli,Ethan Quinn,0,0,0,1,0,-0.3308080808080808,0.36363636363636365,2.75,0.6944444444444444,1.44
12046004,2025-06-23,17:30:00,Wimbledon,Wimbledon - Quarter-finals,Pablo Ficovich Juan,Carlos Taberner,1,0,0,1,0,-0.0292397660818714,0.5263157894736842,1.9,0.5555555555555556,1.8
12046010,2025-06-23,17:30:00,Wimbledon,Wimbledon - Quarter-finals,Felipe Meligeni Alves,Alvaro Guillen Meza,1,0,0,1,0,0.4955357142857143,0.78125,1.28,0.2857142857142857,3.5
12046000,2025-06-23,18:10:00,Wimbledon,ATP Wimbledon - Quarter-finals,Oliver Bonding,Jason Kubler,0,0,0,1,0,-0.6953748006379585,0.18181818181818182,5.5,0.8771929824561404,1.14
12045949,2025-06-23,18:40:00,Eastbourne,Eastbourne - 1/16-finals,Hsin Tseng Chun,Alejandro Davidovich Fokina,0,0,0,1,0,-0.48351648351648346,0.2857142857142857,3.5,0.7692307692307692,1.3
12045788,2025-06-22,12:10:00,Eastbourne,Eastbourne - Final,Aleksandar Vukic,Jenson Brooksby,1,0,0,1,0,0.12621916236374076,0.6024096385542169,1.66,0.47619047619047616,2.1
12045829,2025-06-22,16:40:00,Eastbourne,Eastbourne - Final,Mattia Bellucci,Hsin Tseng Chun,1,0,0,1,0,0.35064935064935066,0.7142857142857143,1.4,0.36363636363636365,2.75
12045634,2025-06-21,11:10:00,Mallorca,Mallorca - Semi-finals,Mariano Navone,Sebastian Ofner,1,0,0,1,0,-0.569672131147541,0.25,4.0,0.819672131147541,1.22
12045623,2025-06-21,12:05:00,Eastbourne,Eastbourne - Semi-finals,Aleksandar Vukic,Jay Clarke,1,0,0,1,0,0.6023864511162433,0.8333333333333334,1.2,0.23094688221709006,4.33
12045638,2025-06-21,13:35:00,Mallorca,Mallorca - Semi-finals,Elias Ymer,Alexander Shevchenko,1,0,0,1,0,-0.19249823071479122,0.4444444444444444,2.25,0.6369426751592356,1.57
12045624,2025-06-21,14:00:00,Eastbourne,Eastbourne - Semi-finals,Christopher O'Connell,Johannus Monday,0,0,0,1,0,0.2666666666666666,0.6666666666666666,1.5,0.4,2.5
12045640,2025-06-21,15:50:00,Mallorca,Mallorca - Semi-finals,Bernard Tomic,Jesper De Jong,1,0,0,1,0,-0.4955357142857143,0.2857142857142857,3.5,0.78125,1.28
12045626,2025-06-21,16:05:00,Eastbourne,Eastbourne - Semi-finals,Geoffrey Blancaneaux,Hsin Tseng Chun,0,0,0,1,0,-0.40196078431372545,0.3333333333333333,3.0,0.7352941176470588,1.36
12045627,2025-06-21,16:10:00,Eastbourne,Eastbourne - Semi-finals,Luca Nardi,Billy Harris,0,0,0,1,0,-0.2666666666666666,0.4,2.5,0.6666666666666666,1.5
12045631,2025-06-21,18:35:00,ATP Halle,Halle - Semi-finals,Alexander Bublik,Karen Khachanov,1,0,0,1,0,0.2150017468891935,0.6369426751592356,1.57,0.42194092827004215,2.37
12045381,2025-06-20,13:25:00,ATP Halle,Halle - Quarter-finals,Flavio Cobolli,Alexander Zverev,0,0,0,1,0,-0.6953748006379585,0.18181818181818182,5.5,0.8771929824561404,1.14
12045382,2025-06-20,17:05:00,ATP Halle,Halle - Quarter-finals,Martin Etcheverry Tomas,Karen Khachanov,0,0,0,1,0,-0.42279411764705876,0.3125,3.2,0.7352941176470588,1.36
12045234,2025-06-20,19:10:00,ATP London,London - Quarter-finals,Holger Rune,Roberto Bautista-Agut,0,0,0,1,0,0.48351648351648346,0.7692307692307692,1.3,0.2857142857142857,3.5
12044956,2025-06-19,11:40:00,ATP Halle,Halle - 1/8-finals,Felix Auger-Aliassime,Karen Khachanov,0,0,0,1,0,0.10520487264673317,0.5813953488372093,1.72,0.47619047619047616,2.1
12044723,2025-06-19,12:10:00,ATP Halle,Halle - 1/8-finals,Denis Shapovalov,Flavio Cobolli,0,0,0,1,0,0.2150017468891935,0.6369426751592356,1.57,0.42194092827004215,2.37
12044726,2025-06-19,20:25:00,ATP London,London - 1/8-finals,Reilly Opelka,Arthur Rinderknech,0,0,0,1,0,0.10520487264673317,0.5813953488372093,1.72,0.47619047619047616,2.1
12043500,2025-06-18,11:45:00,ATP Halle,Halle - 1/16-finals,Zizou Bergs,Karen Khachanov,0,0,0,1,0,-0.3308080808080808,0.36363636363636365,2.75,0.6944444444444444,1.44
12044160,2025-06-18,20:35:00,ATP London,London - 1/8-finals,Holger Rune,Mackenzie McDonald,1,0,0,1,0,0.42279411764705876,0.7352941176470588,1.36,0.3125,3.2
12043744,2025-06-17,11:40:00,ATP Halle,Halle - 1/16-finals,Andrey Rublev,Sebastian Ofner,1,0,0,1,0,0.3308080808080808,0.6944444444444444,1.44,0.36363636363636365,2.75
12043968,2025-06-17,11:40:00,ATP Halle,Halle - 1/16-finals,Jesper De Jong,Tomas Machac,0,0,0,1,0,-0.380952380952381,0.3333333333333333,3.0,0.7142857142857143,1.4
12043502,2025-06-17,13:00:00,ATP Halle,Halle - 1/16-finals,Joao Fonseca,Flavio Cobolli,0,0,0,1,0,0.28498727735368956,0.6666666666666666,1.5,0.38167938931297707,2.62
12043792,2025-06-17,13:10:00,ATP London,London - 1/16-finals,Alexei Popyrin,Aleksandar Vukic,1,0,0,1,0,0.2150017468891935,0.6369426751592356,1.57,0.42194092827004215,2.37
12043504,2025-06-17,14:10:00,ATP Halle,Halle - 1/16-finals,Ugo Humbert,Denis Shapovalov,0,0,0,1,0,0.18633540372670798,0.6211180124223602,1.61,0.4347826086956522,2.3
12043519,2025-06-17,15:55:00,ATP London,London - 1/16-finals,Reilly Opelka,Camilo Ugo Carabelli,1,0,0,1,0,0.6953748006379585,0.8771929824561404,1.14,0.18181818181818182,5.5
12043521,2025-06-17,18:05:00,ATP London,London - 1/16-finals,Jordan Thompson,Jaume Munar,0,0,0,1,0,0.4577620521892967,0.7518796992481203,1.33,0.29411764705882354,3.4
12043512,2025-06-16,13:05:00,ATP London,London - 1/16-finals,Roberto Bautista-Agut,Nuno Borges,1,0,0,1,0,0.1478641840087624,0.6024096385542169,1.66,0.45454545454545453,2.2
12043520,2025-06-16,15:00:00,ATP London,ATP London - 1/16-finals,Holger Rune,Matteo Arnaldi,0,0,0,1,0,0.5145833333333334,0.78125,1.28,0.26666666666666666,3.75
12043508,2025-06-16,15:35:00,ATP Halle,Halle - 1/16-finals,Alexandre Muller,Alexander Bublik,0,0,0,1,0,-0.4577620521892967,0.29411764705882354,3.4,0.7518796992481203,1.33
12043438,2025-06-15,13:10:00,ATP Halle,Halle - Final,Laslo Djere,Jesper De Jong,1,0,0,1,0,0.16657255787690567,0.6211180124223602,1.61,0.45454545454545453,2.2
12043555,2025-06-15,13:10:00,ATP Halle,Halle - Final,Nicolas Jarry,Yannick Hanfmann,0,0,0,1,0,0.08139534883720934,0.5813953488372093,1.72,0.5,2.0
12043561,2025-06-15,14:30:00,ATP London,London - Final,Adam Walton,Aleksandar Vukic,0,0,0,1,0,-0.12621916236374076,0.47619047619047616,2.1,0.6024096385542169,1.66
12043556,2025-06-15,14:35:00,ATP Halle,Halle - Final,Justin Engel,Sebastian Ofner,0,0,0,1,0,-0.2666666666666666,0.4,2.5,0.6666666666666666,1.5
12043560,2025-06-15,16:00:00,ATP London,London - Final,Alex Bolt,Christopher O'Connell,1,0,0,1,0,0.05112284785562249,0.5591054313099041,1.7885714285714287,0.5079825834542816,1.9685714285714286
12043337,2025-06-14,11:00:00,ATP Halle,Halle - Semi-finals,Max Schoenhaus,Jesper De Jong,0,0,0,1,0,-0.8614718614718614,0.09090909090909091,11.0,0.9523809523809523,1.05
12043336,2025-06-14,11:10:00,ATP Halle,Halle - Semi-finals,Laslo Djere,Nikoloz Basilashvili,1,0,0,1,0,-0.08139534883720934,0.5,2.0,0.5813953488372093,1.72
12043338,2025-06-14,12:10:00,ATP Halle,Halle - Semi-finals,Learner Tien,Nicolas Jarry,0,0,0,1,0,-0.19249823071479122,0.4444444444444444,2.25,0.6369426751592356,1.57
12043341,2025-06-14,13:30:00,ATP Halle,,Sebastian Ofner,Nishesh Basavareddy,0,0,0,1,0,0.40196078431372545,0.7352941176470588,1.36,0.3333333333333333,3.0
12043312,2025-06-14,15:05:00,ATP London,London - Semi-finals,Manuel Cerundolo Juan,Aleksandar Vukic,0,0,0,1,0,-0.6953748006379585,0.18181818181818182,5.5,0.8771929824561404,1.14
12043313,2025-06-14,16:10:00,ATP London,London - Semi-finals,James Duckworth,Christopher O'Connell,0,0,0,1,0,0.19249823071479122,0.6369426751592356,1.57,0.4444444444444444,2.25
12043234,2025-06-14,18:10:00,Hertogenbosch,Hertogenbosch - Semi-finals,Reilly Opelka,Zizou Bergs,0,0,0,1,0,0.1478641840087624,0.6024096385542169,1.66,0.45454545454545453,2.2
12042899,2025-06-13,11:10:00,Hertogenbosch,Hertogenbosch - Quarter-finals,Nuno Borges,Ugo Humbert,0,0,0,1,0,-0.380952380952381,0.3333333333333333,3.0,0.7142857142857143,1.4
12042756,2025-06-13,12:40:00,Hertogenbosch,Hertogenbosch - Quarter-finals,Gabriel Diallo,Karen Khachanov,1,0,0,1,0,-0.2150017468891935,0.42194092827004215,2.37,0.6369426751592356,1.57
12042985,2025-06-13,15:35:00,Hertogenbosch,Hertogenbosch - Quarter-finals,Daniil Medvedev,Reilly Opelka,0,0,0,1,0,0.5145833333333334,0.78125,1.28,0.26666666666666666,3.75
12042073,2025-06-12,11:00:00,Hertogenbosch,Hertogenbosch - 1/8-finals,Nuno Borges,Otto Virtanen,1,0,0,1,0,0.3308080808080808,0.6944444444444444,1.44,0.36363636363636365,2.75
12042075,2025-06-12,13:10:00,Hertogenbosch,Hertogenbosch - 1/8-finals,Reilly Opelka,Nicolas Jarry,1,0,0,1,0,0.10520487264673317,0.5813953488372093,1.72,0.47619047619047616,2.1
12042507,2025-06-12,17:10:00,Hertogenbosch,Hertogenbosch - 1/8-finals,Daniil Medvedev,Adrian Mannarino,1,0,0,1,0,0.55,0.8,1.25,0.25,4.0
12041665,2025-06-11,11:10:00,Hertogenbosch,Hertogenbosch - 1/8-finals,Jordan Thompson,Gabriel Diallo,0,0,0,1,0,0.25359477124183005,0.6535947712418301,1.53,0.4,2.5
12041411,2025-06-11,12:30:00,Hertogenbosch,Hertogenbosch - 1/16-finals,Adrian Mannarino,Christopher O'Connell,1,0,0,1,0,0.1478641840087624,0.6024096385542169,1.66,0.45454545454545453,2.2
12042074,2025-06-11,15:35:00,Hertogenbosch,Hertogenbosch - 1/8-finals,Mackenzie McDonald,Karen Khachanov,0,0,0,1,0,-0.3308080808080808,0.36363636363636365,2.75,0.6944444444444444,1.44
12041064,2025-06-10,10:00:00,Hertogenbosch,ATP Hertogenbosch - 1/16-finals,Alejandro Tabilo,Jesper De Jong,0,0,0,1,0,-0.05555555555555558,0.5,2.0,0.5555555555555556,1.8
12041075,2025-06-10,11:10:00,Stuttgart,Stuttgart - 1/16-finals,Denis Shapovalov,Arthur Rinderknech,0,0,0,1,0,0.3308080808080808,0.6944444444444444,1.44,0.36363636363636365,2.75
12041408,2025-06-10,16:40:00,Hertogenbosch,Hertogenbosch - 1/16-finals,Reilly Opelka,Jesper De Jong,1,0,0,1,0,0.18633540372670798,0.6211180124223602,1.61,0.4347826086956522,2.3
12041062,2025-06-09,11:10:00,Hertogenbosch,Hertogenbosch - 1/16-finals,Gabriel Diallo,Aleksandar Vukic,1,0,0,1,0,0.25359477124183005,0.6535947712418301,1.53,0.4,2.5
12041251,2025-06-09,11:10:00,Hertogenbosch,Hertogenbosch - Final,Reilly Opelka,Mark Lajal,0,0,0,1,0,0.31276505513146735,0.6944444444444444,1.44,0.38167938931297707,2.62
12041254,2025-06-09,11:10:00,Hertogenbosch,Hertogenbosch - Final,Adrian Mannarino,Alexander Blockx,0,0,0,1,0,0.2666666666666666,0.6666666666666666,1.5,0.4,2.5
12041061,2025-06-09,11:15:00,Hertogenbosch,Hertogenbosch - 1/16-finals,Nuno Borges,Nishesh Basavareddy,1,0,0,1,0,0.25359477124183005,0.6535947712418301,1.53,0.4,2.5
12041063,2025-06-09,13:05:00,Hertogenbosch,Hertogenbosch - 1/16-finals,Nicolas Jarry,Luciano Darderi,1,0,0,1,0,0.18633540372670798,0.6211180124223602,1.61,0.4347826086956522,2.3
12041065,2025-06-09,16:15:00,Hertogenbosch,Hertogenbosch - 1/16-finals,Jordan Thompson,Aleksandar Kovacevic,1,0,0,1,0,0.380952380952381,0.7142857142857143,1.4,0.3333333333333333,3.0
12040984,2025-06-08,13:00:00,Stuttgart,Stuttgart - Final,James Duckworth,Nikoloz Basilashvili,1,0,0,1,0,0.16657255787690567,0.6211180124223602,1.61,0.45454545454545453,2.2
12040815,2025-06-08,14:35:00,Hertogenbosch,Hertogenbosch - Semi-finals,Reilly Opelka,Denis Yevseyev,1,0,0,1,0,0.569672131147541,0.819672131147541,1.22,0.25,4.0
12040817,2025-06-08,15:05:00,Hertogenbosch,Hertogenbosch - Semi-finals,Adrian Mannarino,Daniel Dutra Da Silva,1,0,0,1,0,0.8846153846153846,0.9615384615384615,1.04,0.07692307692307693,13.0
12040823,2025-06-07,12:55:00,Stuttgart,Stuttgart - Semi-finals,Hugo Grenier,Nikoloz Basilashvili,0,0,0,1,0,-0.31276505513146735,0.38167938931297707,2.62,0.6944444444444444,1.44
12040824,2025-06-07,17:55:00,Stuttgart,Stuttgart - Semi-finals,Tristan Boyer,Duje Ajdukovic,1,0,0,1,0,0.08139534883720934,0.5813953488372093,1.72,0.5,2.0
12038942,2025-06-02,13:10:00,French Open,French Open - 1/8-finals,Alexander Zverev,Tallon Griekspoor,1,0,0,1,0,0.7261904761904762,0.8928571428571428,1.12,0.16666666666666666,6.0
12038774,2025-06-01,20:55:00,French Open,French Open - 1/8-finals,Lorenzo Musetti,Holger Rune,1,0,0,1,0,0.3308080808080808,0.6944444444444444,1.44,0.36363636363636365,2.75
12038613,2025-05-31,11:15:00,French Open,French Open - 1/16-finals,Tallon Griekspoor,Ethan Quinn,1,0,0,1,0,0.6620689655172414,0.8620689655172414,1.16,0.2,5.0
12038617,2025-05-31,14:35:00,French Open,French Open - 1/16-finals,Alexander Zverev,Flavio Cobolli,1,0,0,1,0,0.6620689655172414,0.8620689655172414,1.16,0.2,5.0
12038364,2025-05-30,12:55:00,French Open,French Open - 1/16-finals,Karen Khachanov,Tommy Paul,0,0,0,1,0,0.10520487264673317,0.5813953488372093,1.72,0.47619047619047616,2.1
12038362,2025-05-30,13:25:00,French Open,French Open - 1/16-finals,Nuno Borges,Alexei Popyrin,0,0,0,1,0,-0.10520487264673317,0.47619047619047616,2.1,0.5813953488372093,1.72
12038420,2025-05-30,13:50:00,French Open,French Open - 1/16-finals,Quentin Halys,Holger Rune,0,0,0,1,0,-0.6620689655172414,0.2,5.0,0.8620689655172414,1.16
12037949,2025-05-29,12:55:00,French Open,French Open - 1/32-finals,Alexander Zverev,Jesper De Jong,1,0,0,1,0,0.8846153846153846,0.9615384615384615,1.04,0.07692307692307693,13.0
12037599,2025-05-29,14:15:00,French Open,French Open - 1/32-finals,Gabriel Diallo,Tallon Griekspoor,0,0,0,1,0,-0.25359477124183005,0.4,2.5,0.6535947712418301,1.53
12038067,2025-05-29,14:55:00,French Open,French Open - 1/32-finals,Flavio Cobolli,Matteo Arnaldi,1,0,0,1,0,0.10520487264673317,0.5813953488372093,1.72,0.47619047619047616,2.1
12037777,2025-05-29,16:05:00,French Open,French Open - 1/32-finals,Alexander Shevchenko,Ethan Quinn,0,0,0,1,0,0.10520487264673317,0.5813953488372093,1.72,0.47619047619047616,2.1
12037470,2025-05-29,18:20:00,French Open,French Open - 1/32-finals,Denis Shapovalov,Filip Misolic,0,0,0,1,0,0.2150017468891935,0.6369426751592356,1.57,0.42194092827004215,2.37
12037184,2025-05-28,11:10:00,French Open,French Open - 1/32-finals,Manuel Cerundolo Juan,Hamad Medjedovic,0,0,0,1,0,-0.3308080808080808,0.36363636363636365,2.75,0.6944444444444444,1.44
12037188,2025-05-28,12:20:00,French Open,French Open - 1/32-finals,Reilly Opelka,Mariano Navone,0,0,0,1,0,-0.55,0.25,4.0,0.8,1.25
12037283,2025-05-28,13:10:00,French Open,French Open - 1/32-finals,Casper Ruud,Nuno Borges,0,0,0,1,0,0.8009259259259258,0.9259259259259258,1.08,0.125,8.0
12037464,2025-05-28,13:25:00,French Open,French Open - 1/32-finals,Karen Khachanov,Sebastian Ofner,1,0,0,1,0,0.3308080808080808,0.6944444444444444,1.44,0.36363636363636365,2.75
12037189,2025-05-28,20:25:00,French Open,French Open - 1/32-finals,Frances Tiafoe,Pablo Carreno-Busta,1,0,0,1,0,0.25359477124183005,0.6535947712418301,1.53,0.4,2.5
12037469,2025-05-28,20:30:00,French Open,French Open - 1/32-finals,Emilio Nava,Holger Rune,0,0,0,1,0,-0.7261904761904762,0.16666666666666666,6.0,0.8928571428571428,1.12
12036914,2025-05-27,11:10:00,French Open,French Open - 1/64-finals,Alexander Shevchenko,Dusan Lajovic,1,0,0,1,0,-0.3308080808080808,0.36363636363636365,2.75,0.6944444444444444,1.44
12036733,2025-05-27,13:15:00,French Open,French Open - 1/64-finals,Jesper De Jong,Francesco Passaro,1,0,0,1,0,0.25359477124183005,0.6535947712418301,1.53,0.4,2.5
12036754,2025-05-27,14:00:00,French Open,French Open - 1/64-finals,Alexandre Muller,Jakub Mensik,0,0,0,1,0,-0.380952380952381,0.3333333333333333,3.0,0.7142857142857143,1.4
12036899,2025-05-27,15:25:00,French Open,French Open - 1/64-finals,Nikoloz Basilashvili,Henrique Rocha,0,0,0,1,0,0.3308080808080808,0.6944444444444444,1.44,0.36363636363636365,2.75
12036900,2025-05-27,17:25:00,French Open,French Open - 1/64-finals,Marin Cilic,Flavio Cobolli,0,0,0,1,0,-0.380952380952381,0.3333333333333333,3.0,0.7142857142857143,1.4
12036913,2025-05-26,11:10:00,French Open,French Open - 1/64-finals,Casper Ruud,Albert Ramos-Vinolas,1,0,0,1,0,0.8846153846153846,0.9615384615384615,1.04,0.07692307692307693,13.0
12036916,2025-05-26,12:35:00,French Open,French Open - 1/64-finals,Giulio Zeppieri,Carlos Alcaraz,0,0,0,1,0,-0.9516374714394517,0.038461538461538464,26.0,0.9900990099009901,1.01
12036726,2025-05-26,14:25:00,French Open,French Open - 1/64-finals,Roberto Bautista-Agut,Holger Rune,0,0,0,1,0,-0.6953748006379585,0.18181818181818182,5.5,0.8771929824561404,1.14
12036743,2025-05-26,15:10:00,French Open,French Open - 1/64-finals,Karen Khachanov,Aleksandar Vukic,1,0,0,1,0,0.7662337662337662,0.9090909090909091,1.1,0.14285714285714285,7.0
12036746,2025-05-26,15:25:00,French Open,French Open - 1/64-finals,Jiri Lehecka,Jordan Thompson,1,0,0,1,0,0.6953748006379585,0.8771929824561404,1.14,0.18181818181818182,5.5
12036760,2025-05-26,16:15:00,French Open,French Open - 1/64-finals,Sebastian Ofner,Jan-Lennard Struff,1,0,0,1,0,0.42279411764705876,0.7352941176470588,1.36,0.3125,3.2
12036763,2025-05-26,16:45:00,French Open,French Open - 1/64-finals,Denis Shapovalov,Pedro Martinez,1,0,0,1,0,0.28498727735368956,0.6666666666666666,1.5,0.38167938931297707,2.62
12036741,2025-05-26,17:00:00,French Open,French Open - 1/64-finals,Nicolas Jarry,Arthur Fils,0,0,0,1,0,-0.6953748006379585,0.18181818181818182,5.5,0.8771929824561404,1.14
12036759,2025-05-26,17:10:00,French Open,French Open - 1/64-finals,Christopher O'Connell,Ugo Humbert,0,0,0,1,0,-0.3308080808080808,0.36363636363636365,2.75,0.6944444444444444,1.44
12036768,2025-05-26,17:40:00,French Open,French Open - 1/64-finals,Camilo Ugo Carabelli,Jaume Munar,0,0,0,1,0,-0.2150017468891935,0.42194092827004215,2.37,0.6369426751592356,1.57
12036738,2025-05-26,19:10:00,French Open,French Open - 1/64-finals,Marcos Giron,Tallon Griekspoor,0,0,0,1,0,-0.48351648351648346,0.2857142857142857,3.5,0.7692307692307692,1.3
12036761,2025-05-25,13:15:00,French Open,French Open - 1/64-finals,Reilly Opelka,Rinky Hijikata,1,0,0,1,0,0.28498727735368956,0.6666666666666666,1.5,0.38167938931297707,2.62
12036730,2025-05-25,13:40:00,French Open,French Open - 1/64-finals,Pablo Carreno-Busta,Francisco Comesana,1,0,0,1,0,-0.28498727735368956,0.38167938931297707,2.62,0.6666666666666666,1.5
12036915,2025-05-25,14:45:00,French Open,French Open - 1/64-finals,Agustin Tirante Thiago,Damir Dzumhur,0,0,0,1,0,-0.10520487264673317,0.47619047619047616,2.1,0.5813953488372093,1.72
12036906,2025-05-25,15:55:00,French Open,French Open - 1/64-finals,Alex Michelsen,Manuel Cerundolo Juan,0,0,0,1,0,-0.05555555555555558,0.5,2.0,0.5555555555555556,1.8
12036749,2025-05-25,16:35:00,French Open,French Open - 1/64-finals,Fabian Marozsan,Luca Nardi,1,0,0,1,0,0.588725248930451,0.819672131147541,1.22,0.23094688221709006,4.33
12036755,2025-05-25,18:55:00,French Open,French Open - 1/64-finals,Emilio Nava,Botic Van De Zandschulp,1,0,0,1,0,-0.10520487264673317,0.47619047619047616,2.1,0.5813953488372093,1.72
12036903,2025-05-25,20:45:00,French Open,French Open - 1/64-finals,Kyrian Jacquet,Nuno Borges,0,0,0,1,0,-0.2150017468891935,0.42194092827004215,2.37,0.6369426751592356,1.57
12036863,2025-05-24,14:30:00,Hamburg,Hamburg - Final,Andrey Rublev,Flavio Cobolli,0,0,0,1,0,0.380952380952381,0.7142857142857143,1.4,0.3333333333333333,3.0
12036480,2025-05-23,11:10:00,French Open,French Open - Final,Alexander Shevchenko,Filip Misolic,0,0,0,1,0,-0.31276505513146735,0.38167938931297707,2.62,0.6944444444444444,1.44
12036629,2025-05-23,11:10:00,French Open,French Open - Final,Giulio Zeppieri,Agustin Gomez Federico,1,0,0,1,0,0.40196078431372545,0.7352941176470588,1.36,0.3333333333333333,3.0
12036575,2025-05-23,12:35:00,French Open,French Open - Final,Manuel Cerundolo Juan,Elahi Galan Daniel,1,0,0,1,0,0.16657255787690567,0.6211180124223602,1.61,0.45454545454545453,2.2
12036574,2025-05-23,14:10:00,French Open,French Open - Final,Geoffrey Blancaneaux,Nikoloz Basilashvili,0,0,0,1,0,-0.35064935064935066,0.36363636363636365,2.75,0.7142857142857143,1.4
12036633,2025-05-23,14:10:00,ATP Geneva,Geneva - Semi-finals,Hubert Hurkacz,Sebastian Ofner,1,0,0,1,0,0.3308080808080808,0.6944444444444444,1.44,0.36363636363636365,2.75
12036634,2025-05-23,15:35:00,Hamburg,Hamburg - Semi-finals,Martin Etcheverry Tomas,Flavio Cobolli,0,0,0,1,0,0.10520487264673317,0.5813953488372093,1.72,0.47619047619047616,2.1
12035948,2025-05-22,10:10:00,French Open,French Open - Semi-finals,Manuel Cerundolo Juan,Hady Habib,1,0,0,1,0,0.4955357142857143,0.78125,1.28,0.2857142857142857,3.5
12035897,2025-05-22,11:20:00,French Open,French Open - Semi-finals,Tomas Barrios Vera,Henrique Rocha,0,0,0,1,0,0.4751131221719456,0.7692307692307692,1.3,0.29411764705882354,3.4
12035901,2025-05-22,11:45:00,French Open,French Open - Semi-finals,Eliot Spizzirri,Giulio Zeppieri,0,0,0,1,0,-0.569672131147541,0.25,4.0,0.819672131147541,1.22
12035943,2025-05-22,12:00:00,French Open,French Open - Semi-finals,Nikoloz Basilashvili,Valentin Vacherot,1,0,0,1,0,-0.08139534883720934,0.5,2.0,0.5813953488372093,1.72
12035641,2025-05-22,12:20:00,French Open,French Open - Semi-finals,Kent Trotter James,Jason Kubler,1,0,0,1,0,-0.6620689655172414,0.2,5.0,0.8620689655172414,1.16
12035635,2025-05-22,12:50:00,French Open,French Open - Semi-finals,Maximilian Marterer,Federico Coria,1,0,0,1,0,-0.08139534883720934,0.5,2.0,0.5813953488372093,1.72
12035947,2025-05-22,13:40:00,French Open,French Open - Semi-finals,Timofey Skatov,Luca van Assche,0,0,0,1,0,-0.23165384297178793,0.42194092827004215,2.37,0.6535947712418301,1.53
12036350,2025-05-22,14:25:00,Hamburg,Hamburg - Quarter-finals,Flavio Cobolli,Roberto Bautista-Agut,1,0,0,1,0,0.2150017468891935,0.6369426751592356,1.57,0.42194092827004215,2.37
12036283,2025-05-22,14:50:00,French Open,French Open - Final,Ethan Quinn,Agustin Tirante Thiago,1,0,0,1,0,0.0292397660818714,0.5555555555555556,1.8,0.5263157894736842,1.9
12036284,2025-05-22,15:35:00,French Open,French Open - Final,Jurij Rodionov,Kyrian Jacquet,0,0,0,1,0,-0.2666666666666666,0.4,2.5,0.6666666666666666,1.5
12036348,2025-05-22,15:40:00,ATP Geneva,Geneva - Quarter-finals,Karen Khachanov,Sebastian Ofner,0,0,0,1,0,0.28498727735368956,0.6666666666666666,1.5,0.38167938931297707,2.62
12036352,2025-05-22,18:25:00,Hamburg,Hamburg - Quarter-finals,Alexandre Muller,Felix Auger-Aliassime,0,0,0,1,0,-0.3308080808080808,0.36363636363636365,2.75,0.6944444444444444,1.44
12035433,2025-05-21,10:10:00,French Open,French Open - Semi-finals,August Holmgren,Agustin Tirante Thiago,0,0,0,1,0,-0.6023864511162433,0.23094688221709006,4.33,0.8333333333333334,1.2
12035640,2025-05-21,11:55:00,French Open,French Open - Semi-finals,Alexander Shevchenko,Mathys Erhard,1,0,0,1,0,0.44418739155581255,0.7518796992481203,1.33,0.3076923076923077,3.25
12035900,2025-05-21,12:20:00,French Open,French Open - Semi-finals,Jurij Rodionov,Sumit Nagal,1,0,0,1,0,0.0292397660818714,0.5555555555555556,1.8,0.5263157894736842,1.9
12035480,2025-05-21,13:00:00,ATP Geneva,Geneva - 1/8-finals,Karen Khachanov,Kei Nishikori,1,0,0,1,0,0.42279411764705876,0.7352941176470588,1.36,0.3125,3.2
12035437,2025-05-21,13:30:00,ATP Geneva,Geneva - 1/8-finals,Sebastian Ofner,Nuno Borges,1,0,0,1,0,0.0,0.5263157894736842,1.9,0.5263157894736842,1.9
12035955,2025-05-21,13:35:00,Hamburg,Hamburg - 1/8-finals,Camilo Ugo Carabelli,Martin Etcheverry Tomas,0,0,0,1,0,-0.1478641840087624,0.45454545454545453,2.2,0.6024096385542169,1.66
12035956,2025-05-21,14:10:00,Hamburg,Hamburg - 1/8-finals,Alejandro Davidovich Fokina,Flavio Cobolli,0,0,0,1,0,0.380952380952381,0.7142857142857143,1.4,0.3333333333333333,3.0
12035942,2025-05-21,15:00:00,French Open,French Open - Semi-finals,Federico Arnaboldi,Michael Mmoh,1,0,0,1,0,0.19249823071479122,0.6369426751592356,1.57,0.4444444444444444,2.25
12035646,2025-05-21,16:15:00,Hamburg,Hamburg - 1/8-finals,Alexander Zverev,Alexandre Muller,0,0,0,1,0,0.7662337662337662,0.9090909090909091,1.1,0.14285714285714285,7.0
12035946,2025-05-21,17:10:00,French Open,French Open - Semi-finals,Thiago Seyboth Wild,Geoffrey Blancaneaux,0,0,0,1,0,0.5333333333333334,0.8,1.25,0.26666666666666666,3.75
12035269,2025-05-20,10:10:00,French Open,French Open - Quarter-finals,Tomas Barrios Vera,Luka Pavlovic,1,0,0,1,0,0.44418739155581255,0.7518796992481203,1.33,0.3076923076923077,3.25
12035296,2025-05-20,10:10:00,French Open,French Open - Quarter-finals,Marco Trungelliti,Lukas Neumayer,0,0,0,1,0,-0.0292397660818714,0.5263157894736842,1.9,0.5555555555555556,1.8
12035300,2025-05-20,10:10:00,French Open,French Open - Quarter-finals,Giulio Zeppieri,Jan Choinski,1,0,0,1,0,0.44418739155581255,0.7518796992481203,1.33,0.3076923076923077,3.25
12035286,2025-05-20,11:55:00,French Open,French Open - Quarter-finals,Alibek Kachmazov,Timofey Skatov,0,0,0,1,0,-0.44418739155581255,0.3076923076923077,3.25,0.7518796992481203,1.33
12035301,2025-05-20,12:10:00,Hamburg,Hamburg - 1/16-finals,Vitaliy Sachko,Flavio Cobolli,0,0,0,1,0,-0.55,0.25,4.0,0.8,1.25
12035278,2025-05-20,12:30:00,French Open,French Open - Quarter-finals,Christopher Eubanks,Jurij Rodionov,0,0,0,1,0,-0.2666666666666666,0.4,2.5,0.6666666666666666,1.5
12035294,2025-05-20,12:45:00,French Open,French Open - Quarter-finals,Henri Squire,Felipe Meligeni Alves,1,0,0,1,0,-0.35064935064935066,0.36363636363636365,2.75,0.7142857142857143,1.4
12035297,2025-05-20,13:30:00,French Open,French Open - Quarter-finals,Hsin Tseng Chun,Federico Arnaboldi,0,0,0,1,0,0.35064935064935066,0.7142857142857143,1.4,0.36363636363636365,2.75
12035299,2025-05-20,13:40:00,French Open,French Open - Quarter-finals,Luca van Assche,Adrian Mannarino,1,0,0,1,0,0.6620689655172414,0.8620689655172414,1.16,0.2,5.0
12035270,2025-05-20,14:05:00,French Open,French Open - Quarter-finals,Nikoloz Basilashvili,Gijs Brouwer,1,0,0,1,0,0.747054747054747,0.9009009009009008,1.11,0.15384615384615385,6.5
12035102,2025-05-20,15:30:00,Hamburg,Hamburg - 1/16-finals,Sebastian Baez,Camilo Ugo Carabelli,0,0,0,1,0,0.2150017468891935,0.6369426751592356,1.57,0.42194092827004215,2.37
12035290,2025-05-20,15:50:00,French Open,French Open - Quarter-finals,Michael Mmoh,Calvin Hemery,1,0,0,1,0,-0.40196078431372545,0.3333333333333333,3.0,0.7352941176470588,1.36
12035272,2025-05-20,16:00:00,French Open,French Open - Quarter-finals,Geoffrey Blancaneaux,Mikhail Kukushkin,1,0,0,1,0,-0.0292397660818714,0.5263157894736842,1.9,0.5555555555555556,1.8
12035281,2025-05-20,16:10:00,French Open,French Open - Quarter-finals,Hady Habib,Facundo Mena,1,0,0,1,0,0.35064935064935066,0.7142857142857143,1.4,0.36363636363636365,2.75
12035273,2025-05-20,16:50:00,French Open,French Open - Quarter-finals,Manuel Cerundolo Juan,Gauthier Onclin,1,0,0,1,0,0.4751131221719456,0.7692307692307692,1.3,0.29411764705882354,3.4
12035181,2025-05-19,10:10:00,French Open,French Open - Quarter-finals,Pablo Ficovich Juan,Agustin Tirante Thiago,0,0,0,1,0,-0.2666666666666666,0.4,2.5,0.6666666666666666,1.5
12035191,2025-05-19,12:20:00,French Open,French Open - Quarter-finals,Vilius Gaubas,Duje Ajdukovic,1,0,0,1,0,0.5333333333333334,0.8,1.25,0.26666666666666666,3.75
12035213,2025-05-19,12:35:00,ATP Geneva,Geneva - 1/16-finals,Sebastian Ofner,Ivan Gakhov,1,0,0,1,0,0.6620689655172414,0.8620689655172414,1.16,0.2,5.0
12035196,2025-05-19,13:45:00,French Open,French Open - Quarter-finals,Jason Kubler,Alejandro Moro Canas,1,0,0,1,0,0.08139534883720934,0.5813953488372093,1.72,0.5,2.0
12035217,2025-05-19,14:55:00,Hamburg,Hamburg - 1/16-finals,Elias Ymer,Alexandre Muller,0,0,0,1,0,-0.42279411764705876,0.3125,3.2,0.7352941176470588,1.36
12035216,2025-05-19,15:15:00,Hamburg,Hamburg - 1/16-finals,Borna Gojo,Jiri Lehecka,0,0,0,1,0,-0.3308080808080808,0.36363636363636365,2.75,0.6944444444444444,1.44
12035207,2025-05-19,15:35:00,French Open,French Open - Quarter-finals,Arthur Bouquier,Federico Coria,0,0,0,1,0,-0.12621916236374076,0.47619047619047616,2.1,0.6024096385542169,1.66
12035204,2025-05-19,16:20:00,French Open,French Open - Quarter-finals,Benjamin Hassan,Pavel Kotov,1,0,0,1,0,-0.16657255787690567,0.45454545454545453,2.2,0.6211180124223602,1.61
12035203,2025-05-19,17:40:00,French Open,French Open - Quarter-finals,Alexis Galarneau,Matteo Martineau,0,0,0,1,0,0.12621916236374076,0.6024096385542169,1.66,0.47619047619047616,2.1
12035210,2025-05-19,17:50:00,French Open,French Open - Quarter-finals,Alexander Shevchenko,Shintaro Mochizuki,1,0,0,1,0,0.40196078431372545,0.7352941176470588,1.36,0.3333333333333333,3.0
12035214,2025-05-19,18:15:00,ATP Geneva,Geneva - 1/16-finals,Cameron Norrie,Dominic Stricker,1,0,0,1,0,0.4577620521892967,0.7518796992481203,1.33,0.29411764705882354,3.4
12035006,2025-05-18,11:05:00,ATP Geneva,Geneva - Final,Reilly Opelka,Sebastian Ofner,0,0,0,1,0,-0.23165384297178793,0.42194092827004215,2.37,0.6535947712418301,1.53
12034956,2025-05-18,12:10:00,ATP Geneva,Geneva - 1/16-finals,Alexei Popyrin,Nicolas Jarry,1,0,0,1,0,0.10520487264673317,0.5813953488372093,1.72,0.47619047619047616,2.1
12035047,2025-05-18,12:10:00,Hamburg,Hamburg - Final,Dimitar Kuzmanov,Borna Gojo,0,0,0,1,0,-0.44418739155581255,0.3076923076923077,3.25,0.7518796992481203,1.33
12035048,2025-05-18,13:45:00,Hamburg,Hamburg - Final,Raphael Collignon,Daniel Dutra Da Silva,1,0,0,1,0,0.8433962264150943,0.9433962264150942,1.06,0.1,10.0
12034950,2025-05-18,14:55:00,ATP Geneva,Geneva - 1/16-finals,Nuno Borges,Alex Michelsen,1,0,0,1,0,0.10520487264673317,0.5813953488372093,1.72,0.47619047619047616,2.1
12034881,2025-05-17,11:10:00,ATP Geneva,Geneva - Semi-finals,Leo Borg,Sebastian Ofner,0,0,0,1,0,-0.8433962264150943,0.1,10.0,0.9433962264150942,1.06
12034882,2025-05-17,11:10:00,ATP Geneva,Geneva - Semi-finals,Reilly Opelka,Enrico Dalla Valle,1,0,0,1,0,0.6023864511162433,0.8333333333333334,1.2,0.23094688221709006,4.33
12034889,2025-05-17,11:10:00,Hamburg,Hamburg - Semi-finals,Christopher O'Connell,Elias Ymer,0,0,0,1,0,0.44418739155581255,0.7518796992481203,1.33,0.3076923076923077,3.25
12034890,2025-05-17,11:10:00,Hamburg,Hamburg - Semi-finals,Marko Topo,Emilio Nava,1,0,0,1,0,-0.40196078431372545,0.3333333333333333,3.0,0.7352941176470588,1.36
12034883,2025-05-17,12:35:00,ATP Geneva,Geneva - Semi-finals,Radu Albot,Jenson Brooksby,0,0,0,1,0,-0.40196078431372545,0.3333333333333333,3.0,0.7352941176470588,1.36
12034894,2025-05-17,12:45:00,Hamburg,Hamburg - Semi-finals,Aleksandar Vukic,Dimitar Kuzmanov,0,0,0,1,0,0.31276505513146735,0.6944444444444444,1.44,0.38167938931297707,2.62
12034895,2025-05-17,15:15:00,Hamburg,Hamburg - Semi-finals,Daniel Dutra Da Silva,Hans Rehberg Max,1,0,0,1,0,-0.35064935064935066,0.36363636363636365,2.75,0.7142857142857143,1.4
12034896,2025-05-17,15:50:00,Hamburg,Hamburg - Semi-finals,Mika Petkovic,Borna Gojo,0,0,0,1,0,-0.9042071197411004,0.06666666666666667,15.0,0.970873786407767,1.03
12034414,2025-05-15,19:10:00,ATP Rome,Rome - Quarter-finals,Jannik Sinner,Casper Ruud,1,0,0,1,0,0.5145833333333334,0.78125,1.28,0.26666666666666666,3.75
12033453,2025-05-14,14:10:00,ATP Rome,Rome - 1/8-finals,Jaume Munar,Casper Ruud,0,0,0,1,0,-0.6111111111111112,0.2222222222222222,4.5,0.8333333333333334,1.2
12033311,2025-05-13,11:10:00,ATP Rome,Rome - 1/8-finals,Karen Khachanov,Carlos Alcaraz,0,0,0,1,0,-0.8009259259259258,0.125,8.0,0.9259259259259258,1.08
12033036,2025-05-12,15:05:00,ATP Rome,Rome - 1/16-finals,Francisco Cerundolo,Sebastian Ofner,1,0,0,1,0,0.6620689655172414,0.8620689655172414,1.16,0.2,5.0
12033040,2025-05-12,16:25:00,ATP Rome,Rome - 1/16-finals,Jannik Sinner,Jesper De Jong,1,0,0,1,0,0.8433962264150943,0.9433962264150942,1.06,0.1,10.0
12033035,2025-05-12,19:10:00,ATP Rome,Rome - 1/16-finals,Matteo Berrettini,Casper Ruud,0,0,0,1,0,-0.2150017468891935,0.42194092827004215,2.37,0.6369426751592356,1.57
12032958,2025-05-11,13:05:00,ATP Rome,Rome - 1/16-finals,Corentin Moutet,Holger Rune,1,0,0,1,0,-0.6111111111111112,0.2222222222222222,4.5,0.8333333333333334,1.2
12032910,2025-05-11,17:15:00,ATP Rome,Rome - 1/16-finals,Francesco Passaro,Karen Khachanov,0,0,0,1,0,-0.380952380952381,0.3333333333333333,3.0,0.7142857142857143,1.4
12032851,2025-05-10,11:00:00,ATP Rome,Rome - 1/32-finals,Sebastian Ofner,Frances Tiafoe,1,0,0,1,0,-0.18633540372670798,0.4347826086956522,2.3,0.6211180124223602,1.61
12032715,2025-05-10,12:45:00,ATP Rome,Rome - 1/32-finals,Aleksandar Vukic,Sebastian Korda,0,0,0,1,0,-0.4577620521892967,0.29411764705882354,3.4,0.7518796992481203,1.33
12032845,2025-05-10,13:45:00,ATP Rome,Rome - 1/32-finals,Alexander Bublik,Casper Ruud,0,0,0,1,0,-0.6111111111111112,0.2222222222222222,4.5,0.8333333333333334,1.2
12032713,2025-05-10,14:50:00,ATP Rome,Rome - 1/32-finals,Jesper De Jong,Alejandro Davidovich Fokina,1,0,0,1,0,-0.48351648351648346,0.2857142857142857,3.5,0.7692307692307692,1.3
12032712,2025-05-10,16:05:00,ATP Rome,Rome - 1/32-finals,Francisco Cerundolo,Nicolas Jarry,1,0,0,1,0,0.6111111111111112,0.8333333333333334,1.2,0.2222222222222222,4.5
12032850,2025-05-10,20:45:00,ATP Rome,Rome - 1/32-finals,Luca Nardi,Alex De Minaur,0,0,0,1,0,-0.8009259259259258,0.125,8.0,0.9259259259259258,1.08
12032621,2025-05-09,11:00:00,ATP Rome,Rome - 1/32-finals,Jordan Thompson,Brandon Nakashima,0,0,0,1,0,-0.380952380952381,0.3333333333333333,3.0,0.7142857142857143,1.4
12032612,2025-05-09,11:10:00,ATP Rome,Rome - 1/32-finals,Andres Burruchaga Roman,Karen Khachanov,0,0,0,1,0,-0.48351648351648346,0.2857142857142857,3.5,0.7692307692307692,1.3
12032613,2025-05-09,11:10:00,ATP Rome,Rome - 1/32-finals,Arthur Fils,Tallon Griekspoor,1,0,0,1,0,0.28498727735368956,0.6666666666666666,1.5,0.38167938931297707,2.62
12032618,2025-05-09,14:10:00,ATP Rome,Rome - 1/32-finals,Alexandre Muller,Stefanos Tsitsipas,0,0,0,1,0,-0.55,0.25,4.0,0.8,1.25
12032661,2025-05-09,17:05:00,ATP Rome,Rome - 1/32-finals,Denis Shapovalov,Vilius Gaubas,0,0,0,1,0,0.3308080808080808,0.6944444444444444,1.44,0.36363636363636365,2.75
12032478,2025-05-09,17:45:00,ATP Rome,Rome - 1/32-finals,Francisco Comesana,Holger Rune,0,0,0,1,0,-0.42279411764705876,0.3125,3.2,0.7352941176470588,1.36
12032622,2025-05-09,21:15:00,ATP Rome,Rome - 1/32-finals,Camilo Ugo Carabelli,Alexander Zverev,0,0,0,1,0,-0.8009259259259258,0.125,8.0,0.9259259259259258,1.08
12032313,2025-05-08,11:05:00,ATP Rome,Rome - 1/64-finals,Jesper De Jong,Alexander Shevchenko,1,0,0,1,0,0.2150017468891935,0.6369426751592356,1.57,0.42194092827004215,2.37
12031877,2025-05-08,11:10:00,ATP Rome,Rome - 1/64-finals,Hugo Gaston,Nicolas Jarry,0,0,0,1,0,-0.2150017468891935,0.42194092827004215,2.37,0.6369426751592356,1.57
12032321,2025-05-08,11:10:00,ATP Rome,Rome - 1/64-finals,Aleksandar Vukic,Nicolas Moreno De Alboran,1,0,0,1,0,-0.1478641840087624,0.45454545454545453,2.2,0.6024096385542169,1.66
12032311,2025-05-08,13:45:00,ATP Rome,Rome - 1/64-finals,Nuno Borges,Thiago Seyboth Wild,0,0,0,1,0,0.10520487264673317,0.5813953488372093,1.72,0.47619047619047616,2.1
12032310,2025-05-08,15:00:00,ATP Rome,Rome - 1/64-finals,Tomas Barrios Vera,Jaume Munar,0,0,0,1,0,-0.2150017468891935,0.42194092827004215,2.37,0.6369426751592356,1.57
12031882,2025-05-08,15:05:00,ATP Rome,Rome - 1/64-finals,Luca Nardi,Flavio Cobolli,1,0,0,1,0,-0.42279411764705876,0.3125,3.2,0.7352941176470588,1.36
12032312,2025-05-08,18:30:00,ATP Rome,Rome - 1/64-finals,Roberto Carballes Baena,Sebastian Ofner,0,0,0,1,0,-0.1478641840087624,0.45454545454545453,2.2,0.6024096385542169,1.66
12031887,2025-05-08,20:00:00,ATP Rome,Rome - 1/64-finals,Learner Tien,Reilly Opelka,1,0,0,1,0,0.0,0.5263157894736842,1.9,0.5263157894736842,1.9
12031880,2025-05-07,11:10:00,ATP Rome,Rome - 1/64-finals,Jiri Lehecka,Alexandre Muller,0,0,0,1,0,0.28498727735368956,0.6666666666666666,1.5,0.38167938931297707,2.62
12031886,2025-05-07,11:10:00,ATP Rome,Rome - 1/64-finals,Jordan Thompson,Giovanni Mpetshi Perricard,1,0,0,1,0,0.18633540372670798,0.6211180124223602,1.61,0.4347826086956522,2.3
12032320,2025-05-07,12:45:00,ATP Rome,Rome - 1/64-finals,Camilo Ugo Carabelli,Pablo Carreno-Busta,1,0,0,1,0,-0.05555555555555558,0.5,2.0,0.5555555555555556,1.8
12031878,2025-05-07,13:10:00,ATP Rome,Rome - 1/64-finals,Tallon Griekspoor,Miomir Kecmanovic,1,0,0,1,0,0.2150017468891935,0.6369426751592356,1.57,0.42194092827004215,2.37
12032317,2025-05-07,18:25:00,ATP Rome,Rome - 1/64-finals,Christopher O'Connell,Cameron Norrie,0,0,0,1,0,-0.25359477124183005,0.4,2.5,0.6535947712418301,1.53
12032324,2025-05-07,19:25:00,ATP Rome,Rome - 1/64-finals,Francesco Passaro,Hsin Tseng Chun,1,0,0,1,0,-0.25359477124183005,0.4,2.5,0.6535947712418301,1.53
12031670,2025-05-06,10:10:00,ATP Rome,Rome - Final,Sebastian Ofner,Yannick Hanfmann,1,0,0,1,0,0.16657255787690567,0.6211180124223602,1.61,0.45454545454545453,2.2
12031692,2025-05-06,10:10:00,ATP Rome,Rome - Final,Pablo Carreno-Busta,Andres Burruchaga Roman,0,0,0,1,0,0.35064935064935066,0.7142857142857143,1.4,0.36363636363636365,2.75
12031693,2025-05-06,10:10:00,ATP Rome,Rome - Final,Alexander Shevchenko,Marton Fucsovics,1,0,0,1,0,-0.35064935064935066,0.36363636363636365,2.75,0.7142857142857143,1.4
12031694,2025-05-06,11:45:00,ATP Rome,Rome - Final,Jesper De Jong,Thiago Seyboth Wild,0,0,0,1,0,0.12621916236374076,0.6024096385542169,1.66,0.47619047619047616,2.1
12031696,2025-05-06,13:30:00,ATP Rome,Rome - Final,Nicolas Moreno De Alboran,Giulio Zeppieri,1,0,0,1,0,-0.12621916236374076,0.47619047619047616,2.1,0.6024096385542169,1.66
12031700,2025-05-06,16:35:00,ATP Rome,Rome - Final,Hsin Tseng Chun,Manuel Cerundolo Juan,1,0,0,1,0,-0.23165384297178793,0.42194092827004215,2.37,0.6535947712418301,1.53
12031699,2025-05-06,16:55:00,ATP Rome,Rome - Final,Tomas Barrios Vera,Valentin Royer,1,0,0,1,0,0.0,0.5464480874316939,1.83,0.5464480874316939,1.83
12031573,2025-05-05,10:10:00,ATP Rome,Rome - Semi-finals,Kamil Majchrzak,Sebastian Ofner,0,0,0,1,0,0.40196078431372545,0.7352941176470588,1.36,0.3333333333333333,3.0
12031574,2025-05-05,10:10:00,ATP Rome,Rome - Semi-finals,Carlos Taberner,Adrian Mannarino,1,0,0,1,0,0.6620689655172414,0.8620689655172414,1.16,0.2,5.0
12031576,2025-05-05,11:55:00,ATP Rome,Rome - Semi-finals,Pablo Carreno-Busta,Agustin Tirante Thiago,1,0,0,1,0,0.31276505513146735,0.6944444444444444,1.44,0.38167938931297707,2.62
12031577,2025-05-05,12:15:00,ATP Rome,Rome - Semi-finals,Jesper De Jong,Harold Mayot,1,0,0,1,0,0.31276505513146735,0.6944444444444444,1.44,0.38167938931297707,2.62
12031580,2025-05-05,12:50:00,ATP Rome,Rome - Semi-finals,Alexander Shevchenko,Pablo Ficovich Juan,1,0,0,1,0,0.23165384297178793,0.6535947712418301,1.53,0.42194092827004215,2.37
12031578,2025-05-05,13:10:00,ATP Rome,,Marton Fucsovics,Felipe Meligeni Alves,0,0,0,1,0,0.44418739155581255,0.7518796992481203,1.33,0.3076923076923077,3.25
12031589,2025-05-05,15:50:00,ATP Rome,Rome - Semi-finals,Giulio Zeppieri,Pavel Kotov,1,0,0,1,0,0.08139534883720934,0.5813953488372093,1.72,0.5,2.0
12031593,2025-05-05,16:55:00,ATP Rome,Rome - Semi-finals,Hsin Tseng Chun,Gabriele Piraino,1,0,0,1,0,0.5333333333333334,0.8,1.25,0.26666666666666666,3.75
12031587,2025-05-05,17:50:00,ATP Rome,Rome - Semi-finals,Pierre-Hugues Herbert,Manuel Cerundolo Juan,0,0,0,1,0,-0.4955357142857143,0.2857142857142857,3.5,0.78125,1.28
12031591,2025-05-05,19:05:00,ATP Rome,Rome - Semi-finals,Billy Harris,Tomas Barrios Vera,0,0,0,1,0,-0.35064935064935066,0.36363636363636365,2.75,0.7142857142857143,1.4
12031401,2025-05-04,18:45:00,ATP Madrid,Madrid - Final,Casper Ruud,Jack Draper,1,0,0,1,0,-0.380952380952381,0.3333333333333333,3.0,0.7142857142857143,1.4
12031201,2025-05-02,16:15:00,ATP Madrid,Madrid - Semi-finals,Francisco Cerundolo,Casper Ruud,0,0,0,1,0,-0.05555555555555558,0.5,2.0,0.5555555555555556,1.8
12030824,2025-05-01,13:10:00,ATP Madrid,Madrid - Quarter-finals,Casper Ruud,Daniil Medvedev,1,0,0,1,0,0.25359477124183005,0.6535947712418301,1.53,0.4,2.5
12029886,2025-04-29,12:10:00,ATP Madrid,Madrid - 1/16-finals,Alex De Minaur,Denis Shapovalov,1,0,0,1,0,0.588725248930451,0.819672131147541,1.22,0.23094688221709006,4.33
12029891,2025-04-29,12:15:00,ATP Madrid,Madrid - 1/16-finals,Frances Tiafoe,Alexandre Muller,1,0,0,1,0,0.18633540372670798,0.6211180124223602,1.61,0.4347826086956522,2.3
12029965,2025-04-29,12:15:00,ATP Madrid,Madrid - 1/16-finals,Karen Khachanov,Tommy Paul,0,0,0,1,0,0.12621916236374076,0.6024096385542169,1.66,0.47619047619047616,2.1
12030116,2025-04-29,21:45:00,ATP Madrid,Madrid - 1/8-finals,Taylor Fritz,Casper Ruud,0,0,0,1,0,-0.10520487264673317,0.47619047619047616,2.1,0.5813953488372093,1.72
12029833,2025-04-27,11:10:00,ATP Madrid,Madrid - 1/16-finals,Brandon Nakashima,Flavio Cobolli,1,0,0,1,0,-0.2150017468891935,0.42194092827004215,2.37,0.6369426751592356,1.57
12029809,2025-04-27,16:35:00,ATP Madrid,Madrid - 1/16-finals,Daniil Medvedev,Manuel Cerundolo Juan,1,0,0,1,0,0.4577620521892967,0.7518796992481203,1.33,0.29411764705882354,3.4
12029808,2025-04-27,21:55:00,ATP Madrid,Madrid - 1/16-finals,Sebastian Korda,Casper Ruud,0,0,0,1,0,-0.380952380952381,0.3333333333333333,3.0,0.7142857142857143,1.4
12029577,2025-04-26,11:10:00,ATP Madrid,Madrid - 1/32-finals,Kei Nishikori,Denis Shapovalov,0,0,0,1,0,-0.10520487264673317,0.47619047619047616,2.1,0.5813953488372093,1.72
12029674,2025-04-26,17:25:00,ATP Madrid,Madrid - 1/32-finals,Grigor Dimitrov,Nicolas Jarry,1,0,0,1,0,0.2150017468891935,0.6369426751592356,1.57,0.42194092827004215,2.37
12029576,2025-04-26,17:40:00,ATP Madrid,Madrid - 1/32-finals,Alexandre Muller,Ugo Humbert,1,0,0,1,0,0.0,0.5263157894736842,1.9,0.5263157894736842,1.9
12029675,2025-04-26,19:10:00,ATP Madrid,Madrid - 1/32-finals,Jack Draper,Tallon Griekspoor,1,0,0,1,0,0.2150017468891935,0.6369426751592356,1.57,0.42194092827004215,2.37
12029711,2025-04-26,20:55:00,ATP Madrid,Madrid - 1/32-finals,Karen Khachanov,Reilly Opelka,1,0,0,1,0,0.48351648351648346,0.7692307692307692,1.3,0.2857142857142857,3.5
12029344,2025-04-25,11:15:00,ATP Madrid,Madrid - 1/32-finals,Arthur Rinderknech,Casper Ruud,0,0,0,1,0,-0.747054747054747,0.15384615384615385,6.5,0.9009009009009008,1.11
12029457,2025-04-25,12:50:00,ATP Madrid,Madrid - 1/32-finals,Manuel Cerundolo Juan,Felix Auger-Aliassime,1,0,0,1,0,-0.5145833333333334,0.26666666666666666,3.75,0.78125,1.28
12029342,2025-04-25,15:10:00,ATP Madrid,Madrid - 1/32-finals,Taylor Fritz,Christopher O'Connell,1,0,0,1,0,0.5145833333333334,0.78125,1.28,0.26666666666666666,3.75
12029460,2025-04-25,15:50:00,ATP Madrid,Madrid - 1/32-finals,Brandon Nakashima,Sebastian Ofner,1,0,0,1,0,0.2150017468891935,0.6369426751592356,1.57,0.42194092827004215,2.37
12029455,2025-04-25,20:10:00,ATP Madrid,Madrid - 1/32-finals,Nuno Borges,Alejandro Davidovich Fokina,0,0,0,1,0,-0.380952380952381,0.3333333333333333,3.0,0.7142857142857143,1.4
12029517,2025-04-25,20:40:00,ATP Madrid,Madrid - 1/32-finals,Flavio Cobolli,Holger Rune,1,0,0,1,0,-0.380952380952381,0.3333333333333333,3.0,0.7142857142857143,1.4
12028542,2025-04-24,11:10:00,ATP Madrid,Madrid - 1/64-finals,David Goffin,Alexandre Muller,0,0,0,1,0,-0.10520487264673317,0.47619047619047616,2.1,0.5813953488372093,1.72
12028552,2025-04-24,11:10:00,ATP Madrid,Madrid - 1/64-finals,Aleksandar Vukic,Kei Nishikori,0,0,0,1,0,-0.42279411764705876,0.3125,3.2,0.7352941176470588,1.36
12029151,2025-04-24,14:50:00,ATP Madrid,Madrid - 1/64-finals,Daniel Altmaier,Nicolas Jarry,0,0,0,1,0,0.18633540372670798,0.6211180124223602,1.61,0.4347826086956522,2.3
12029155,2025-04-24,19:25:00,ATP Madrid,Madrid - 1/64-finals,Tallon Griekspoor,Vit Kopriva,1,0,0,1,0,0.5145833333333334,0.78125,1.28,0.26666666666666666,3.75
12029156,2025-04-24,20:40:00,ATP Madrid,Madrid - 1/64-finals,Reilly Opelka,Rinky Hijikata,1,0,0,1,0,0.3308080808080808,0.6944444444444444,1.44,0.36363636363636365,2.75
12028537,2025-04-23,10:00:00,ATP Madrid,ATP Madrid - 1/64-finals,Roberto Carballes Baena,Jordan Thompson,0,0,0,1,0,0.18633540372670798,0.6211180124223602,1.61,0.4347826086956522,2.3
12028548,2025-04-23,12:50:00,ATP Madrid,Madrid - 1/64-finals,Christopher O'Connell,Camilo Ugo Carabelli,1,0,0,1,0,-0.2150017468891935,0.42194092827004215,2.37,0.6369426751592356,1.57
12028536,2025-04-23,12:55:00,ATP Madrid,Madrid - 1/64-finals,Nuno Borges,Pablo Carreno-Busta,1,0,0,1,0,0.10520487264673317,0.5813953488372093,1.72,0.47619047619047616,2.1
12029104,2025-04-23,16:10:00,ATP Madrid,Madrid - 1/64-finals,Sebastian Ofner,Hugo Gaston,1,0,0,1,0,-0.18633540372670798,0.4347826086956522,2.3,0.6211180124223602,1.61
12029105,2025-04-23,18:25:00,ATP Madrid,Madrid - 1/64-finals,Manuel Cerundolo Juan,Aleksandar Kovacevic,1,0,0,1,0,0.2150017468891935,0.6369426751592356,1.57,0.42194092827004215,2.37
12029106,2025-04-23,20:20:00,ATP Madrid,Madrid - 1/64-finals,Gael Monfils,Borna Gojo,1,0,0,1,0,0.2150017468891935,0.6369426751592356,1.57,0.42194092827004215,2.37
12028545,2025-04-23,20:40:00,ATP Madrid,Madrid - 1/64-finals,Fabian Marozsan,Flavio Cobolli,0,0,0,1,0,0.2150017468891935,0.6369426751592356,1.57,0.42194092827004215,2.37
12028491,2025-04-22,11:10:00,ATP Madrid,Madrid - Final,Botic Van De Zandschulp,Manuel Cerundolo Juan,0,0,0,1,0,0.23165384297178793,0.6535947712418301,1.53,0.42194092827004215,2.37
12028584,2025-04-22,14:40:00,ATP Madrid,Madrid - Final,Borna Gojo,Jerome Kym,1,0,0,1,0,0.4955357142857143,0.78125,1.28,0.2857142857142857,3.5
12028820,2025-04-22,15:55:00,ATP Madrid,Madrid - Final,Hugo Gaston,Luca Nardi,1,0,0,1,0,0.12621916236374076,0.6024096385542169,1.66,0.47619047619047616,2.1
12028371,2025-04-21,10:10:00,ATP Madrid,Madrid - Semi-finals,Manuel Cerundolo Juan,Thiago Seyboth Wild,1,0,0,1,0,-0.0292397660818714,0.5263157894736842,1.9,0.5555555555555556,1.8
12028372,2025-04-21,10:10:00,ATP Madrid,Madrid - Semi-finals,Jesper De Jong,Tristan Boyer,0,0,0,1,0,0.4955357142857143,0.78125,1.28,0.2857142857142857,3.5
12028373,2025-04-21,10:10:00,ATP Madrid,Madrid - Semi-finals,Harold Mayot,Alexander Shevchenko,1,0,0,1,0,-0.31276505513146735,0.38167938931297707,2.62,0.6944444444444444,1.44
12028378,2025-04-21,11:45:00,ATP Madrid,Madrid - Semi-finals,Adrian Mannarino,Hugo Dellien,0,0,0,1,0,-0.569672131147541,0.25,4.0,0.819672131147541,1.22
12028375,2025-04-21,11:50:00,ATP Madrid,Madrid - Semi-finals,Jacob Fearnley,Pavel Kotov,1,0,0,1,0,-0.08139534883720934,0.5,2.0,0.5813953488372093,1.72
12028377,2025-04-21,12:00:00,ATP Madrid,Madrid - Semi-finals,Cristian Garin,Hsin Tseng Chun,1,0,0,1,0,0.16657255787690567,0.6211180124223602,1.61,0.45454545454545453,2.2
12028376,2025-04-21,12:45:00,ATP Madrid,Madrid - Semi-finals,Marton Fucsovics,Borna Gojo,0,0,0,1,0,0.2666666666666666,0.6666666666666666,1.5,0.4,2.5
12028382,2025-04-21,15:00:00,ATP Madrid,Madrid - Semi-finals,Dusan Lajovic,Agustin Tirante Thiago,1,0,0,1,0,0.08139534883720934,0.5813953488372093,1.72,0.5,2.0
12028387,2025-04-21,17:35:00,ATP Madrid,Madrid - Semi-finals,Manas Dhamne,Luca Nardi,0,0,0,1,0,-0.7662337662337662,0.14285714285714285,7.0,0.9090909090909091,1.1
12028390,2025-04-21,17:50:00,ATP Madrid,Madrid - Semi-finals,Alexander Ritschard,Fabio Fognini,0,0,0,1,0,0.0292397660818714,0.5555555555555556,1.8,0.5263157894736842,1.9
12028221,2025-04-20,16:15:00,ATP Barcelona,Barcelona - Final,Carlos Alcaraz,Holger Rune,0,0,0,1,0,0.6111111111111112,0.8333333333333334,1.2,0.2222222222222222,4.5
12028136,2025-04-19,13:40:00,ATP Barcelona,Barcelona - Semi-finals,Karen Khachanov,Holger Rune,0,0,0,1,0,-0.2150017468891935,0.42194092827004215,2.37,0.6369426751592356,1.57
12027998,2025-04-18,11:10:00,ATP Barcelona,Barcelona - Quarter-finals,Karen Khachanov,Alejandro Davidovich Fokina,1,0,0,1,0,-0.3308080808080808,0.36363636363636365,2.75,0.6944444444444444,1.44
12027885,2025-04-18,13:25:00,ATP Barcelona,Barcelona - Quarter-finals,Holger Rune,Casper Ruud,1,0,0,1,0,-0.2150017468891935,0.42194092827004215,2.37,0.6369426751592356,1.57
12027888,2025-04-18,14:20:00,Munich,Munich - Quarter-finals,Alexander Zverev,Tallon Griekspoor,1,0,0,1,0,0.5145833333333334,0.78125,1.28,0.26666666666666666,3.75
12027647,2025-04-17,11:10:00,ATP Barcelona,Barcelona - 1/8-finals,Jaume Munar,Karen Khachanov,0,0,0,1,0,-0.18633540372670798,0.4347826086956522,2.3,0.6211180124223602,1.61
12027649,2025-04-17,13:45:00,Munich,Munich - 1/8-finals,Francisco Cerundolo,Alexander Shevchenko,1,0,0,1,0,0.8009259259259258,0.9259259259259258,1.08,0.125,8.0
12027478,2025-04-16,12:40:00,ATP Barcelona,Barcelona - 1/8-finals,Holger Rune,Sebastian Baez,1,0,0,1,0,0.1478641840087624,0.6024096385542169,1.66,0.45454545454545453,2.2
12027481,2025-04-16,17:25:00,Munich,Munich - 1/8-finals,Tallon Griekspoor,Yannick Hanfmann,1,0,0,1,0,0.42279411764705876,0.7352941176470588,1.36,0.3125,3.2
12027508,2025-04-16,18:05:00,ATP Barcelona,Barcelona - 1/8-finals,Hamad Medjedovic,Casper Ruud,0,0,0,1,0,-0.42279411764705876,0.3125,3.2,0.7352941176470588,1.36
12026825,2025-04-15,11:10:00,ATP Barcelona,Barcelona - 1/16-finals,Pablo Carreno-Busta,Arthur Fils,0,0,0,1,0,-0.55,0.25,4.0,0.8,1.25
12026831,2025-04-15,11:10:00,ATP Barcelona,Barcelona - 1/16-finals,Stefanos Tsitsipas,Reilly Opelka,1,0,0,1,0,0.747054747054747,0.9009009009009008,1.11,0.15384615384615385,6.5
12027147,2025-04-15,12:40:00,ATP Barcelona,Barcelona - 1/16-finals,Elahi Galan Daniel,Casper Ruud,0,0,0,1,0,-0.7261904761904762,0.16666666666666666,6.0,0.8928571428571428,1.12
12026840,2025-04-15,14:00:00,Munich,ATP Munich - 1/16-finals,Gael Monfils,Denis Shapovalov,0,0,0,1,0,-0.05555555555555558,0.5,2.0,0.5555555555555556,1.8
12027152,2025-04-15,14:00:00,Munich,Munich - 1/16-finals,Flavio Cobolli,Alexander Shevchenko,0,0,0,1,0,0.48351648351648346,0.7692307692307692,1.3,0.2857142857142857,3.5
12026837,2025-04-15,14:50:00,Munich,Munich - 1/16-finals,Ugo Humbert,Nicolas Jarry,1,0,0,1,0,0.05555555555555558,0.5555555555555556,1.8,0.5,2.0
12027238,2025-04-15,15:15:00,Munich,Munich - 1/16-finals,Diego Dedura,Denis Shapovalov,1,0,0,1,0,-0.8009259259259258,0.125,8.0,0.9259259259259258,1.08
12027148,2025-04-15,17:50:00,ATP Barcelona,Barcelona - 1/16-finals,Karen Khachanov,Cameron Norrie,1,0,0,1,0,0.25359477124183005,0.6535947712418301,1.53,0.4,2.5
12027108,2025-04-14,11:10:00,Munich,Munich - 1/16-finals,Tallon Griekspoor,Learner Tien,1,0,0,1,0,0.4577620521892967,0.7518796992481203,1.33,0.29411764705882354,3.4
12026824,2025-04-14,13:00:00,ATP Barcelona,ATP Barcelona - 1/16-finals,Roberto Carballes Baena,Jordan Thompson,0,0,0,1,0,0.3308080808080808,0.6944444444444444,1.44,0.36363636363636365,2.75
12027110,2025-04-14,14:25:00,Munich,Munich - 1/16-finals,Borna Gojo,Ben Shelton,0,0,0,1,0,-0.3308080808080808,0.36363636363636365,2.75,0.6944444444444444,1.44
12026830,2025-04-14,17:05:00,ATP Barcelona,Barcelona - 1/16-finals,Holger Rune,Albert Ramos-Vinolas,1,0,0,1,0,0.6953748006379585,0.8771929824561404,1.14,0.18181818181818182,5.5
12026843,2025-04-14,17:05:00,Munich,Munich - 1/16-finals,Alexander Zverev,Alexandre Muller,1,0,0,1,0,0.6620689655172414,0.8620689655172414,1.16,0.2,5.0
12027111,2025-04-14,17:30:00,Munich,Munich - 1/16-finals,Hsin Tseng Chun,Daniel Altmaier,0,0,0,1,0,-0.3308080808080808,0.36363636363636365,2.75,0.6944444444444444,1.44
12027107,2025-04-14,19:15:00,ATP Barcelona,Barcelona - 1/16-finals,Jesper De Jong,Andrey Rublev,0,0,0,1,0,-0.42279411764705876,0.3125,3.2,0.7352941176470588,1.36
12026801,2025-04-13,11:10:00,Munich,Munich - Final,Borna Gojo,Alexander Shevchenko,1,0,0,1,0,0.0292397660818714,0.5555555555555556,1.8,0.5263157894736842,1.9
12026899,2025-04-13,12:50:00,Munich,Munich - Final,Hsin Tseng Chun,Billy Harris,1,0,0,1,0,0.31276505513146735,0.6944444444444444,1.44,0.38167938931297707,2.62
12026894,2025-04-13,14:10:00,ATP Barcelona,Barcelona - Final,Jesper De Jong,Arthur Rinderknech,1,0,0,1,0,0.31276505513146735,0.6944444444444444,1.44,0.38167938931297707,2.62
12026663,2025-04-12,10:05:00,ATP Barcelona,Barcelona - Semi-finals,Federico Coria,Laslo Djere,0,0,0,1,0,-0.4955357142857143,0.2857142857142857,3.5,0.78125,1.28
12026675,2025-04-12,11:00:00,Munich,ATP Munich - Semi-finals,Yunchaokete Bu,Borna Gojo,0,0,0,1,0,0.31276505513146735,0.6944444444444444,1.44,0.38167938931297707,2.62
12026676,2025-04-12,11:15:00,Munich,Munich - Semi-finals,Alexander Shevchenko,Rinky Hijikata,1,0,0,1,0,0.35064935064935066,0.7142857142857143,1.4,0.36363636363636365,2.75
12026666,2025-04-12,11:40:00,ATP Barcelona,ATP Barcelona - Semi-finals,Camilo Ugo Carabelli,Elahi Galan Daniel,0,0,0,1,0,0.2666666666666666,0.6666666666666666,1.5,0.4,2.5
12026669,2025-04-12,13:00:00,ATP Barcelona,ATP Barcelona - Semi-finals,Mariano Navone,Jesper De Jong,0,0,0,1,0,0.31276505513146735,0.6944444444444444,1.44,0.38167938931297707,2.62
12026679,2025-04-12,13:00:00,Munich,Munich - Semi-finals,Christopher O'Connell,Hsin Tseng Chun,0,0,0,1,0,0.2666666666666666,0.6666666666666666,1.5,0.4,2.5
12026678,2025-04-12,13:30:00,Munich,Munich - Semi-finals,Billy Harris,Aleksandar Vukic,1,0,0,1,0,-0.23165384297178793,0.42194092827004215,2.37,0.6535947712418301,1.53
12026682,2025-04-12,15:10:00,Munich,Munich - Semi-finals,Alexander Bublik,Alexander Ritschard,1,0,0,1,0,0.19249823071479122,0.6369426751592356,1.57,0.4444444444444444,2.25
12026291,2025-04-10,13:05:00,ATP Monte Carlo,Monte Carlo - 1/8-finals,Alexei Popyrin,Casper Ruud,1,0,0,1,0,-0.55,0.25,4.0,0.8,1.25
12026269,2025-04-10,18:00:00,ATP Monte Carlo,Monte Carlo - 1/8-finals,Nuno Borges,Stefanos Tsitsipas,0,0,0,1,0,-0.588725248930451,0.23094688221709006,4.33,0.819672131147541,1.22
12025944,2025-04-09,11:10:00,ATP Monte Carlo,Monte Carlo - 1/16-finals,Nuno Borges,Pedro Martinez,1,0,0,1,0,0.28498727735368956,0.6666666666666666,1.5,0.38167938931297707,2.62
12025968,2025-04-09,13:20:00,ATP Monte Carlo,Monte Carlo - 1/16-finals,Flavio Cobolli,Arthur Fils,0,0,0,1,0,-0.3308080808080808,0.36363636363636365,2.75,0.6944444444444444,1.44
12025969,2025-04-09,15:50:00,ATP Monte Carlo,Monte Carlo - 1/16-finals,Roberto Bautista-Agut,Casper Ruud,0,0,0,1,0,-0.6111111111111112,0.2222222222222222,4.5,0.8333333333333334,1.2
12025763,2025-04-09,17:55:00,ATP Monte Carlo,Monte Carlo - 1/16-finals,Daniil Medvedev,Alexandre Muller,1,0,0,1,0,0.3308080808080808,0.6944444444444444,1.44,0.36363636363636365,2.75
12025302,2025-04-08,11:10:00,ATP Monte Carlo,Monte Carlo - 1/32-finals,Nicolas Jarry,Grigor Dimitrov,0,0,0,1,0,-0.48351648351648346,0.2857142857142857,3.5,0.7692307692307692,1.3
12025307,2025-04-08,13:20:00,ATP Monte Carlo,Monte Carlo - 1/32-finals,Holger Rune,Nuno Borges,0,0,0,1,0,0.4577620521892967,0.7518796992481203,1.33,0.29411764705882354,3.4
12025549,2025-04-08,13:45:00,ATP Monte Carlo,Monte Carlo - 1/32-finals,Dusan Lajovic,Flavio Cobolli,0,0,0,1,0,-0.05555555555555558,0.5,2.0,0.5555555555555556,1.8
12025301,2025-04-08,15:20:00,ATP Monte Carlo,Monte Carlo - 1/32-finals,Tallon Griekspoor,Arthur Fils,0,0,0,1,0,-0.28498727735368956,0.38167938931297707,2.62,0.6666666666666666,1.5
12025550,2025-04-08,17:30:00,ATP Monte Carlo,Monte Carlo - 1/16-finals,Jordan Thompson,Stefanos Tsitsipas,0,0,0,1,0,-0.7261904761904762,0.16666666666666666,6.0,0.8928571428571428,1.12
12025300,2025-04-07,11:10:00,ATP Monte Carlo,Monte Carlo - 1/32-finals,Marcos Giron,Denis Shapovalov,1,0,0,1,0,-0.3308080808080808,0.36363636363636365,2.75,0.6944444444444444,1.44
12025527,2025-04-07,15:35:00,ATP Monte Carlo,Monte Carlo - 1/32-finals,Alexandre Muller,Camilo Ugo Carabelli,1,0,0,1,0,0.0,0.5263157894736842,1.9,0.5263157894736842,1.9
12025305,2025-04-07,16:55:00,ATP Monte Carlo,Monte Carlo - 1/32-finals,Daniil Medvedev,Karen Khachanov,1,0,0,1,0,0.05555555555555558,0.5555555555555556,1.8,0.5,2.0
12025384,2025-04-06,12:10:00,ATP Monte Carlo,Monte Carlo - Final,Camilo Ugo Carabelli,Hamad Medjedovic,1,0,0,1,0,-0.23165384297178793,0.42194092827004215,2.37,0.6535947712418301,1.53
12025379,2025-04-06,13:10:00,Bucharest,Bucharest - Final,Sebastian Baez,Flavio Cobolli,0,0,0,1,0,0.25359477124183005,0.6535947712418301,1.53,0.4,2.5
12025380,2025-04-06,16:10:00,ATP Marrakech,Marrakech - Final,Tallon Griekspoor,Luciano Darderi,0,0,0,1,0,0.1478641840087624,0.6024096385542169,1.66,0.45454545454545453,2.2
12025310,2025-04-06,17:50:00,ATP Monte Carlo,Monte Carlo - 1/32-finals,Jordan Thompson,Giovanni Mpetshi Perricard,1,0,0,1,0,-0.1478641840087624,0.45454545454545453,2.2,0.6024096385542169,1.66
12025252,2025-04-05,11:10:00,ATP Monte Carlo,Monte Carlo - Semi-finals,Camilo Ugo Carabelli,Hugo Gaston,1,0,0,1,0,0.23165384297178793,0.6535947712418301,1.53,0.42194092827004215,2.37
12025254,2025-04-05,12:40:00,ATP Monte Carlo,Monte Carlo - Semi-finals,Pierre-Hugues Herbert,Aleksandar Vukic,1,0,0,1,0,0.0292397660818714,0.5555555555555556,1.8,0.5263157894736842,1.9
12025256,2025-04-05,13:10:00,ATP Monte Carlo,Monte Carlo - Semi-finals,Borna Gojo,Hamad Medjedovic,0,0,0,1,0,-0.31276505513146735,0.38167938931297707,2.62,0.6944444444444444,1.44
12025247,2025-04-05,14:10:00,Bucharest,Bucharest - Semi-finals,Flavio Cobolli,Damir Dzumhur,1,0,0,1,0,0.10520487264673317,0.5813953488372093,1.72,0.47619047619047616,2.1
12025255,2025-04-05,14:10:00,ATP Monte Carlo,Monte Carlo - Semi-finals,Luca Nardi,Arthur Rinderknech,0,0,0,1,0,0.12621916236374076,0.6024096385542169,1.66,0.47619047619047616,2.1
12025249,2025-04-05,16:00:00,ATP Marrakech,Marrakech - Semi-finals,Tallon Griekspoor,Kamil Majchrzak,1,0,0,1,0,0.18633540372670798,0.6211180124223602,1.61,0.4347826086956522,2.3
12024574,2025-04-04,03:00:00,ATP Houston,Houston - 1/8-finals,Alex Michelsen,Adrian Mannarino,1,0,0,1,0,0.747054747054747,0.9009009009009008,1.11,0.15384615384615385,6.5
12025093,2025-04-04,10:10:00,Bucharest,Bucharest - Quarter-finals,Christopher O'Connell,Marton Fucsovics,0,0,0,1,0,-0.28498727735368956,0.38167938931297707,2.62,0.6666666666666666,1.5
12025005,2025-04-04,13:10:00,ATP Marrakech,Marrakech - Quarter-finals,Roberto Carballes Baena,Nuno Borges,1,0,0,1,0,-0.05555555555555558,0.5,2.0,0.5555555555555556,1.8
12024844,2025-04-04,14:30:00,Bucharest,Bucharest - Quarter-finals,Filip Misolic,Flavio Cobolli,0,0,0,1,0,-0.10520487264673317,0.47619047619047616,2.1,0.5813953488372093,1.72
12025094,2025-04-04,17:30:00,ATP Marrakech,Marrakech - Quarter-finals,Tallon Griekspoor,Mattia Bellucci,1,0,0,1,0,0.3308080808080808,0.6944444444444444,1.44,0.36363636363636365,2.75
12024973,2025-04-04,19:10:00,ATP Marrakech,Marrakech - Quarter-finals,Alexandre Muller,Kamil Majchrzak,0,0,0,1,0,0.10520487264673317,0.5813953488372093,1.72,0.47619047619047616,2.1
12024542,2025-04-03,12:40:00,Bucharest,Bucharest - 1/8-finals,Nicolas Jarry,Christopher O'Connell,0,0,0,1,0,-0.05555555555555558,0.5,2.0,0.5555555555555556,1.8
12024686,2025-04-03,14:55:00,ATP Marrakech,Marrakech - 1/8-finals,Tallon Griekspoor,Pablo Carreno-Busta,1,0,0,1,0,0.10520487264673317,0.5813953488372093,1.72,0.47619047619047616,2.1
12024543,2025-04-02,10:10:00,Bucharest,Bucharest - 1/8-finals,Camilo Ugo Carabelli,Filip Misolic,0,0,0,1,0,0.25359477124183005,0.6535947712418301,1.53,0.4,2.5
12024417,2025-04-02,11:55:00,Bucharest,Bucharest - 1/8-finals,Richard Gasquet,Flavio Cobolli,0,0,0,1,0,-0.3308080808080808,0.36363636363636365,2.75,0.6944444444444444,1.44
12023887,2025-04-02,13:10:00,ATP Marrakech,Marrakech - 1/16-finals,Vit Kopriva,Borna Gojo,1,0,0,1,0,0.18633540372670798,0.6211180124223602,1.61,0.4347826086956522,2.3
12024467,2025-04-02,15:05:00,ATP Marrakech,Marrakech - 1/8-finals,Alexandre Muller,Hugo Dellien,1,0,0,1,0,0.28498727735368956,0.6666666666666666,1.5,0.38167938931297707,2.62
12024576,2025-04-02,17:10:00,ATP Marrakech,Marrakech - 1/8-finals,Jesper De Jong,Kamil Majchrzak,0,0,0,1,0,-0.05555555555555558,0.5,2.0,0.5555555555555556,1.8
12024340,2025-04-02,20:30:00,ATP Marrakech,Marrakech - 1/8-finals,Raphael Collignon,Nuno Borges,0,0,0,1,0,-0.25359477124183005,0.4,2.5,0.6535947712418301,1.53
12023807,2025-04-01,10:05:00,Bucharest,Bucharest - 1/16-finals,Dusan Lajovic,Christopher O'Connell,0,0,0,1,0,0.2150017468891935,0.6369426751592356,1.57,0.42194092827004215,2.37
12023809,2025-04-01,11:40:00,Bucharest,Bucharest - 1/16-finals,Luca Nardi,Marton Fucsovics,0,0,0,1,0,-0.28498727735368956,0.38167938931297707,2.62,0.6666666666666666,1.5
12024203,2025-04-01,11:40:00,Bucharest,Bucharest - 1/16-finals,Alexander Shevchenko,Filip Misolic,0,0,0,1,0,-0.10520487264673317,0.47619047619047616,2.1,0.5813953488372093,1.72
12024204,2025-04-01,12:10:00,Bucharest,Bucharest - 1/16-finals,Camilo Ugo Carabelli,Radu Albot,1,0,0,1,0,0.588725248930451,0.819672131147541,1.22,0.23094688221709006,4.33
12023882,2025-04-01,13:10:00,ATP Marrakech,Marrakech - 1/16-finals,Elliot Benchetrit,Jesper De Jong,0,0,0,1,0,-0.8433962264150943,0.1,10.0,0.9433962264150942,1.06
12023805,2025-04-01,14:00:00,Bucharest,Bucharest - 1/16-finals,Gabriel Diallo,Hsin Tseng Chun,1,0,0,1,0,-0.18633540372670798,0.4347826086956522,2.3,0.6211180124223602,1.61
12023888,2025-04-01,15:55:00,ATP Marrakech,Marrakech - 1/16-finals,Pavel Kotov,Mattia Bellucci,0,0,0,1,0,0.10520487264673317,0.5813953488372093,1.72,0.47619047619047616,2.1
12024206,2025-04-01,16:20:00,Bucharest,Bucharest - 1/16-finals,Stan Wawrinka,Timofey Skatov,1,0,0,1,0,0.25359477124183005,0.6535947712418301,1.53,0.4,2.5
12023884,2025-04-01,16:50:00,ATP Marrakech,Marrakech - 1/16-finals,Pablo Carreno-Busta,Younes Lalami Laaroussi,1,0,0,1,0,0.9556162512803005,0.9900990099009901,1.01,0.034482758620689655,29.0
12024208,2025-04-01,18:00:00,ATP Marrakech,Marrakech - 1/16-finals,Federico Coria,Pierre-Hugues Herbert,0,0,0,1,0,0.25359477124183005,0.6535947712418301,1.53,0.4,2.5
12024209,2025-04-01,18:20:00,ATP Marrakech,Marrakech - 1/16-finals,Manuel Cerundolo Juan,Hugo Gaston,0,0,0,1,0,0.05555555555555558,0.5555555555555556,1.8,0.5,2.0
12023761,2025-04-01,21:15:00,ATP Houston,Houston - 1/16-finals,Michael Mmoh,Adam Walton,0,0,0,1,0,0.10520487264673317,0.5813953488372093,1.72,0.47619047619047616,2.1
12023762,2025-04-01,23:45:00,ATP Houston,Houston - 1/16-finals,Ethan Quinn,Jordan Thompson,1,0,0,1,0,-0.25359477124183005,0.4,2.5,0.6535947712418301,1.53
12024045,2025-03-31,13:10:00,Bucharest,Bucharest - Final,Timofey Skatov,Radu Albot,1,0,0,1,0,0.35064935064935066,0.7142857142857143,1.4,0.36363636363636365,2.75
12024048,2025-03-31,13:10:00,ATP Marrakech,Marrakech - Final,Manuel Cerundolo Juan,Titouan Droguet,1,0,0,1,0,0.4751131221719456,0.7692307692307692,1.3,0.29411764705882354,3.4
12024049,2025-03-31,13:10:00,ATP Marrakech,Marrakech - Final,Federico Coria,Calvin Hemery,1,0,0,1,0,0.35064935064935066,0.7142857142857143,1.4,0.36363636363636365,2.75
12023889,2025-03-31,19:20:00,ATP Marrakech,Marrakech - 1/16-finals,Aleksandar Vukic,Hugo Dellien,0,0,0,1,0,-0.2150017468891935,0.42194092827004215,2.37,0.6369426751592356,1.57
12023756,2025-03-31,21:10:00,ATP Houston,Houston - 1/16-finals,Cristian Garin,Alexander Ritschard,1,0,0,1,0,0.3308080808080808,0.6944444444444444,1.44,0.36363636363636365,2.75
12023818,2025-03-30,11:40:00,Bucharest,Bucharest - Semi-finals,Nikoloz Basilashvili,Valentin Vacherot,0,0,0,1,0,-0.12621916236374076,0.47619047619047616,2.1,0.6024096385542169,1.66
12023819,2025-03-30,12:30:00,Bucharest,Bucharest - Semi-finals,Timofey Skatov,Oleg Prihodko,1,0,0,1,0,0.569672131147541,0.819672131147541,1.22,0.25,4.0
12023823,2025-03-30,13:10:00,ATP Marrakech,Marrakech - Semi-finals,Federico Coria,Giulio Zeppieri,1,0,0,1,0,0.12621916236374076,0.6024096385542169,1.66,0.47619047619047616,2.1
12023825,2025-03-30,14:40:00,ATP Marrakech,Marrakech - Semi-finals,Manuel Cerundolo Juan,Karim Bennani,1,0,0,1,0,0.8614718614718614,0.9523809523809523,1.05,0.09090909090909091,11.0
12023827,2025-03-30,14:55:00,ATP Marrakech,Marrakech - Semi-finals,Kamil Majchrzak,Marco Trungelliti,1,0,0,1,0,0.44418739155581255,0.7518796992481203,1.33,0.3076923076923077,3.25
12023822,2025-03-30,18:10:00,ATP Houston,Houston - Final,Adrian Mannarino,Corentin Denolly,0,0,0,1,0,0.12621916236374076,0.6024096385542169,1.66,0.47619047619047616,2.1
12023744,2025-03-29,18:25:00,ATP Houston,Houston - Semi-finals,Adrian Mannarino,Naoki Nakagawa,1,0,0,1,0,0.44418739155581255,0.7518796992481203,1.33,0.3076923076923077,3.25
12022323,2025-03-25,18:00:00,ATP Miami,Miami - 1/8-finals,Casper Ruud,Francisco Cerundolo,0,0,0,1,0,-0.05555555555555558,0.5,2.0,0.5555555555555556,1.8
12022060,2025-03-24,01:10:00,ATP Miami,Miami - 1/16-finals,Casper Ruud,Alejandro Tabilo,1,0,0,1,0,0.4577620521892967,0.7518796992481203,1.33,0.29411764705882354,3.4
12022164,2025-03-24,16:10:00,ATP Miami,Miami - 1/16-finals,Reilly Opelka,Tomas Machac,0,0,0,1,0,-0.28498727735368956,0.38167938931297707,2.62,0.6666666666666666,1.5
12022129,2025-03-24,17:15:00,ATP Miami,Miami - 1/16-finals,Alexander Zverev,Jordan Thompson,1,0,0,1,0,0.6953748006379585,0.8771929824561404,1.14,0.18181818181818182,5.5
12022127,2025-03-24,18:50:00,ATP Miami,Miami - 1/16-finals,Taylor Fritz,Denis Shapovalov,1,0,0,1,0,0.380952380952381,0.7142857142857143,1.4,0.3333333333333333,3.0
12022023,2025-03-23,16:15:00,ATP Miami,Miami - 1/16-finals,Grigor Dimitrov,Karen Khachanov,1,0,0,1,0,0.10520487264673317,0.5813953488372093,1.72,0.47619047619047616,2.1
12022034,2025-03-23,21:15:00,ATP Miami,Miami - 1/16-finals,Camilo Ugo Carabelli,Novak Djokovic,0,0,0,1,0,-0.8614718614718614,0.09090909090909091,11.0,0.9523809523809523,1.05
12021680,2025-03-22,01:05:00,ATP Miami,Miami - 1/32-finals,Francisco Cerundolo,Alexandre Muller,1,0,0,1,0,0.25359477124183005,0.6535947712418301,1.53,0.4,2.5
12021887,2025-03-22,18:20:00,ATP Miami,Miami - 1/32-finals,Jordan Thompson,Giovanni Mpetshi Perricard,1,0,0,1,0,0.0,0.5263157894736842,1.9,0.5263157894736842,1.9
12021863,2025-03-22,18:40:00,ATP Miami,Miami - 1/32-finals,Agustin Tirante Thiago,Denis Shapovalov,0,0,0,1,0,-0.6111111111111112,0.2222222222222222,4.5,0.8333333333333334,1.2
12021862,2025-03-22,21:25:00,ATP Miami,Miami - 1/32-finals,Holger Rune,Reilly Opelka,0,0,0,1,0,0.380952380952381,0.7142857142857143,1.4,0.3333333333333333,3.0
12021627,2025-03-21,16:10:00,ATP Miami,Miami - 1/32-finals,Casper Ruud,Miomir Kecmanovic,1,0,0,1,0,0.1478641840087624,0.6024096385542169,1.66,0.45454545454545453,2.2
12021623,2025-03-21,17:35:00,ATP Miami,Miami - 1/32-finals,Nick Kyrgios,Karen Khachanov,0,0,0,1,0,-0.42279411764705876,0.3125,3.2,0.7352941176470588,1.36
12021624,2025-03-21,19:00:00,ATP Miami,Miami - 1/32-finals,Alex Michelsen,Camilo Ugo Carabelli,0,0,0,1,0,0.588725248930451,0.819672131147541,1.22,0.23094688221709006,4.33
12021584,2025-03-21,19:15:00,ATP Miami,Miami - 1/32-finals,Hsin Tseng Chun,Stefanos Tsitsipas,0,0,0,1,0,-0.7662337662337662,0.14285714285714285,7.0,0.9090909090909091,1.1
12020686,2025-03-20,16:00:00,ATP Miami,ATP Miami - 1/64-finals,Nicolas Jarry,Flavio Cobolli,0,0,0,1,0,-0.10520487264673317,0.47619047619047616,2.1,0.5813953488372093,1.72
12020679,2025-03-20,16:05:00,ATP Miami,Miami - 1/64-finals,Zizou Bergs,Nuno Borges,1,0,0,1,0,-0.05555555555555558,0.5,2.0,0.5555555555555556,1.8
12021248,2025-03-20,16:10:00,ATP Miami,Miami - 1/64-finals,Agustin Tirante Thiago,Flavio Cobolli,1,0,0,1,0,-0.18633540372670798,0.4347826086956522,2.3,0.6211180124223602,1.61
12020682,2025-03-20,17:10:00,ATP Miami,Miami - 1/64-finals,Christopher Eubanks,Reilly Opelka,0,0,0,1,0,-0.25359477124183005,0.4,2.5,0.6535947712418301,1.53
12020684,2025-03-20,19:00:00,ATP Miami,ATP Miami - 1/64-finals,Tallon Griekspoor,Martin Etcheverry Tomas,0,0,0,1,0,0.28498727735368956,0.6666666666666666,1.5,0.38167938931297707,2.62
12020696,2025-03-20,19:30:00,ATP Miami,Miami - 1/64-finals,Jordan Thompson,Marcos Giron,1,0,0,1,0,-0.25359477124183005,0.4,2.5,0.6535947712418301,1.53
12020697,2025-03-19,16:05:00,ATP Miami,Miami - 1/64-finals,Aleksandar Vukic,David Goffin,0,0,0,1,0,-0.18633540372670798,0.4347826086956522,2.3,0.6211180124223602,1.61
12021213,2025-03-19,19:00:00,ATP Miami,Miami - 1/64-finals,Hsin Tseng Chun,Mattia Bellucci,1,0,0,1,0,-0.3308080808080808,0.36363636363636365,2.75,0.6944444444444444,1.44
12021214,2025-03-19,19:35:00,ATP Miami,Miami - 1/64-finals,Camilo Ugo Carabelli,Brandon Holt,1,0,0,1,0,-0.2150017468891935,0.42194092827004215,2.37,0.6369426751592356,1.57
12021211,2025-03-19,21:00:00,ATP Miami,Miami - 1/64-finals,Christopher O'Connell,Roberto Carballes Baena,0,0,0,1,0,0.25359477124183005,0.6535947712418301,1.53,0.4,2.5
12021210,2025-03-19,23:25:00,ATP Miami,Miami - 1/64-finals,Alexandre Muller,Rei Sakamoto,1,0,0,1,0,0.3308080808080808,0.6944444444444444,1.44,0.36363636363636365,2.75
12020484,2025-03-18,16:05:00,ATP Miami,Miami - Final,Pavel Kotov,Mackenzie McDonald,0,0,0,1,0,-0.31276505513146735,0.38167938931297707,2.62,0.6944444444444444,1.44
12020485,2025-03-18,16:10:00,ATP Miami,Miami - Final,Alexander Shevchenko,Agustin Tirante Thiago,0,0,0,1,0,0.12621916236374076,0.6024096385542169,1.66,0.47619047619047616,2.1
12020486,2025-03-18,17:40:00,ATP Miami,Miami - Final,Camilo Ugo Carabelli,Ethan Quinn,0,0,0,1,0,-0.23165384297178793,0.42194092827004215,2.37,0.6535947712418301,1.53
12020813,2025-03-18,17:45:00,ATP Miami,Miami - Final,Hsin Tseng Chun,Darwin Blanch,1,0,0,1,0,0.23165384297178793,0.6535947712418301,1.53,0.42194092827004215,2.37
12020812,2025-03-18,18:05:00,ATP Miami,Miami - Final,Christopher O'Connell,Marco Trungelliti,1,0,0,1,0,0.747054747054747,0.9009009009009008,1.11,0.15384615384615385,6.5
12020271,2025-03-17,16:05:00,ATP Miami,Miami - Semi-finals,Luca Nardi,Terence Atmane,0,0,0,1,0,0.31276505513146735,0.6944444444444444,1.44,0.38167938931297707,2.62
12020276,2025-03-17,16:05:00,ATP Miami,Miami - Semi-finals,Agustin Tirante Thiago,Dusan Lajovic,1,0,0,1,0,-0.19249823071479122,0.4444444444444444,2.25,0.6369426751592356,1.57
12020259,2025-03-17,16:10:00,ATP Miami,Miami - Semi-finals,Nikoloz Basilashvili,Mackenzie McDonald,0,0,0,1,0,-0.19249823071479122,0.4444444444444444,2.25,0.6369426751592356,1.57
12020272,2025-03-17,17:35:00,ATP Miami,,Christopher O'Connell,Lloyd Harris,0,0,0,1,0,0.5333333333333334,0.8,1.25,0.26666666666666666,3.75
12020268,2025-03-17,17:45:00,ATP Miami,Miami - Semi-finals,Pavel Kotov,Alexis Galarneau,1,0,0,1,0,0.08139534883720934,0.5813953488372093,1.72,0.5,2.0
12020275,2025-03-17,18:10:00,ATP Miami,Miami - Semi-finals,Alexander Shevchenko,Lukas Klein,1,0,0,1,0,-0.31276505513146735,0.38167938931297707,2.62,0.6944444444444444,1.44
12020280,2025-03-17,18:20:00,ATP Miami,Miami - Semi-finals,Camilo Ugo Carabelli,Mitchell Krueger,1,0,0,1,0,0.12621916236374076,0.6024096385542169,1.66,0.47619047619047616,2.1
12020273,2025-03-17,18:40:00,ATP Miami,Miami - Semi-finals,Ethan Quinn,Adrian Mannarino,1,0,0,1,0,0.4955357142857143,0.78125,1.28,0.2857142857142857,3.5
12020277,2025-03-17,19:55:00,ATP Miami,Miami - Semi-finals,Marco Trungelliti,Alexander Ritschard,1,0,0,1,0,-0.23165384297178793,0.42194092827004215,2.37,0.6535947712418301,1.53
12020278,2025-03-17,19:55:00,ATP Miami,Miami - Semi-finals,Hsin Tseng Chun,Alejandro Moro Canas,1,0,0,1,0,-0.08139534883720934,0.5,2.0,0.5813953488372093,1.72
12020262,2025-03-17,22:20:00,ATP Miami,Miami - Semi-finals,Francisco Comesana,Michael Mmoh,1,0,0,1,0,-0.12621916236374076,0.47619047619047616,2.1,0.6024096385542169,1.66
12020141,2025-03-16,22:10:00,ATP Indian Wells,Indian Wells - Final,Holger Rune,Jack Draper,0,0,0,1,0,-0.2150017468891935,0.42194092827004215,2.37,0.6369426751592356,1.57
12019866,2025-03-15,21:40:00,ATP Indian Wells,Indian Wells - Semi-finals,Holger Rune,Daniil Medvedev,1,0,0,1,0,-0.25359477124183005,0.4,2.5,0.6535947712418301,1.53
12019345,2025-03-13,19:15:00,ATP Indian Wells,Indian Wells - Quarter-finals,Tallon Griekspoor,Holger Rune,0,0,0,1,0,-0.2150017468891935,0.42194092827004215,2.37,0.6369426751592356,1.57
12018383,2025-03-11,00:35:00,ATP Indian Wells,Indian Wells - 1/16-finals,Karen Khachanov,Ben Shelton,0,0,0,1,0,-0.10520487264673317,0.47619047619047616,2.1,0.5813953488372093,1.72
12018373,2025-03-11,02:10:00,ATP Indian Wells,Indian Wells - 1/16-finals,Denis Shapovalov,Carlos Alcaraz,0,0,0,1,0,-0.6953748006379585,0.18181818181818182,5.5,0.8771929824561404,1.14
12018476,2025-03-11,19:10:00,ATP Indian Wells,Indian Wells - 1/8-finals,Tallon Griekspoor,Yosuke Watanuki,1,0,0,1,0,0.380952380952381,0.7142857142857143,1.4,0.3333333333333333,3.0
12018477,2025-03-11,21:15:00,ATP Indian Wells,Indian Wells - 1/8-finals,Holger Rune,Stefanos Tsitsipas,1,0,0,1,0,-0.18633540372670798,0.4347826086956522,2.3,0.6211180124223602,1.61
12018116,2025-03-09,02:30:00,ATP Indian Wells,Indian Wells - 1/32-finals,Karen Khachanov,Jakub Mensik,1,0,0,1,0,0.10520487264673317,0.5813953488372093,1.72,0.47619047619047616,2.1
12018139,2025-03-09,02:55:00,ATP Indian Wells,Indian Wells - 1/32-finals,Grigor Dimitrov,Nuno Borges,1,0,0,1,0,-0.1478641840087624,0.45454545454545453,2.2,0.6024096385542169,1.66
12018247,2025-03-09,19:10:00,ATP Indian Wells,Indian Wells - 1/16-finals,Tallon Griekspoor,Giovanni Mpetshi Perricard,1,0,0,1,0,0.18633540372670798,0.6211180124223602,1.61,0.4347826086956522,2.3
12018266,2025-03-09,23:40:00,ATP Indian Wells,Indian Wells - 1/16-finals,Holger Rune,Ugo Humbert,1,0,0,1,0,-0.05555555555555558,0.5,2.0,0.5555555555555556,1.8
12017976,2025-03-08,01:10:00,ATP Indian Wells,Indian Wells - 1/32-finals,Holger Rune,Corentin Moutet,1,0,0,1,0,0.42279411764705876,0.7352941176470588,1.36,0.3125,3.2
12018146,2025-03-08,21:55:00,ATP Indian Wells,Indian Wells - 1/32-finals,Denis Shapovalov,Adam Walton,1,0,0,1,0,0.5145833333333334,0.78125,1.28,0.26666666666666666,3.75
12017391,2025-03-07,02:10:00,ATP Indian Wells,Indian Wells - 1/64-finals,Arthur Rinderknech,Nuno Borges,0,0,0,1,0,-0.42279411764705876,0.3125,3.2,0.7352941176470588,1.36
12017698,2025-03-07,03:05:00,ATP Indian Wells,Indian Wells - 1/64-finals,Giulio Zeppieri,Adam Walton,0,0,0,1,0,-0.18633540372670798,0.4347826086956522,2.3,0.6211180124223602,1.61
12017979,2025-03-07,20:10:00,ATP Indian Wells,Indian Wells - 1/32-finals,Alexander Zverev,Tallon Griekspoor,0,0,0,1,0,0.55,0.8,1.25,0.25,4.0
12017694,2025-03-07,21:30:00,ATP Indian Wells,Indian Wells - 1/64-finals,Quentin Halys,Pablo Carreno-Busta,1,0,0,1,0,-0.18633540372670798,0.4347826086956522,2.3,0.6211180124223602,1.61
12017977,2025-03-07,22:45:00,ATP Indian Wells,Indian Wells - 1/32-finals,Casper Ruud,Marcos Giron,0,0,0,1,0,0.2150017468891935,0.6369426751592356,1.57,0.42194092827004215,2.37
12017924,2025-03-07,23:15:00,ATP Indian Wells,Indian Wells - 1/32-finals,Matteo Berrettini,Christopher O'Connell,1,0,0,1,0,0.6111111111111112,0.8333333333333334,1.2,0.2222222222222222,4.5
12017392,2025-03-06,00:55:00,ATP Indian Wells,Indian Wells - 1/64-finals,Roman Safiullin,Reilly Opelka,1,0,0,1,0,-0.05555555555555558,0.5,2.0,0.5555555555555556,1.8
12017693,2025-03-06,01:20:00,ATP Indian Wells,Indian Wells - 1/64-finals,Marcos Giron,Nikoloz Basilashvili,1,0,0,1,0,0.380952380952381,0.7142857142857143,1.4,0.3333333333333333,3.0
12017387,2025-03-06,03:10:00,ATP Indian Wells,Indian Wells - 1/64-finals,Corentin Moutet,Jordan Thompson,1,0,0,1,0,0.0,0.5263157894736842,1.9,0.5263157894736842,1.9
12017390,2025-03-06,04:00:00,ATP Indian Wells,Indian Wells - 1/64-finals,Cameron Norrie,Luca Nardi,1,0,0,1,0,0.25359477124183005,0.6535947712418301,1.53,0.4,2.5
12017394,2025-03-06,20:10:00,ATP Indian Wells,Indian Wells - 1/64-finals,Alexander Shevchenko,Rinky Hijikata,0,0,0,1,0,0.1478641840087624,0.6024096385542169,1.66,0.45454545454545453,2.2
12017294,2025-03-05,00:40:00,ATP Indian Wells,Indian Wells - Final,Colton Smith,Pavel Kotov,1,0,0,1,0,0.08139534883720934,0.5813953488372093,1.72,0.5,2.0
12017354,2025-03-05,01:00:00,ATP Indian Wells,Indian Wells - Final,Damir Dzumhur,Radu Albot,1,0,0,1,0,0.2666666666666666,0.6666666666666666,1.5,0.4,2.5
12017352,2025-03-05,01:05:00,ATP Indian Wells,Indian Wells - Final,Adam Walton,Michael Mmoh,1,0,0,1,0,0.08139534883720934,0.5813953488372093,1.72,0.5,2.0
12017344,2025-03-05,01:20:00,ATP Indian Wells,Indian Wells - Final,Alexis Galarneau,Pablo Carreno-Busta,0,0,0,1,0,-0.4751131221719456,0.29411764705882354,3.4,0.7692307692307692,1.3
12017377,2025-03-05,20:10:00,ATP Indian Wells,Indian Wells - 1/64-finals,Tristan Boyer,Aleksandar Vukic,1,0,0,1,0,-0.05555555555555558,0.5,2.0,0.5555555555555556,1.8
12017393,2025-03-05,20:10:00,ATP Indian Wells,Indian Wells - 1/64-finals,Thiago Seyboth Wild,Alexandre Muller,1,0,0,1,0,-0.1478641840087624,0.45454545454545453,2.2,0.6024096385542169,1.66
12017379,2025-03-05,21:10:00,ATP Indian Wells,Indian Wells - 1/64-finals,Roberto Carballes Baena,Christopher O'Connell,0,0,0,1,0,-0.1478641840087624,0.45454545454545453,2.2,0.6024096385542169,1.66
12017384,2025-03-05,22:45:00,ATP Indian Wells,Indian Wells - 1/64-finals,Miomir Kecmanovic,Tallon Griekspoor,0,0,0,1,0,0.05555555555555558,0.5555555555555556,1.8,0.5,2.0
12017695,2025-03-05,23:15:00,ATP Indian Wells,Indian Wells - 1/64-finals,Colton Smith,Flavio Cobolli,1,0,0,1,0,-0.1478641840087624,0.45454545454545453,2.2,0.6024096385542169,1.66
12016977,2025-03-04,00:25:00,ATP Indian Wells,Indian Wells - Semi-finals,Li Tu,Adrian Mannarino,1,0,0,1,0,0.12621916236374076,0.6024096385542169,1.66,0.47619047619047616,2.1
12016968,2025-03-04,02:45:00,ATP Indian Wells,Indian Wells - Semi-finals,Radu Albot,Taro Daniel,1,0,0,1,0,-0.40196078431372545,0.3333333333333333,3.0,0.7352941176470588,1.36
12016974,2025-03-04,02:45:00,ATP Indian Wells,Indian Wells - Semi-finals,Michael Mmoh,Billy Harris,1,0,0,1,0,0.16657255787690567,0.6211180124223602,1.61,0.45454545454545453,2.2
12017296,2025-03-04,21:10:00,ATP Indian Wells,Indian Wells - Final,Giulio Zeppieri,Mikhail Kukushkin,1,0,0,1,0,0.31276505513146735,0.6944444444444444,1.44,0.38167938931297707,2.62
12017292,2025-03-04,21:40:00,ATP Indian Wells,Indian Wells - Final,Nikoloz Basilashvili,Yasutaka Uchiyama,1,0,0,1,0,0.35064935064935066,0.7142857142857143,1.4,0.36363636363636365,2.75
12016976,2025-03-03,19:10:00,ATP Indian Wells,Indian Wells - Semi-finals,Hsin Tseng Chun,Giulio Zeppieri,0,0,0,1,0,0.0,0.5464480874316939,1.83,0.5464480874316939,1.83
12016979,2025-03-03,21:00:00,ATP Indian Wells,Indian Wells - Semi-finals,Coleman Wong Chak Lam,Pavel Kotov,0,0,0,1,0,-0.31276505513146735,0.38167938931297707,2.62,0.6944444444444444,1.44
12016981,2025-03-03,21:10:00,ATP Indian Wells,Indian Wells - Semi-finals,Christopher Eubanks,Nikoloz Basilashvili,0,0,0,1,0,-0.08139534883720934,0.5,2.0,0.5813953488372093,1.72
12016980,2025-03-03,21:55:00,ATP Indian Wells,Indian Wells - Semi-finals,Arthur Cazaux,Alexis Galarneau,0,0,0,1,0,0.44418739155581255,0.7518796992481203,1.33,0.3076923076923077,3.25
12016982,2025-03-03,22:35:00,ATP Indian Wells,Indian Wells - Semi-finals,Zachary Svajda,Pablo Carreno-Busta,0,0,0,1,0,-0.569672131147541,0.25,4.0,0.819672131147541,1.22
12016751,2025-03-02,00:25:00,Santiago,Santiago - Semi-finals,Sebastian Baez,Camilo Ugo Carabelli,1,0,0,1,0,0.380952380952381,0.7142857142857143,1.4,0.3333333333333333,3.0
12016656,2025-03-01,00:25:00,Santiago,Santiago - Quarter-finals,Camilo Ugo Carabelli,Federico Coria,1,0,0,1,0,0.1478641840087624,0.6024096385542169,1.66,0.45454545454545453,2.2
12016671,2025-03-01,04:40:00,ATP Acapulco,Acapulco - Semi-finals,Denis Shapovalov,Alejandro Davidovich Fokina,0,0,0,1,0,0.25359477124183005,0.6535947712418301,1.53,0.4,2.5
12016363,2025-02-28,00:10:00,Santiago,Santiago - 1/8-finals,Federico Coria,Alejandro Tabilo,1,0,0,1,0,-0.2150017468891935,0.42194092827004215,2.37,0.6369426751592356,1.57
12016490,2025-02-28,03:35:00,ATP Acapulco,Acapulco - Quarter-finals,Denis Shapovalov,Marcos Giron,1,0,0,1,0,0.3308080808080808,0.6944444444444444,1.44,0.36363636363636365,2.75
12016577,2025-02-28,16:50:00,ATP Dubai,Dubai - Semi-finals,Tallon Griekspoor,Stefanos Tsitsipas,0,0,0,1,0,-0.2150017468891935,0.42194092827004215,2.37,0.6369426751592356,1.57
12016258,2025-02-27,02:10:00,ATP Acapulco,Acapulco - 1/8-finals,Denis Shapovalov,Alex Michelsen,1,0,0,1,0,0.25359477124183005,0.6535947712418301,1.53,0.4,2.5
12016231,2025-02-27,03:05:00,ATP Acapulco,Acapulco - 1/8-finals,Holger Rune,Brandon Nakashima,0,0,0,1,0,0.1478641840087624,0.6024096385542169,1.66,0.45454545454545453,2.2
12016226,2025-02-27,04:30:00,ATP Acapulco,Acapulco - 1/8-finals,Rodrigo Pacheco Mendez,Casper Ruud,1,0,0,1,0,-0.9042071197411004,0.06666666666666667,15.0,0.970873786407767,1.03
12016359,2025-02-27,13:50:00,ATP Dubai,Dubai - Quarter-finals,Luca Nardi,Quentin Halys,0,0,0,1,0,-0.05555555555555558,0.5,2.0,0.5555555555555556,1.8
12016360,2025-02-27,16:15:00,ATP Dubai,Dubai - Quarter-finals,Daniil Medvedev,Tallon Griekspoor,0,0,0,1,0,0.5145833333333334,0.78125,1.28,0.26666666666666666,3.75
12016191,2025-02-27,22:55:00,Santiago,Santiago - 1/8-finals,Camilo Ugo Carabelli,Thiago Monteiro,1,0,0,1,0,-0.05555555555555558,0.5,2.0,0.5555555555555556,1.8
12015388,2025-02-26,01:05:00,ATP Acapulco,Acapulco - 1/16-finals,Aleksandar Vukic,Rodrigo Pacheco Mendez,0,0,0,1,0,0.588725248930451,0.819672131147541,1.22,0.23094688221709006,4.33
12015385,2025-02-26,01:10:00,ATP Acapulco,Acapulco - 1/16-finals,Holger Rune,Roberto Carballes Baena,1,0,0,1,0,0.48351648351648346,0.7692307692307692,1.3,0.2857142857142857,3.5
12015489,2025-02-26,04:25:00,ATP Acapulco,Acapulco - 1/16-finals,Denis Shapovalov,Nishesh Basavareddy,1,0,0,1,0,0.10520487264673317,0.5813953488372093,1.72,0.47619047619047616,2.1
12015387,2025-02-26,06:30:00,ATP Acapulco,Acapulco - 1/16-finals,Frances Tiafoe,Alexandre Muller,1,0,0,1,0,0.48351648351648346,0.7692307692307692,1.3,0.2857142857142857,3.5
12015960,2025-02-26,11:10:00,ATP Dubai,Dubai - 1/8-finals,Nuno Borges,Felix Auger-Aliassime,0,0,0,1,0,-0.28498727735368956,0.38167938931297707,2.62,0.6666666666666666,1.5
12015929,2025-02-26,13:45:00,ATP Dubai,Dubai - 1/8-finals,Luca Nardi,Zizou Bergs,1,0,0,1,0,-0.28498727735368956,0.38167938931297707,2.62,0.6666666666666666,1.5
12015961,2025-02-26,13:55:00,ATP Dubai,Dubai - 1/8-finals,Tallon Griekspoor,Ugo Humbert,1,0,0,1,0,-0.5145833333333334,0.26666666666666666,3.75,0.78125,1.28
12015963,2025-02-26,17:40:00,ATP Dubai,Dubai - 1/8-finals,Matteo Berrettini,Christopher O'Connell,1,0,0,1,0,0.5145833333333334,0.78125,1.28,0.26666666666666666,3.75
12015769,2025-02-26,18:00:00,ATP Dubai,Dubai - 1/8-finals,Stefanos Tsitsipas,Karen Khachanov,1,0,0,1,0,0.10520487264673317,0.5813953488372093,1.72,0.47619047619047616,2.1
12015299,2025-02-26,19:50:00,Santiago,Santiago - 1/16-finals,Federico Coria,Tomas Barrios Vera,1,0,0,1,0,-0.1478641840087624,0.45454545454545453,2.2,0.6024096385542169,1.66
12015471,2025-02-26,20:15:00,Santiago,Santiago - 1/16-finals,Felipe Meligeni Alves,Francisco Comesana,0,0,0,1,0,-0.05555555555555558,0.5,2.0,0.5555555555555556,1.8
12015468,2025-02-25,00:10:00,Santiago,Santiago - 1/16-finals,Cristian Garin,Pablo Ficovich Juan,1,0,0,1,0,0.28498727735368956,0.6666666666666666,1.5,0.38167938931297707,2.62
12015384,2025-02-25,01:40:00,ATP Acapulco,Acapulco - 1/16-finals,Arthur Rinderknech,Casper Ruud,0,0,0,1,0,-0.6111111111111112,0.2222222222222222,4.5,0.8333333333333334,1.2
12015380,2025-02-25,03:45:00,ATP Acapulco,Acapulco - 1/16-finals,Flavio Cobolli,Ben Shelton,0,0,0,1,0,-0.5145833333333334,0.26666666666666666,3.75,0.78125,1.28
12015189,2025-02-25,11:10:00,ATP Dubai,Dubai - 1/16-finals,Arthur Fils,Nuno Borges,0,0,0,1,0,0.18633540372670798,0.6211180124223602,1.61,0.4347826086956522,2.3
12015512,2025-02-25,11:10:00,ATP Dubai,Dubai - 1/16-finals,Luca Nardi,Marton Fucsovics,1,0,0,1,0,-0.28498727735368956,0.38167938931297707,2.62,0.6666666666666666,1.5
12015465,2025-02-25,13:40:00,ATP Dubai,Dubai - 1/16-finals,Roman Safiullin,Tallon Griekspoor,0,0,0,1,0,-0.1478641840087624,0.45454545454545453,2.2,0.6024096385542169,1.66
12015386,2025-02-25,17:00:00,ATP Acapulco,ATP Acapulco - 1/16-finals,Denis Shapovalov,Cameron Norrie,0,0,0,1,0,0.28498727735368956,0.6666666666666666,1.5,0.38167938931297707,2.62
12015464,2025-02-25,17:10:00,ATP Dubai,Dubai - 1/16-finals,Christopher O'Connell,Grigor Dimitrov,1,0,0,1,0,-0.42279411764705876,0.3125,3.2,0.7352941176470588,1.36
12015470,2025-02-25,19:45:00,Santiago,Santiago - 1/16-finals,Manuel Cerundolo Juan,Thiago Monteiro,0,0,0,1,0,-0.05555555555555558,0.5,2.0,0.5555555555555556,1.8
12015303,2025-02-25,20:05:00,Santiago,Santiago - 1/16-finals,Nicolas Jarry,Camilo Ugo Carabelli,0,0,0,1,0,0.3308080808080808,0.6944444444444444,1.44,0.36363636363636365,2.75
12015305,2025-02-25,22:25:00,Santiago,Santiago - 1/16-finals,Mariano Navone,Alexander Shevchenko,1,0,0,1,0,0.48351648351648346,0.7692307692307692,1.3,0.2857142857142857,3.5
12015188,2025-02-24,13:10:00,ATP Dubai,Dubai - 1/16-finals,Daniel Evans,Karen Khachanov,0,0,0,1,0,-0.6111111111111112,0.2222222222222222,4.5,0.8333333333333334,1.2
12015165,2025-02-23,00:05:00,ATP Acapulco,Acapulco - Semi-finals,Adrian Mannarino,Adam Walton,0,0,0,1,0,-0.40196078431372545,0.3333333333333333,3.0,0.7352941176470588,1.36
12015182,2025-02-23,08:10:00,ATP Dubai,Dubai - Final,Marton Fucsovics,Luca Nardi,1,0,0,1,0,0.31276505513146735,0.6944444444444444,1.44,0.38167938931297707,2.62
12015184,2025-02-23,08:10:00,ATP Dubai,Dubai - Final,Christopher O'Connell,Botic Van De Zandschulp,1,0,0,1,0,-0.31276505513146735,0.38167938931297707,2.62,0.6944444444444444,1.44
12015183,2025-02-23,10:05:00,ATP Dubai,Dubai - Final,Quentin Halys,Pavel Kotov,1,0,0,1,0,0.23165384297178793,0.6535947712418301,1.53,0.42194092827004215,2.37
12015248,2025-02-23,16:10:00,Santiago,Santiago - Final,Andres Burruchaga Roman,Pablo Ficovich Juan,0,0,0,1,0,0.12621916236374076,0.6024096385542169,1.66,0.47619047619047616,2.1
12015250,2025-02-23,16:10:00,Santiago,Santiago - Final,Felipe Meligeni Alves,Pablo Varillas Juan,1,0,0,1,0,-0.12621916236374076,0.47619047619047616,2.1,0.6024096385542169,1.66
12015251,2025-02-23,17:50:00,Santiago,Santiago - Final,Agustin Tirante Thiago,Gustavo Heide,0,0,0,1,0,-0.12621916236374076,0.47619047619047616,2.1,0.6024096385542169,1.66
12015363,2025-02-23,21:40:00,Rio de Janeiro,Rio de Janeiro - Final,Alexandre Muller,Sebastian Baez,0,0,0,1,0,-0.10520487264673317,0.47619047619047616,2.1,0.5813953488372093,1.72
12015011,2025-02-22,02:05:00,Rio de Janeiro,Rio de Janeiro - Quarter-finals,Francisco Cerundolo,Alexandre Muller,0,0,0,1,0,0.3308080808080808,0.6944444444444444,1.44,0.36363636363636365,2.75
12015077,2025-02-22,08:10:00,ATP Dubai,Dubai - Semi-finals,Lloyd Harris,Luca Nardi,0,0,0,1,0,-0.5333333333333334,0.26666666666666666,3.75,0.8,1.25
12015079,2025-02-22,09:15:00,ATP Dubai,Dubai - Semi-finals,Andrea Vavassori,Botic Van De Zandschulp,0,0,0,1,0,-0.4751131221719456,0.29411764705882354,3.4,0.7692307692307692,1.3
12015078,2025-02-22,09:55:00,ATP Dubai,Dubai - Semi-finals,Christopher O'Connell,A. Al Janahi,1,0,0,1,0,0.9272282654523991,0.9950248756218907,1.005,0.06779661016949153,14.75
12015080,2025-02-22,10:05:00,ATP Dubai,Dubai - Semi-finals,Yosuke Watanuki,Pavel Kotov,0,0,0,1,0,0.31276505513146735,0.6944444444444444,1.44,0.38167938931297707,2.62
12015082,2025-02-22,11:15:00,ATP Dubai,Dubai - Semi-finals,Roman Safiullin,Nikoloz Basilashvili,1,0,0,1,0,0.35064935064935066,0.7142857142857143,1.4,0.36363636363636365,2.75
12015124,2025-02-22,16:10:00,Santiago,Santiago - Semi-finals,Emilio Nava,Pablo Varillas Juan,0,0,0,1,0,-0.08139534883720934,0.5,2.0,0.5813953488372093,1.72
12015125,2025-02-22,16:10:00,Santiago,Santiago - Semi-finals,Daniel Vallejo Adolfo,Pablo Ficovich Juan,0,0,0,1,0,-0.0292397660818714,0.5263157894736842,1.9,0.5555555555555556,1.8
12015126,2025-02-22,17:55:00,Santiago,Santiago - Semi-finals,Felipe Meligeni Alves,Bastian Malla,1,0,0,1,0,0.6023864511162433,0.8333333333333334,1.2,0.23094688221709006,4.33
12015128,2025-02-22,17:55:00,Santiago,Santiago - Semi-finals,Agustin Tirante Thiago,Pol Martin Tiffon,1,0,0,1,0,0.12621916236374076,0.6024096385542169,1.66,0.47619047619047616,2.1
12015127,2025-02-22,18:55:00,Santiago,,Ryan Seggerman,Facundo Mena,0,0,0,1,0,-0.569672131147541,0.25,4.0,0.819672131147541,1.22
12015129,2025-02-22,19:50:00,Santiago,Santiago - Semi-finals,Manuel Cerundolo Juan,Matias Soto,1,0,0,1,0,0.569672131147541,0.819672131147541,1.22,0.25,4.0
12015119,2025-02-22,21:10:00,Rio de Janeiro,Rio de Janeiro - Semi-finals,Sebastian Baez,Camilo Ugo Carabelli,1,0,0,1,0,0.42279411764705876,0.7352941176470588,1.36,0.3125,3.2
12015166,2025-02-22,23:15:00,Rio de Janeiro,Rio de Janeiro - Semi-finals,Francisco Comesana,Alexandre Muller,0,0,0,1,0,-0.25359477124183005,0.4,2.5,0.6535947712418301,1.53
12014618,2025-02-21,01:40:00,Rio de Janeiro,Rio de Janeiro - 1/8-finals,Alexandre Muller,Martin Etcheverry Tomas,1,0,0,1,0,-0.3308080808080808,0.36363636363636365,2.75,0.6944444444444444,1.44
12014873,2025-02-21,21:10:00,Rio de Janeiro,Rio de Janeiro - Quarter-finals,Sebastian Baez,Hsin Tseng Chun,1,0,0,1,0,0.5145833333333334,0.78125,1.28,0.26666666666666666,3.75
12015005,2025-02-21,21:10:00,Rio de Janeiro,Rio de Janeiro - Quarter-finals,Camilo Ugo Carabelli,Jaime Faria,1,0,0,1,0,0.1478641840087624,0.6024096385542169,1.66,0.45454545454545453,2.2
12014611,2025-02-20,00:20:00,Rio de Janeiro,Rio de Janeiro - 1/8-finals,Alexander Zverev,Alexander Shevchenko,1,0,0,1,0,0.8009259259259258,0.9259259259259258,1.08,0.125,8.0
12014393,2025-02-20,03:15:00,Rio de Janeiro,Rio de Janeiro - 1/8-finals,Thiago Monteiro,Hsin Tseng Chun,0,0,0,1,0,0.3308080808080808,0.6944444444444444,1.44,0.36363636363636365,2.75
12014617,2025-02-20,21:10:00,Rio de Janeiro,Rio de Janeiro - 1/8-finals,Camilo Ugo Carabelli,Damir Dzumhur,1,0,0,1,0,0.18633540372670798,0.6211180124223602,1.61,0.4347826086956522,2.3
12014016,2025-02-19,00:25:00,Rio de Janeiro,Rio de Janeiro - 1/16-finals,Pedro Martinez,Camilo Ugo Carabelli,0,0,0,1,0,0.25359477124183005,0.6535947712418301,1.53,0.4,2.5
12013876,2025-02-19,01:40:00,Rio de Janeiro,Rio de Janeiro - 1/16-finals,Joao Fonseca,Alexandre Muller,0,0,0,1,0,0.6111111111111112,0.8333333333333334,1.2,0.2222222222222222,4.5
12014459,2025-02-19,14:05:00,ATP Doha,Doha - 1/8-finals,Andrey Rublev,Nuno Borges,1,0,0,1,0,0.48351648351648346,0.7692307692307692,1.3,0.2857142857142857,3.5
12014259,2025-02-19,14:10:00,ATP Doha,Doha - 1/8-finals,Christopher O'Connell,Jack Draper,0,0,0,1,0,-0.6111111111111112,0.2222222222222222,4.5,0.8333333333333334,1.2
12014433,2025-02-19,16:15:00,ATP Doha,Doha - 1/8-finals,Carlos Alcaraz,Luca Nardi,1,0,0,1,0,0.9042071197411004,0.970873786407767,1.03,0.06666666666666667,15.0
12014460,2025-02-19,18:30:00,ATP Doha,Doha - 1/8-finals,Matteo Berrettini,Tallon Griekspoor,1,0,0,1,0,0.380952380952381,0.7142857142857143,1.4,0.3333333333333333,3.0
12014392,2025-02-19,20:40:00,Rio de Janeiro,Rio de Janeiro - 1/8-finals,Francisco Comesana,Nicolas Jarry,1,0,0,1,0,-0.28498727735368956,0.38167938931297707,2.62,0.6666666666666666,1.5
12014013,2025-02-18,02:10:00,Rio de Janeiro,Rio de Janeiro - 1/16-finals,Hsin Tseng Chun,Alejandro Tabilo,1,0,0,1,0,-0.48351648351648346,0.2857142857142857,3.5,0.7692307692307692,1.3
12013785,2025-02-18,08:00:00,ATP Doha,ATP Doha - 1/16-finals,Ugo Humbert,Nuno Borges,0,0,0,1,0,0.25359477124183005,0.6535947712418301,1.53,0.4,2.5
12014005,2025-02-18,12:40:00,ATP Doha,Doha - 1/16-finals,Zhizhen Zhang,Luca Nardi,0,0,0,1,0,0.18633540372670798,0.6211180124223602,1.61,0.4347826086956522,2.3
12014084,2025-02-18,12:45:00,ATP Doha,Doha - 1/16-finals,Otto Virtanen,Nuno Borges,0,0,0,1,0,-0.380952380952381,0.3333333333333333,3.0,0.7142857142857143,1.4
12014014,2025-02-18,14:00:00,Rio de Janeiro,ATP Rio de Janeiro - 1/16-finals,Tomas Barrios Vera,Lorenzo Musetti,0,0,0,1,0,-0.5145833333333334,0.26666666666666666,3.75,0.78125,1.28
12013792,2025-02-18,14:25:00,ATP Doha,Doha - 1/16-finals,Jan-Lennard Struff,Tallon Griekspoor,0,0,0,1,0,-0.2150017468891935,0.42194092827004215,2.37,0.6369426751592356,1.57
12013786,2025-02-18,14:40:00,ATP Doha,Doha - 1/16-finals,Karen Khachanov,Daniil Medvedev,0,0,0,1,0,-0.2150017468891935,0.42194092827004215,2.37,0.6369426751592356,1.57
12014085,2025-02-18,22:35:00,Rio de Janeiro,Rio de Janeiro - 1/16-finals,Tomas Barrios Vera,Jaime Faria,0,0,0,1,0,0.18633540372670798,0.6211180124223602,1.61,0.4347826086956522,2.3
12013993,2025-02-17,12:40:00,ATP Doha,Doha - 1/16-finals,Christopher O'Connell,Hady Habib,1,0,0,1,0,0.48351648351648346,0.7692307692307692,1.3,0.2857142857142857,3.5
12013883,2025-02-17,20:40:00,Rio de Janeiro,Rio de Janeiro - 1/16-finals,Alexander Shevchenko,Felipe Meligeni Alves,1,0,0,1,0,-0.10520487264673317,0.47619047619047616,2.1,0.5813953488372093,1.72
12014012,2025-02-17,21:40:00,Rio de Janeiro,Rio de Janeiro - 1/16-finals,Manuel Cerundolo Juan,Nicolas Jarry,0,0,0,1,0,-0.42279411764705876,0.3125,3.2,0.7352941176470588,1.36
12013771,2025-02-16,11:05:00,ATP Doha,Doha - Final,Christopher O'Connell,Pavel Kotov,1,0,0,1,0,0.40196078431372545,0.7352941176470588,1.36,0.3333333333333333,3.0
12013770,2025-02-16,11:10:00,ATP Doha,Doha - Final,Luca Nardi,Mikhail Kukushkin,1,0,0,1,0,0.19249823071479122,0.6369426751592356,1.57,0.4444444444444444,2.25
12013972,2025-02-16,21:10:00,Rio de Janeiro,Rio de Janeiro - Final,Jaime Faria,Manuel Cerundolo Juan,0,0,0,1,0,-0.16657255787690567,0.45454545454545453,2.2,0.6211180124223602,1.61
12013975,2025-02-16,21:10:00,Rio de Janeiro,Rio de Janeiro - Final,Camilo Ugo Carabelli,Tomas Barrios Vera,0,0,0,1,0,0.19249823071479122,0.6369426751592356,1.57,0.4444444444444444,2.25
12013976,2025-02-16,21:10:00,Rio de Janeiro,Rio de Janeiro - Final,Marco Trungelliti,Hsin Tseng Chun,0,0,0,1,0,0.0,0.5464480874316939,1.83,0.5464480874316939,1.83
12013679,2025-02-15,09:10:00,ATP Doha,Doha - Semi-finals,Jozef Kovalik,Pavel Kotov,0,0,0,1,0,-0.2666666666666666,0.4,2.5,0.6666666666666666,1.5
12013680,2025-02-15,09:10:00,ATP Doha,Doha - Semi-finals,Christopher O'Connell,Yosuke Watanuki,1,0,0,1,0,0.23165384297178793,0.6535947712418301,1.53,0.42194092827004215,2.37
12013684,2025-02-15,12:30:00,ATP Doha,Doha - Semi-finals,Luca Nardi,Yasutaka Uchiyama,1,0,0,1,0,0.31276505513146735,0.6944444444444444,1.44,0.38167938931297707,2.62
12013748,2025-02-15,20:05:00,Rio de Janeiro,Rio de Janeiro - Semi-finals,Andres Burruchaga Roman,Federico Coria,1,0,0,1,0,-0.0292397660818714,0.5263157894736842,1.9,0.5555555555555556,1.8
12013749,2025-02-15,20:05:00,Rio de Janeiro,Rio de Janeiro - Semi-finals,Manuel Cerundolo Juan,Agustin Tirante Thiago,1,0,0,1,0,0.2666666666666666,0.6666666666666666,1.5,0.4,2.5
12013747,2025-02-15,20:10:00,Rio de Janeiro,Rio de Janeiro - Semi-finals,Tomas Barrios Vera,Cristian Garin,1,0,0,1,0,-0.16657255787690567,0.45454545454545453,2.2,0.6211180124223602,1.61
12013752,2025-02-15,21:55:00,Rio de Janeiro,Rio de Janeiro - Semi-finals,Yannick Hanfmann,Marco Trungelliti,0,0,0,1,0,0.23165384297178793,0.6535947712418301,1.53,0.42194092827004215,2.37
12013754,2025-02-15,22:25:00,Rio de Janeiro,Rio de Janeiro - Semi-finals,Camilo Ugo Carabelli,Karue Sell,1,0,0,1,0,0.4955357142857143,0.78125,1.28,0.2857142857142857,3.5
12013753,2025-02-15,22:35:00,Rio de Janeiro,Rio de Janeiro - Semi-finals,Lucas Reis Da Silva Joao,Hsin Tseng Chun,0,0,0,1,0,-0.44418739155581255,0.3076923076923077,3.25,0.7518796992481203,1.33
12013751,2025-02-15,22:45:00,Rio de Janeiro,Rio de Janeiro - Semi-finals,Hugo Dellien,Pablo Ficovich Juan,1,0,0,1,0,0.44418739155581255,0.7518796992481203,1.33,0.3076923076923077,3.25
12013228,2025-02-13,00:50:00,Buenos Aires,Buenos Aires - 1/8-finals,Manuel Cerundolo Juan,Francisco Cerundolo,0,0,0,1,0,-0.6620689655172414,0.2,5.0,0.8620689655172414,1.16
12013021,2025-02-13,02:10:00,ATP Delray Beach,Delray Beach - 1/8-finals,Michael Mmoh,Alex Michelsen,0,0,0,1,0,-0.588725248930451,0.23094688221709006,4.33,0.819672131147541,1.22
12013142,2025-02-13,13:40:00,Marseille,Marseille - 1/8-finals,Nuno Borges,Zizou Bergs,0,0,0,1,0,-0.10520487264673317,0.47619047619047616,2.1,0.5813953488372093,1.72
12013334,2025-02-13,17:40:00,Buenos Aires,Buenos Aires - 1/8-finals,Joao Fonseca,Federico Coria,1,0,0,1,0,0.7261904761904762,0.8928571428571428,1.12,0.16666666666666666,6.0
12013260,2025-02-13,19:15:00,ATP Delray Beach,Delray Beach - 1/8-finals,Reilly Opelka,Brandon Nakashima,0,0,0,1,0,0.05555555555555558,0.5555555555555556,1.8,0.5,2.0
12013447,2025-02-13,20:10:00,Buenos Aires,Buenos Aires - 1/8-finals,Pedro Martinez,Diego Schwartzman,1,0,0,1,0,0.42279411764705876,0.7352941176470588,1.36,0.3125,3.2
12013020,2025-02-13,22:40:00,Buenos Aires,Buenos Aires - 1/8-finals,Mariano Navone,Holger Rune,1,0,0,1,0,-0.25359477124183005,0.4,2.5,0.6535947712418301,1.53
12012465,2025-02-12,03:00:00,ATP Delray Beach,Delray Beach - 1/16-finals,Christopher Eubanks,Reilly Opelka,0,0,0,1,0,-0.25359477124183005,0.4,2.5,0.6535947712418301,1.53
12012686,2025-02-12,17:40:00,Buenos Aires,Buenos Aires - 1/16-finals,Hugo Gaston,Federico Coria,0,0,0,1,0,-0.1478641840087624,0.45454545454545453,2.2,0.6024096385542169,1.66
12012852,2025-02-12,18:25:00,Marseille,Marseille - 1/8-finals,Karen Khachanov,Hamad Medjedovic,0,0,0,1,0,0.18633540372670798,0.6211180124223602,1.61,0.4347826086956522,2.3
12012462,2025-02-12,19:25:00,Buenos Aires,Buenos Aires - 1/16-finals,Diego Schwartzman,Nicolas Jarry,1,0,0,1,0,-0.55,0.25,4.0,0.8,1.25
12012610,2025-02-11,00:10:00,ATP Delray Beach,Delray Beach - 1/16-finals,Alexander Shevchenko,Michael Mmoh,0,0,0,1,0,0.0,0.5263157894736842,1.9,0.5263157894736842,1.9
12012474,2025-02-11,11:35:00,Marseille,Marseille - 1/16-finals,Luca Nardi,Daniel Altmaier,0,0,0,1,0,0.05555555555555558,0.5555555555555556,1.8,0.5,2.0
12012688,2025-02-11,16:30:00,Marseille,Marseille - 1/16-finals,Jan-Lennard Struff,Manuel Guinard,1,0,0,1,0,0.6111111111111112,0.8333333333333334,1.2,0.2222222222222222,4.5
12012469,2025-02-11,17:05:00,ATP Delray Beach,Delray Beach - 1/16-finals,Yoshihito Nishioka,Aleksandar Vukic,1,0,0,1,0,0.1478641840087624,0.6024096385542169,1.66,0.45454545454545453,2.2
12012454,2025-02-11,17:40:00,Buenos Aires,Buenos Aires - 1/16-finals,Sebastian Baez,Camilo Ugo Carabelli,1,0,0,1,0,0.42279411764705876,0.7352941176470588,1.36,0.3125,3.2
12012624,2025-02-11,17:40:00,Buenos Aires,Buenos Aires - 1/16-finals,Andres Burruchaga Roman,Manuel Cerundolo Juan,0,0,0,1,0,0.05555555555555558,0.5555555555555556,1.8,0.5,2.0
12012471,2025-02-11,18:10:00,Marseille,Marseille - 1/16-finals,Nuno Borges,Stan Wawrinka,1,0,0,1,0,0.2150017468891935,0.6369426751592356,1.57,0.42194092827004215,2.37
12012584,2025-02-10,14:45:00,Marseille,Marseille - Final,Manuel Guinard,Pierre-Hugues Herbert,0,0,0,1,0,-0.16657255787690567,0.45454545454545453,2.2,0.6211180124223602,1.61
12012467,2025-02-10,19:10:00,ATP Delray Beach,Delray Beach - 1/16-finals,Miomir Kecmanovic,Borna Gojo,1,0,0,1,0,0.42279411764705876,0.7352941176470588,1.36,0.3125,3.2
12012607,2025-02-10,20:20:00,Buenos Aires,Buenos Aires - 1/16-finals,Alexandre Muller,Laslo Djere,0,0,0,1,0,-0.2150017468891935,0.42194092827004215,2.37,0.6369426751592356,1.57
12012341,2025-02-09,00:25:00,ATP Dallas,Dallas - Semi-finals,Denis Shapovalov,Tommy Paul,1,0,0,1,0,-0.28498727735368956,0.38167938931297707,2.62,0.6666666666666666,1.5
12012399,2025-02-09,14:35:00,Marseille,Marseille - Semi-finals,Kamil Majchrzak,Manuel Guinard,0,0,0,1,0,0.5333333333333334,0.8,1.25,0.26666666666666666,3.75
12012536,2025-02-09,17:05:00,Buenos Aires,Buenos Aires - Final,Sumit Nagal,Manuel Cerundolo Juan,0,0,0,1,0,-0.23165384297178793,0.42194092827004215,2.37,0.6535947712418301,1.53
12012392,2025-02-09,17:10:00,Buenos Aires,Buenos Aires - Final,Federico Coria,Laslo Djere,0,0,0,1,0,-0.35064935064935066,0.36363636363636365,2.75,0.7142857142857143,1.4
12012537,2025-02-09,18:55:00,Buenos Aires,Buenos Aires - Final,Felipe Meligeni Alves,Andres Burruchaga Roman,0,0,0,1,0,-0.16657255787690567,0.45454545454545453,2.2,0.6211180124223602,1.61
12012558,2025-02-09,20:10:00,ATP Dallas,Dallas - Final,Denis Shapovalov,Casper Ruud,1,0,0,1,0,0.18633540372670798,0.6211180124223602,1.61,0.4347826086956522,2.3
12012557,2025-02-09,20:50:00,ATP Delray Beach,Delray Beach - Final,Dmitry Popko,Michael Mmoh,0,0,0,1,0,-0.40196078431372545,0.3333333333333333,3.0,0.7352941176470588,1.36
12012240,2025-02-08,02:10:00,ATP Dallas,Dallas - Quarter-finals,Tommy Paul,Reilly Opelka,1,0,0,1,0,0.25359477124183005,0.6535947712418301,1.53,0.4,2.5
12012241,2025-02-08,04:00:00,ATP Dallas,Dallas - Quarter-finals,Denis Shapovalov,Tomas Machac,1,0,0,1,0,-0.10520487264673317,0.47619047619047616,2.1,0.5813953488372093,1.72
12012343,2025-02-08,16:15:00,ATP Delray Beach,,Borna Gojo,Kent Trotter James,0,0,0,1,0,0.08139534883720934,0.5813953488372093,1.72,0.5,2.0
12012351,2025-02-08,17:10:00,Buenos Aires,Buenos Aires - Semi-finals,Marco Trungelliti,Laslo Djere,0,0,0,1,0,-0.44418739155581255,0.3076923076923077,3.25,0.7518796992481203,1.33
12012352,2025-02-08,18:15:00,Buenos Aires,Buenos Aires - Semi-finals,Thiago Monteiro,Felipe Meligeni Alves,0,0,0,1,0,0.35064935064935066,0.7142857142857143,1.4,0.36363636363636365,2.75
12012354,2025-02-08,18:45:00,Buenos Aires,Buenos Aires - Semi-finals,Sumit Nagal,Pablo Ficovich Juan,1,0,0,1,0,0.12621916236374076,0.6024096385542169,1.66,0.47619047619047616,2.1
12012346,2025-02-08,19:40:00,ATP Delray Beach,Delray Beach - Semi-finals,Tomas Barrios Vera,Ethan Quinn,0,0,0,1,0,-0.40196078431372545,0.3333333333333333,3.0,0.7352941176470588,1.36
12012353,2025-02-08,20:00:00,Buenos Aires,Buenos Aires - Semi-finals,Manuel Cerundolo Juan,Jaime Faria,1,0,0,1,0,0.0292397660818714,0.5555555555555556,1.8,0.5263157894736842,1.9
12012348,2025-02-08,21:05:00,ATP Delray Beach,Delray Beach - Semi-finals,Michael Mmoh,Radu Albot,1,0,0,1,0,0.40196078431372545,0.7352941176470588,1.36,0.3333333333333333,3.0
12012330,2025-02-08,21:10:00,ATP Dallas,Dallas - Semi-finals,Jaume Munar,Casper Ruud,0,0,0,1,0,-0.4577620521892967,0.29411764705882354,3.4,0.7518796992481203,1.33
12012048,2025-02-07,00:20:00,ATP Dallas,Dallas - 1/8-finals,Reilly Opelka,Cameron Norrie,1,0,0,1,0,0.10520487264673317,0.5813953488372093,1.72,0.47619047619047616,2.1
12012084,2025-02-07,04:45:00,ATP Dallas,Dallas - 1/8-finals,Taylor Fritz,Denis Shapovalov,0,0,0,1,0,0.48351648351648346,0.7692307692307692,1.3,0.2857142857142857,3.5
12012232,2025-02-07,21:45:00,ATP Dallas,Dallas - Quarter-finals,Yoshihito Nishioka,Casper Ruud,0,0,0,1,0,-0.42279411764705876,0.3125,3.2,0.7352941176470588,1.36
12011295,2025-02-06,03:35:00,ATP Dallas,Dallas - 1/16-finals,Miomir Kecmanovic,Denis Shapovalov,0,0,0,1,0,-0.1478641840087624,0.45454545454545453,2.2,0.6024096385542169,1.66
12011969,2025-02-06,15:15:00,ATP Rotterdam,Rotterdam - 1/8-finals,Stefanos Tsitsipas,Tallon Griekspoor,1,0,0,1,0,0.10520487264673317,0.5813953488372093,1.72,0.47619047619047616,2.1
12011967,2025-02-06,19:40:00,ATP Rotterdam,Rotterdam - 1/8-finals,Carlos Alcaraz,Andrea Vavassori,1,0,0,1,0,0.8234683281412254,0.9345794392523364,1.07,0.1111111111111111,9.0
12011896,2025-02-06,21:05:00,ATP Rotterdam,Rotterdam - 1/8-finals,Pedro Martinez,Holger Rune,1,0,0,1,0,-0.6111111111111112,0.2222222222222222,4.5,0.8333333333333334,1.2
12012047,2025-02-06,23:30:00,ATP Dallas,Dallas - 1/8-finals,Michael Mmoh,Casper Ruud,0,0,0,1,0,-0.6620689655172414,0.2,5.0,0.8620689655172414,1.16
12011303,2025-02-05,02:10:00,ATP Dallas,Dallas - 1/16-finals,Aleksandar Vukic,Ben Shelton,0,0,0,1,0,-0.6111111111111112,0.2222222222222222,4.5,0.8333333333333334,1.2
12011293,2025-02-05,03:35:00,ATP Dallas,ATP Dallas - 1/16-finals,Marcos Giron,Casper Ruud,0,0,0,1,0,-0.2150017468891935,0.42194092827004215,2.37,0.6369426751592356,1.57
12011425,2025-02-05,13:40:00,ATP Rotterdam,Rotterdam - 1/16-finals,Andrea Vavassori,Felix Auger-Aliassime,1,0,0,1,0,-0.8009259259259258,0.125,8.0,0.9259259259259258,1.08
12011101,2025-02-05,15:55:00,ATP Rotterdam,Rotterdam - 1/16-finals,Matteo Berrettini,Tallon Griekspoor,0,0,0,1,0,0.2150017468891935,0.6369426751592356,1.57,0.42194092827004215,2.37
12011434,2025-02-05,20:55:00,ATP Dallas,Dallas - 1/16-finals,Roberto Carballes Baena,Michael Mmoh,0,0,0,1,0,0.18633540372670798,0.6211180124223602,1.61,0.4347826086956522,2.3
12011300,2025-02-05,22:30:00,ATP Dallas,Dallas - 1/16-finals,Reilly Opelka,Alexander Shevchenko,1,0,0,1,0,0.42279411764705876,0.7352941176470588,1.36,0.3125,3.2
12011109,2025-02-04,22:40:00,ATP Rotterdam,Rotterdam - 1/16-finals,Lorenzo Sonego,Holger Rune,0,0,0,1,0,-0.380952380952381,0.3333333333333333,3.0,0.7142857142857143,1.4
12011103,2025-02-03,13:10:00,ATP Rotterdam,Rotterdam - 1/16-finals,Flavio Cobolli,Hubert Hurkacz,0,0,0,1,0,-0.5145833333333334,0.26666666666666666,3.75,0.78125,1.28
12011294,2025-02-03,22:40:00,ATP Dallas,Dallas - 1/16-finals,Rinky Hijikata,Adrian Mannarino,1,0,0,1,0,0.1478641840087624,0.6024096385542169,1.66,0.45454545454545453,2.2
12010956,2025-02-02,10:45:00,ATP Davis Cup - World Group I,,Ramkumar Ramanathan,Liova Ajavon,0,0,0,1,0,0.9277605779153766,0.9803921568627451,1.02,0.05263157894736842,19.0
12011170,2025-02-02,13:00:00,ATP Rotterdam,Rotterdam - Final,Andrea Vavassori,Geoffrey Blancaneaux,1,0,0,1,0,0.2666666666666666,0.6666666666666666,1.5,0.4,2.5
12010962,2025-02-02,13:50:00,ATP Davis Cup - World Group I,,Valentin Vacherot,Nuno Borges,1,0,0,1,0,-0.40196078431372545,0.3333333333333333,3.0,0.7352941176470588,1.36
12010971,2025-02-02,16:30:00,ATP Davis Cup - World Group,,Dominic Stricker,Roberto Carballes Baena,0,0,0,1,0,-0.16657255787690567,0.45454545454545453,2.2,0.6211180124223602,1.61
12011265,2025-02-02,19:10:00,ATP Dallas,Dallas - Final,Michael Mmoh,Georgi Georgiev,1,0,0,1,0,0.8234683281412254,0.9345794392523364,1.07,0.1111111111111111,9.0
12010972,2025-02-02,20:45:00,ATP Davis Cup - World Group,,Alexander Blockx,Tomas Barrios Vera,0,0,0,1,0,0.31276505513146735,0.6944444444444444,1.44,0.38167938931297707,2.62
12010975,2025-02-02,20:55:00,ATP Davis Cup - World Group,,Alexis Galarneau,Marton Fucsovics,0,0,0,1,0,-0.19249823071479122,0.4444444444444444,2.25,0.6369426751592356,1.57
12010877,2025-02-01,09:30:00,ATP Davis Cup - World Group I,,Ramkumar Ramanathan,Thomas Setodji,1,0,0,1,0,0.6023864511162433,0.8333333333333334,1.2,0.23094688221709006,4.33
12010879,2025-02-01,10:25:00,ATP Davis Cup - World Group I,,Alexander Shevchenko,Muzammil Murtaza,1,0,0,1,0,0.9121365453990331,0.9888751545117429,1.01125,0.07673860911270983,13.03125
12010890,2025-02-01,13:20:00,ATP Davis Cup - World Group,,Dominic Stricker,Pedro Martinez,0,0,0,1,0,0.12621916236374076,0.6024096385542169,1.66,0.47619047619047616,2.1
12010691,2025-02-01,14:00:00,ATP Davis Cup - World Group,,Holger Rune,Miomir Kecmanovic,1,0,0,1,0,0.2666666666666666,0.6666666666666666,1.5,0.4,2.5
12010891,2025-02-01,14:15:00,ATP Davis Cup - World Group,,Zizou Bergs,Tomas Barrios Vera,1,0,0,1,0,0.7110389610389609,0.8928571428571428,1.12,0.18181818181818182,5.5
12010898,2025-02-01,15:10:00,Montpellier,Montpellier - Semi-finals,Jesper De Jong,Felix Auger-Aliassime,0,0,0,1,0,-0.6620689655172414,0.2,5.0,0.8620689655172414,1.16
12010692,2025-02-01,15:15:00,ATP Davis Cup - World Group,,Duje Ajdukovic,Jozef Kovalik,0,0,0,1,0,0.569672131147541,0.819672131147541,1.22,0.25,4.0
12011004,2025-02-01,15:30:00,ATP Rotterdam,ATP Rotterdam - Semi-finals,Quentin Halys,Andrea Vavassori,0,0,0,1,0,0.4955357142857143,0.78125,1.28,0.2857142857142857,3.5
12010787,2025-02-01,15:35:00,ATP Davis Cup - World Group,,Jurij Rodionov,Otto Virtanen,0,0,0,1,0,0.16657255787690567,0.6211180124223602,1.61,0.45454545454545453,2.2
12010883,2025-02-01,15:35:00,ATP Davis Cup - World Group I,,B. Balleret,Nuno Borges,0,0,0,1,0,-0.8651311974499803,0.1029230135858378,9.716,0.9680542110358181,1.033
12011059,2025-02-01,16:35:00,ATP Rotterdam,Rotterdam - Semi-finals,Geoffrey Blancaneaux,Daniel Evans,1,0,0,1,0,-0.4751131221719456,0.29411764705882354,3.4,0.7692307692307692,1.3
12010792,2025-02-01,17:30:00,ATP Davis Cup - World Group,,Mikael Ymer,Aleksandar Vukic,0,0,0,1,0,-0.23165384297178793,0.42194092827004215,2.37,0.6535947712418301,1.53
12010896,2025-02-01,19:15:00,ATP Davis Cup - World Group,,Alexis Galarneau,Fabian Marozsan,0,0,0,1,0,-0.19249823071479122,0.4444444444444444,2.25,0.6369426751592356,1.57
12011018,2025-02-01,19:35:00,ATP Dallas,Dallas - Semi-finals,Tristan Boyer,Michael Mmoh,0,0,0,1,0,0.35064935064935066,0.7142857142857143,1.4,0.36363636363636365,2.75
12011014,2025-02-01,20:00:00,ATP Dallas,Dallas - Semi-finals,G. Georgiev,Radu Albot,1,0,0,1,0,-0.9215686274509803,0.058823529411764705,17.0,0.9803921568627451,1.02
12010635,2025-01-31,16:10:00,ATP Davis Cup - World Group,,Duje Ajdukovic,Lukas Klein,1,0,0,1,0,-0.23165384297178793,0.42194092827004215,2.37,0.6535947712418301,1.53
12010726,2025-01-31,16:10:00,Montpellier,Montpellier - Quarter-finals,Tallon Griekspoor,Jesper De Jong,0,0,0,1,0,0.380952380952381,0.7142857142857143,1.4,0.3333333333333333,3.0
12010722,2025-01-31,18:00:00,ATP Davis Cup - World Group,,Jurij Rodionov,Oskari Paldanius,0,0,0,1,0,0.8183962264150942,0.9433962264150942,1.06,0.125,8.0
12010640,2025-01-31,18:20:00,ATP Davis Cup - World Group,,Casper Ruud,Martin Etcheverry Tomas,1,0,0,1,0,0.4955357142857143,0.78125,1.28,0.2857142857142857,3.5
12010801,2025-01-31,18:40:00,Montpellier,Montpellier - Quarter-finals,Andrey Rublev,Nikoloz Basilashvili,1,0,0,1,0,0.6111111111111112,0.8333333333333334,1.2,0.2222222222222222,4.5
12010639,2025-01-31,18:45:00,ATP Davis Cup - World Group,,Holger Rune,Hamad Medjedovic,0,0,0,1,0,0.44418739155581255,0.7518796992481203,1.33,0.3076923076923077,3.25
12010725,2025-01-31,19:20:00,ATP Davis Cup - World Group,,Leo Borg,Aleksandar Vukic,0,0,0,1,0,-0.8183962264150942,0.125,8.0,0.9433962264150942,1.06
12010478,2025-01-30,14:35:00,Montpellier,Montpellier - 1/8-finals,Jesper De Jong,Flavio Cobolli,1,0,0,1,0,-0.28498727735368956,0.38167938931297707,2.62,0.6666666666666666,1.5
12010337,2025-01-30,19:00:00,Montpellier,Montpellier - 1/8-finals,Tallon Griekspoor,Richard Gasquet,1,0,0,1,0,0.42279411764705876,0.7352941176470588,1.36,0.3125,3.2
12010480,2025-01-30,21:30:00,Montpellier,Montpellier - 1/8-finals,Nikoloz Basilashvili,Arthur Rinderknech,1,0,0,1,0,-0.18633540372670798,0.4347826086956522,2.3,0.6211180124223602,1.61
12010613,2025-01-30,22:40:00,ATP Davis Cup - World Group,,Casper Ruud,Mariano Navone,1,0,0,1,0,0.7552447552447552,0.9090909090909091,1.1,0.15384615384615385,6.5
12010018,2025-01-29,12:40:00,Montpellier,Montpellier - 1/16-finals,Nikoloz Basilashvili,Mikhail Kukushkin,1,0,0,1,0,0.2150017468891935,0.6369426751592356,1.57,0.42194092827004215,2.37
12009662,2025-01-29,14:40:00,Montpellier,Montpellier - 1/16-finals,Jesper De Jong,Quentin Halys,1,0,0,1,0,-0.28498727735368956,0.38167938931297707,2.62,0.6666666666666666,1.5
12009663,2025-01-28,14:40:00,Montpellier,Montpellier - 1/16-finals,Tallon Griekspoor,Botic Van De Zandschulp,1,0,0,1,0,0.2150017468891935,0.6369426751592356,1.57,0.42194092827004215,2.37
12009664,2025-01-28,18:40:00,Montpellier,Montpellier - 1/16-finals,Adrian Mannarino,Richard Gasquet,0,0,0,1,0,0.10520487264673317,0.5813953488372093,1.72,0.47619047619047616,2.1
12009855,2025-01-27,15:05:00,Montpellier,Montpellier - Final,Nikoloz Basilashvili,Titouan Droguet,1,0,0,1,0,0.0,0.5464480874316939,1.83,0.5464480874316939,1.83
12009691,2025-01-26,15:00:00,Montpellier,Montpellier - Semi-finals,Benoit Paire,Constant Lestienne,0,0,0,1,0,-0.44418739155581255,0.3076923076923077,3.25,0.7518796992481203,1.33
12009693,2025-01-26,16:40:00,Montpellier,Montpellier - Semi-finals,Matteo Gigante,Nikoloz Basilashvili,0,0,0,1,0,0.0292397660818714,0.5555555555555556,1.8,0.5263157894736842,1.9
12008434,2025-01-20,04:10:00,ATP Australian Open,Australian Open - 1/8-finals,Jannik Sinner,Holger Rune,1,0,0,1,0,0.8009259259259258,0.9259259259259258,1.08,0.125,8.0
12008035,2025-01-18,01:15:00,ATP Australian Open,Australian Open - 1/16-finals,Alex Michelsen,Karen Khachanov,1,0,0,1,0,-0.25359477124183005,0.4,2.5,0.6535947712418301,1.53
12008042,2025-01-18,11:20:00,ATP Australian Open,Australian Open - 1/16-finals,Miomir Kecmanovic,Holger Rune,0,0,0,1,0,-0.3308080808080808,0.36363636363636365,2.75,0.6944444444444444,1.44
12007826,2025-01-17,04:15:00,ATP Australian Open,Australian Open - 1/16-finals,Nuno Borges,Carlos Alcaraz,0,0,0,1,0,-0.9215686274509803,0.058823529411764705,17.0,0.9803921568627451,1.02
12007849,2025-01-17,10:55:00,ATP Australian Open,Australian Open - 1/16-finals,Jack Draper,Aleksandar Vukic,1,0,0,1,0,0.588725248930451,0.819672131147541,1.22,0.23094688221709006,4.33
12007574,2025-01-16,02:25:00,ATP Australian Open,Australian Open - 1/32-finals,Gabriel Diallo,Karen Khachanov,0,0,0,1,0,-0.4577620521892967,0.29411764705882354,3.4,0.7518796992481203,1.33
12007657,2025-01-16,02:55:00,ATP Australian Open,Australian Open - 1/32-finals,Denis Shapovalov,Lorenzo Musetti,0,0,0,1,0,0.10520487264673317,0.5813953488372093,1.72,0.47619047619047616,2.1
12007571,2025-01-16,07:15:00,ATP Australian Open,Australian Open - 1/32-finals,Matteo Berrettini,Holger Rune,0,0,0,1,0,0.1478641840087624,0.6024096385542169,1.66,0.45454545454545453,2.2
12007270,2025-01-15,01:40:00,ATP Australian Open,Australian Open - 1/32-finals,Reilly Opelka,Tomas Machac,0,0,0,1,0,-0.4577620521892967,0.29411764705882354,3.4,0.7518796992481203,1.33
12007302,2025-01-15,04:00:00,ATP Australian Open,Australian Open - 1/32-finals,Jordan Thompson,Nuno Borges,0,0,0,1,0,0.0,0.5263157894736842,1.9,0.5263157894736842,1.9
12007318,2025-01-15,05:30:00,ATP Australian Open,Australian Open - 1/32-finals,Aleksandar Vukic,Sebastian Korda,1,0,0,1,0,-0.588725248930451,0.23094688221709006,4.33,0.819672131147541,1.22
12007289,2025-01-15,09:10:00,ATP Australian Open,Australian Open - 1/32-finals,Casper Ruud,Jakub Mensik,0,0,0,1,0,0.10520487264673317,0.5813953488372093,1.72,0.47619047619047616,2.1
12007316,2025-01-15,09:20:00,ATP Australian Open,Australian Open - 1/32-finals,Jack Draper,Thanasi Kokkinakis,1,0,0,1,0,0.3308080808080808,0.6944444444444444,1.44,0.36363636363636365,2.75
12006808,2025-01-14,01:10:00,ATP Australian Open,Australian Open - 1/64-finals,Gabriel Diallo,Luca Nardi,1,0,0,1,0,0.3308080808080808,0.6944444444444444,1.44,0.36363636363636365,2.75
12006825,2025-01-14,01:10:00,ATP Australian Open,Australian Open - 1/64-finals,Adrian Mannarino,Karen Khachanov,0,0,0,1,0,-0.7662337662337662,0.14285714285714285,7.0,0.9090909090909091,1.1
12006849,2025-01-14,01:40:00,ATP Australian Open,Australian Open - 1/64-finals,Zhizhen Zhang,Holger Rune,0,0,0,1,0,-0.48351648351648346,0.2857142857142857,3.5,0.7692307692307692,1.3
12006943,2025-01-14,02:50:00,ATP Australian Open,Australian Open - 1/64-finals,Camilo Ugo Carabelli,Learner Tien,0,0,0,1,0,-0.6953748006379585,0.18181818181818182,5.5,0.8771929824561404,1.14
12006821,2025-01-14,04:10:00,ATP Australian Open,Australian Open - 1/64-finals,Hubert Hurkacz,Tallon Griekspoor,1,0,0,1,0,0.42279411764705876,0.7352941176470588,1.36,0.3125,3.2
12006929,2025-01-14,07:20:00,ATP Australian Open,Australian Open - 1/64-finals,Tristan Boyer,Federico Coria,1,0,0,1,0,0.6953748006379585,0.8771929824561404,1.14,0.18181818181818182,5.5
12006814,2025-01-14,08:05:00,ATP Australian Open,Australian Open - 1/64-finals,Martin Etcheverry Tomas,Flavio Cobolli,1,0,0,1,0,0.2150017468891935,0.6369426751592356,1.57,0.42194092827004215,2.37
12006928,2025-01-13,01:10:00,ATP Australian Open,Australian Open - 1/64-finals,Nikoloz Basilashvili,Jakub Mensik,0,0,0,1,0,-0.6620689655172414,0.2,5.0,0.8620689655172414,1.16
12006828,2025-01-13,03:05:00,ATP Australian Open,Australian Open - 1/64-finals,Alexandre Muller,Nuno Borges,0,0,0,1,0,-0.1478641840087624,0.45454545454545453,2.2,0.6024096385542169,1.66
12006812,2025-01-13,03:45:00,ATP Australian Open,Australian Open - 1/64-finals,James Duckworth,Dominic Stricker,1,0,0,1,0,0.10520487264673317,0.5813953488372093,1.72,0.47619047619047616,2.1
12006841,2025-01-13,04:10:00,ATP Australian Open,Australian Open - 1/64-finals,Jannik Sinner,Nicolas Jarry,1,0,0,1,0,0.9516374714394517,0.9900990099009901,1.01,0.038461538461538464,26.0
12006942,2025-01-13,04:30:00,ATP Australian Open,Australian Open - 1/64-finals,Jordan Thompson,Dominik Koepfer,1,0,0,1,0,0.42279411764705876,0.7352941176470588,1.36,0.3125,3.2
12006813,2025-01-13,04:45:00,ATP Australian Open,Australian Open - 1/64-finals,Damir Dzumhur,Aleksandar Vukic,0,0,0,1,0,-0.5145833333333334,0.26666666666666666,3.75,0.78125,1.28
12006823,2025-01-13,06:05:00,ATP Australian Open,Australian Open - 1/64-finals,Thanasi Kokkinakis,Roman Safiullin,1,0,0,1,0,0.2150017468891935,0.6369426751592356,1.57,0.42194092827004215,2.37
12006932,2025-01-13,08:00:00,ATP Australian Open,Australian Open - 1/64-finals,Jaime Faria,Pavel Kotov,1,0,0,1,0,-0.2150017468891935,0.42194092827004215,2.37,0.6369426751592356,1.57
12006840,2025-01-13,09:10:00,ATP Australian Open,Australian Open - 1/64-finals,Alexander Shevchenko,Carlos Alcaraz,0,0,0,1,0,-0.9556162512803005,0.034482758620689655,29.0,0.9900990099009901,1.01
12006830,2025-01-13,10:25:00,ATP Australian Open,Australian Open - 1/64-finals,Christopher O'Connell,Tommy Paul,0,0,0,1,0,-0.6620689655172414,0.2,5.0,0.8620689655172414,1.16
12006834,2025-01-12,04:05:00,ATP Australian Open,Australian Open - 1/64-finals,Casper Ruud,Jaume Munar,1,0,0,1,0,0.6620689655172414,0.8620689655172414,1.16,0.2,5.0
12006940,2025-01-12,10:20:00,ATP Australian Open,Australian Open - 1/64-finals,Gauthier Onclin,Reilly Opelka,0,0,0,1,0,-0.5145833333333334,0.26666666666666666,3.75,0.78125,1.28
12006898,2025-01-10,03:15:00,Auckland,Auckland - Semi-finals,Nuno Borges,Zizou Bergs,0,0,0,1,0,0.0,0.5263157894736842,1.9,0.5263157894736842,1.9
12006603,2025-01-09,04:20:00,ATP Australian Open,Australian Open - Final,Francesco Passaro,Nikoloz Basilashvili,0,0,0,1,0,0.08139534883720934,0.5813953488372093,1.72,0.5,2.0
12006612,2025-01-09,06:35:00,ATP Australian Open,Australian Open - Final,Aziz Dougaz,Borna Gojo,1,0,0,1,0,-0.6620689655172414,0.2,5.0,0.8620689655172414,1.16
12006649,2025-01-09,06:40:00,Auckland,Auckland - Quarter-finals,Jakub Mensik,Nuno Borges,0,0,0,1,0,0.3308080808080808,0.6944444444444444,1.44,0.36363636363636365,2.75
12006659,2025-01-09,09:00:00,ATP Adelaide,Adelaide - Quarter-finals,Thanasi Kokkinakis,Sebastian Korda,0,0,0,1,0,-0.1478641840087624,0.45454545454545453,2.2,0.6024096385542169,1.66
12006059,2025-01-08,00:15:00,ATP Australian Open,Australian Open - Semi-finals,Mitchell Krueger,Duje Ajdukovic,1,0,0,1,0,-0.16657255787690567,0.45454545454545453,2.2,0.6211180124223602,1.61
12006345,2025-01-08,01:40:00,ATP Adelaide,Adelaide - 1/8-finals,Marcos Giron,Denis Shapovalov,1,0,0,1,0,-0.3308080808080808,0.36363636363636365,2.75,0.6944444444444444,1.44
12006357,2025-01-08,02:45:00,ATP Adelaide,Adelaide - 1/8-finals,Miomir Kecmanovic,Christopher O'Connell,1,0,0,1,0,0.0,0.5263157894736842,1.9,0.5263157894736842,1.9
12006350,2025-01-08,03:10:00,ATP Australian Open,Australian Open - Semi-finals,Tomas Barrios Vera,Tristan Boyer,0,0,0,1,0,-0.31276505513146735,0.38167938931297707,2.62,0.6944444444444444,1.44
12006346,2025-01-08,03:40:00,ATP Australian Open,Australian Open - Semi-finals,Nikoloz Basilashvili,Alibek Kachmazov,1,0,0,1,0,-0.23165384297178793,0.42194092827004215,2.37,0.6535947712418301,1.53
12006348,2025-01-08,05:30:00,ATP Adelaide,Adelaide - 1/8-finals,Tommy Paul,Manuel Guinard,1,0,0,1,0,0.8234683281412254,0.9345794392523364,1.07,0.1111111111111111,9.0
12006438,2025-01-08,07:30:00,ATP Australian Open,Australian Open - Semi-finals,Borna Gojo,Vit Kopriva,1,0,0,1,0,0.4751131221719456,0.7692307692307692,1.3,0.29411764705882354,3.4
12006342,2025-01-08,08:30:00,Auckland,Auckland - 1/8-finals,Mariano Navone,Nuno Borges,0,0,0,1,0,-0.380952380952381,0.3333333333333333,3.0,0.7142857142857143,1.4
12006439,2025-01-08,09:10:00,ATP Adelaide,Adelaide - 1/8-finals,Martin Etcheverry Tomas,Thanasi Kokkinakis,0,0,0,1,0,-0.2150017468891935,0.42194092827004215,2.37,0.6369426751592356,1.57
12005901,2025-01-07,00:10:00,ATP Australian Open,ATP Australian Open - Quarter-finals,Felipe Meligeni Alves,Clement Chidekh,0,0,0,1,0,-0.12621916236374076,0.47619047619047616,2.1,0.6024096385542169,1.66
12005641,2025-01-07,01:30:00,ATP Adelaide,ATP Adelaide - 1/16-finals,Zhizhen Zhang,Thanasi Kokkinakis,0,0,0,1,0,-0.1478641840087624,0.45454545454545453,2.2,0.6024096385542169,1.66
12005640,2025-01-07,01:40:00,ATP Adelaide,Adelaide - 1/16-finals,Aleksandar Vukic,Marcos Giron,0,0,0,1,0,0.05555555555555558,0.5555555555555556,1.8,0.5,2.0
12006031,2025-01-07,01:40:00,ATP Adelaide,Adelaide - 1/16-finals,Manuel Guinard,Roman Safiullin,1,0,0,1,0,-0.6620689655172414,0.2,5.0,0.8620689655172414,1.16
12005887,2025-01-07,02:00:00,ATP Australian Open,Australian Open - Quarter-finals,Cruz Hewitt,Nikoloz Basilashvili,0,0,0,1,0,-0.6953748006379585,0.18181818181818182,5.5,0.8771929824561404,1.14
12005863,2025-01-07,02:05:00,ATP Australian Open,Australian Open - Quarter-finals,Tomas Barrios Vera,Emilio Nava,1,0,0,1,0,-0.23165384297178793,0.42194092827004215,2.37,0.6535947712418301,1.53
12005859,2025-01-07,02:30:00,ATP Australian Open,Australian Open - Quarter-finals,Radu Albot,Sho Shimabukuro,0,0,0,1,0,0.0,0.5464480874316939,1.83,0.5464480874316939,1.83
12005902,2025-01-07,05:00:00,ATP Australian Open,Australian Open - Quarter-finals,Thiago Monteiro,Jason Kubler,1,0,0,1,0,-0.08139534883720934,0.5,2.0,0.5813953488372093,1.72
12005897,2025-01-07,06:00:00,ATP Australian Open,Australian Open - Quarter-finals,Kamil Majchrzak,Marco Trungelliti,1,0,0,1,0,0.6023864511162433,0.8333333333333334,1.2,0.23094688221709006,4.33
12005647,2025-01-07,06:30:00,Auckland,ATP Auckland - 1/16-finals,Alexandre Muller,Jakub Mensik,0,0,0,1,0,-0.588725248930451,0.23094688221709006,4.33,0.819672131147541,1.22
12005880,2025-01-07,06:45:00,ATP Australian Open,Australian Open - Quarter-finals,Alexis Galarneau,Lukas Klein,0,0,0,1,0,-0.23165384297178793,0.42194092827004215,2.37,0.6535947712418301,1.53
12005911,2025-01-07,08:40:00,ATP Australian Open,Australian Open - Quarter-finals,Zachary Svajda,Enzo Couacaud,1,0,0,1,0,0.0,0.5464480874316939,1.83,0.5464480874316939,1.83
12005872,2025-01-07,08:55:00,ATP Australian Open,Australian Open - Quarter-finals,Jesper De Jong,Aziz Dougaz,0,0,0,1,0,0.44418739155581255,0.7518796992481203,1.33,0.3076923076923077,3.25
12005919,2025-01-07,10:20:00,ATP Australian Open,Australian Open - Quarter-finals,Yosuke Watanuki,Manuel Cerundolo Juan,1,0,0,1,0,0.6252354048964219,0.8474576271186441,1.18,0.2222222222222222,4.5
12005883,2025-01-07,10:50:00,ATP Australian Open,Australian Open - Quarter-finals,Borna Gojo,Timofey Skatov,1,0,0,1,0,0.44418739155581255,0.7518796992481203,1.33,0.3076923076923077,3.25
12006333,2025-01-07,23:40:00,Auckland,Auckland - 1/8-finals,Zizou Bergs,Luca Nardi,1,0,0,1,0,0.18633540372670798,0.6211180124223602,1.61,0.4347826086956522,2.3
12005793,2025-01-06,01:40:00,ATP Adelaide,Adelaide - Final,Manuel Guinard,Yannick Hanfmann,0,0,0,1,0,-0.40196078431372545,0.3333333333333333,3.0,0.7352941176470588,1.36
12005949,2025-01-06,05:15:00,ATP Adelaide,Adelaide - 1/16-finals,Denis Shapovalov,Zhizhen Zhang,1,0,0,1,0,0.18633540372670798,0.6211180124223602,1.61,0.4347826086956522,2.3
12005858,2025-01-06,07:15:00,ATP Australian Open,ATP Australian Open - Quarter-finals,Duje Ajdukovic,Richard Gasquet,1,0,0,1,0,0.0,0.5464480874316939,1.83,0.5464480874316939,1.83
12005904,2025-01-06,09:00:00,ATP Australian Open,ATP Australian Open - Quarter-finals,Francesco Passaro,Giulio Zeppieri,1,0,0,1,0,0.31276505513146735,0.6944444444444444,1.44,0.38167938931297707,2.62
12005862,2025-01-06,10:15:00,ATP Australian Open,ATP Australian Open - Quarter-finals,Javier Barranco Cosano,Facundo Mena,1,0,0,1,0,0.12621916236374076,0.6024096385542169,1.66,0.47619047619047616,2.1
12005638,2025-01-06,10:45:00,ATP Adelaide,Adelaide - 1/16-finals,Arthur Rinderknech,Christopher O'Connell,0,0,0,1,0,-0.18633540372670798,0.4347826086956522,2.3,0.6211180124223602,1.61
12005950,2025-01-06,12:20:00,ATP Adelaide,Adelaide - 1/16-finals,Yoshihito Nishioka,Thanasi Kokkinakis,0,0,0,1,0,-0.1478641840087624,0.45454545454545453,2.2,0.6024096385542169,1.66
12005648,2025-01-06,23:30:00,Auckland,ATP Auckland - 1/16-finals,Mariano Navone,Reilly Opelka,0,0,0,1,0,-0.4577620521892967,0.29411764705882354,3.4,0.7518796992481203,1.33
12006033,2025-01-06,23:40:00,Auckland,Auckland - 1/16-finals,Luca Nardi,Flavio Cobolli,1,0,0,1,0,-0.3308080808080808,0.36363636363636365,2.75,0.6944444444444444,1.44
12006058,2025-01-06,23:40:00,Auckland,Auckland - 1/16-finals,Mariano Navone,Adrian Mannarino,1,0,0,1,0,-0.28498727735368956,0.38167938931297707,2.62,0.6666666666666666,1.5
12005629,2025-01-05,02:10:00,Auckland,Auckland - Final,Adrian Mannarino,Sumit Nagal,0,0,0,1,0,0.4955357142857143,0.78125,1.28,0.2857142857142857,3.5
12005684,2025-01-05,05:30:00,ATP Adelaide,Adelaide - Semi-finals,Pavel Kotov,James Duckworth,0,0,0,1,0,0.0292397660818714,0.5555555555555556,1.8,0.5263157894736842,1.9
12005689,2025-01-05,09:40:00,Hong Kong,Hong Kong - Final,Kei Nishikori,Alexandre Muller,0,0,0,1,0,0.48351648351648346,0.7692307692307692,1.3,0.2857142857142857,3.5
12005692,2025-01-05,10:10:00,ATP Brisbane,Brisbane - Final,Reilly Opelka,Jiri Lehecka,0,0,0,1,0,-0.1478641840087624,0.45454545454545453,2.2,0.6024096385542169,1.66
12005643,2025-01-05,23:40:00,Auckland,Auckland - 1/16-finals,Luciano Darderi,Nuno Borges,0,0,0,1,0,-0.42279411764705876,0.3125,3.2,0.7352941176470588,1.36
12005596,2025-01-04,00:40:00,United Cup,,Alexander Shevchenko,Hubert Hurkacz,0,0,0,1,0,-0.569672131147541,0.25,4.0,0.819672131147541,1.22
12005576,2025-01-04,01:50:00,Auckland,Auckland - Semi-finals,Daniel Masur,Luca Nardi,0,0,0,1,0,-0.5333333333333334,0.26666666666666666,3.75,0.8,1.25
12005575,2025-01-04,04:50:00,Auckland,Auckland - Semi-finals,Adrian Mannarino,Dominic Stricker,1,0,0,1,0,-0.31276505513146735,0.38167938931297707,2.62,0.6944444444444444,1.44
12005598,2025-01-04,07:10:00,Hong Kong,Hong Kong - Semi-finals,Alexandre Muller,Jaume Munar,1,0,0,1,0,-0.05555555555555558,0.5,2.0,0.5555555555555556,1.8
12005597,2025-01-04,11:40:00,ATP Brisbane,Brisbane - Semi-finals,Reilly Opelka,Giovanni Mpetshi Perricard,1,0,0,1,0,-0.1478641840087624,0.45454545454545453,2.2,0.6024096385542169,1.66
12005624,2025-01-04,23:05:00,Auckland,Auckland - Final,Facundo Diaz Acosta,Luca Nardi,0,0,0,1,0,-0.23165384297178793,0.42194092827004215,2.37,0.6535947712418301,1.53
12005415,2025-01-03,03:40:00,ATP Brisbane,Brisbane - Quarter-finals,Nicolas Jarry,Jiri Lehecka,0,0,0,1,0,-0.42279411764705876,0.3125,3.2,0.7352941176470588,1.36
12005471,2025-01-03,06:10:00,Hong Kong,Hong Kong - Quarter-finals,Alexandre Muller,Arthur Fils,1,0,0,1,0,-0.55,0.25,4.0,0.8,1.25
12005470,2025-01-03,07:00:00,ATP Brisbane,Brisbane - Quarter-finals,Jordan Thompson,Grigor Dimitrov,0,0,0,1,0,-0.4577620521892967,0.29411764705882354,3.4,0.7518796992481203,1.33
12005472,2025-01-03,09:40:00,United Cup,,Flavio Cobolli,Tomas Machac,0,0,0,1,0,-0.23165384297178793,0.42194092827004215,2.37,0.6535947712418301,1.53
12005522,2025-01-03,11:45:00,ATP Brisbane,Brisbane - Quarter-finals,Novak Djokovic,Reilly Opelka,0,0,0,1,0,0.8614718614718614,0.9523809523809523,1.05,0.09090909090909091,11.0
12005273,2025-01-02,03:35:00,ATP Brisbane,Brisbane - 1/8-finals,Reilly Opelka,Matteo Arnaldi,1,0,0,1,0,-0.25359477124183005,0.4,2.5,0.6535947712418301,1.53
12005309,2025-01-02,06:10:00,Hong Kong,Hong Kong - 1/8-finals,Nuno Borges,Jaume Munar,0,0,0,1,0,0.25359477124183005,0.6535947712418301,1.53,0.4,2.5
12005157,2025-01-01,03:10:00,ATP Brisbane,Brisbane - 1/8-finals,Benjamin Bonzi,Nicolas Jarry,0,0,0,1,0,0.28498727735368956,0.6666666666666666,1.5,0.38167938931297707,2.62
12005182,2025-01-01,04:30:00,ATP Brisbane,Brisbane - 1/8-finals,Aleksandar Vukic,Grigor Dimitrov,0,0,0,1,0,-0.6111111111111112,0.2222222222222222,4.5,0.8333333333333334,1.2
12005326,2025-01-01,04:45:00,United Cup,,Alexander Shevchenko,Alexander Zverev,0,0,0,1,0,-0.8504273504273503,0.1111111111111111,9.0,0.9615384615384615,1.04
12005300,2025-01-01,06:00:00,Hong Kong,Hong Kong - 1/8-finals,Miomir Kecmanovic,Alexandre Muller,0,0,0,1,0,0.380952380952381,0.7142857142857143,1.4,0.3333333333333333,3.0
12005158,2025-01-01,12:35:00,ATP Brisbane,Brisbane - 1/8-finals,Jordan Thompson,Alex Michelsen,1,0,0,1,0,0.1478641840087624,0.6024096385542169,1.66,0.45454545454545453,2.2
12005308,2025-01-01,12:55:00,Hong Kong,Hong Kong - 1/8-finals,Karen Khachanov,Kei Nishikori,0,0,0,1,0,0.1478641840087624,0.6024096385542169,1.66,0.45454545454545453,2.2
12004611,2024-12-31,00:40:00,United Cup,,Flavio Cobolli,Ugo Humbert,1,0,0,1,0,-0.4577620521892967,0.29411764705882354,3.4,0.7518796992481203,1.33
12005187,2024-12-31,05:10:00,Hong Kong,Hong Kong - 1/16-finals,Alexandre Muller,Marc-Andrea Huesler,1,0,0,1,0,-0.1478641840087624,0.45454545454545453,2.2,0.6024096385542169,1.66
12005012,2024-12-31,06:10:00,Hong Kong,Hong Kong - 1/16-finals,Nuno Borges,Yunchaokete Bu,1,0,0,1,0,-0.05555555555555558,0.5,2.0,0.5555555555555556,1.8
12005018,2024-12-31,08:45:00,Hong Kong,Hong Kong - 1/16-finals,Denis Shapovalov,Kei Nishikori,0,0,0,1,0,0.25359477124183005,0.6535947712418301,1.53,0.4,2.5
12004876,2024-12-30,02:05:00,ATP Brisbane,Brisbane - 1/16-finals,Alex Michelsen,Christopher O'Connell,1,0,0,1,0,0.3308080808080808,0.6944444444444444,1.44,0.36363636363636365,2.75
12004607,2024-12-30,03:10:00,United Cup,,Stefanos Tsitsipas,Alexander Shevchenko,0,0,0,1,0,0.6620689655172414,0.8620689655172414,1.16,0.2,5.0
12004879,2024-12-30,04:40:00,ATP Brisbane,Brisbane - 1/16-finals,Jordan Thompson,Matteo Berrettini,1,0,0,1,0,-0.2150017468891935,0.42194092827004215,2.37,0.6369426751592356,1.57
12004878,2024-12-30,05:15:00,ATP Brisbane,Brisbane - 1/16-finals,Mariano Navone,Nicolas Jarry,0,0,0,1,0,-0.42279411764705876,0.3125,3.2,0.7352941176470588,1.36
12005129,2024-12-30,06:20:00,Hong Kong,Hong Kong - Final,Pavel Kotov,Marc-Andrea Huesler,0,0,0,1,0,-0.23165384297178793,0.42194092827004215,2.37,0.6535947712418301,1.53
12004875,2024-12-30,08:10:00,ATP Brisbane,Brisbane - 1/16-finals,Jiri Lehecka,Holger Rune,1,0,0,1,0,-0.25359477124183005,0.4,2.5,0.6535947712418301,1.53
12004609,2024-12-30,09:45:00,United Cup,,Hubert Hurkacz,Casper Ruud,0,0,0,1,0,0.35064935064935066,0.7142857142857143,1.4,0.36363636363636365,2.75
12004581,2024-12-29,02:20:00,United Cup,,Tomas Machac,Casper Ruud,0,0,0,1,0,-0.18633540372670798,0.4347826086956522,2.3,0.6211180124223602,1.61
12005046,2024-12-29,07:10:00,Hong Kong,Hong Kong - Semi-finals,Pavel Kotov,Valentin Royer,1,0,0,1,0,0.23165384297178793,0.6535947712418301,1.53,0.42194092827004215,2.37
12004583,2024-12-29,07:40:00,United Cup,,Flavio Cobolli,Dominic Stricker,1,0,0,1,0,0.3308080808080808,0.6944444444444444,1.44,0.36363636363636365,2.75
12004874,2024-12-29,12:55:00,ATP Brisbane,Brisbane - 1/16-finals,David Goffin,Aleksandar Vukic,0,0,0,1,0,0.05555555555555558,0.5555555555555556,1.8,0.5,2.0
12004845,2024-12-28,02:30:00,ATP Brisbane,Brisbane - Semi-finals,Borna Gojo,Nishesh Basavareddy,0,0,0,1,0,-0.2666666666666666,0.4,2.5,0.6666666666666666,1.5
12004555,2024-12-28,02:40:00,United Cup,,Ugo Humbert,Dominic Stricker,1,0,0,1,0,0.6111111111111112,0.8333333333333334,1.2,0.2222222222222222,4.5
12004850,2024-12-28,03:25:00,ATP Brisbane,Brisbane - Semi-finals,Lucas Pouille,Jason Kubler,1,0,0,1,0,0.2666666666666666,0.6666666666666666,1.5,0.4,2.5
12001477,2024-11-24,18:00:00,ATP Davis Cup - World Group,,Jannik Sinner,Tallon Griekspoor,1,0,0,1,0,0.9215686274509803,0.9803921568627451,1.02,0.058823529411764705,17.0
12001144,2024-11-22,20:25:00,ATP Davis Cup - World Group,,Jan-Lennard Struff,Tallon Griekspoor,0,0,0,1,0,-0.16657255787690567,0.45454545454545453,2.2,0.6211180124223602,1.61
12000893,2024-11-21,10:15:00,ATP Davis Cup - World Group,,Ben Shelton,Thanasi Kokkinakis,0,0,0,1,0,0.44418739155581255,0.7518796992481203,1.33,0.3076923076923077,3.25
12000596,2024-11-20,14:40:00,ATP Davis Cup - World Group,,Jan-Lennard Struff,Denis Shapovalov,1,0,0,1,0,-0.2666666666666666,0.4,2.5,0.6666666666666666,1.5
12000261,2024-11-19,19:40:00,ATP Davis Cup - World Group,,Tallon Griekspoor,Carlos Alcaraz,0,0,0,1,0,-0.7110389610389609,0.18181818181818182,5.5,0.8928571428571428,1.12
11999366,2024-11-16,20:40:00,Finals - Turin,ATP Finals - Turin - Semi-finals,Jannik Sinner,Casper Ruud,1,0,0,1,0,0.8614718614718614,0.9523809523809523,1.05,0.09090909090909091,11.0
11997562,2024-11-15,20:40:00,Finals - Turin,,Casper Ruud,Andrey Rublev,1,0,0,1,0,-0.2150017468891935,0.42194092827004215,2.37,0.6369426751592356,1.57
11997567,2024-11-13,20:45:00,Finals - Turin,,Alexander Zverev,Casper Ruud,1,0,0,1,0,0.7261904761904762,0.8928571428571428,1.12,0.16666666666666666,6.0
11997557,2024-11-11,14:15:00,Finals - Turin,,Carlos Alcaraz,Casper Ruud,0,0,0,1,0,0.8433962264150943,0.9433962264150942,1.06,0.1,10.0
11997754,2024-11-09,15:55:00,Belgrade 2,ATP Belgrade 2 - Final,Hamad Medjedovic,Denis Shapovalov,0,0,0,1,0,-0.380952380952381,0.3333333333333333,3.0,0.7142857142857143,1.4
11997585,2024-11-08,15:10:00,Belgrade 2,ATP Belgrade 2 - Semi-finals,Jiri Lehecka,Denis Shapovalov,0,0,0,1,0,-0.1478641840087624,0.45454545454545453,2.2,0.6024096385542169,1.66
11997276,2024-11-07,13:30:00,Belgrade 2,ATP Belgrade 2 - Quarter-finals,Christopher O'Connell,Denis Shapovalov,0,0,0,1,0,-0.3308080808080808,0.36363636363636365,2.75,0.6944444444444444,1.44
11996675,2024-11-06,12:30:00,Belgrade 2,ATP Belgrade 2 - 1/8-finals,Daniel Altmaier,Christopher O'Connell,0,0,0,1,0,-0.25359477124183005,0.4,2.5,0.6535947712418301,1.53
11996677,2024-11-06,13:00:00,Belgrade 2,ATP Belgrade 2 - 1/8-finals,Denis Shapovalov,Nuno Borges,1,0,0,1,0,0.4577620521892967,0.7518796992481203,1.33,0.29411764705882354,3.4
11996975,2024-11-06,16:40:00,Belgrade 2,ATP Belgrade 2 - 1/8-finals,Duje Ajdukovic,Laslo Djere,0,0,0,1,0,-0.380952380952381,0.3333333333333333,3.0,0.7142857142857143,1.4
11996978,2024-11-06,18:50:00,Metz,ATP Metz - 1/8-finals,Benjamin Bonzi,Casper Ruud,1,0,0,1,0,0.0,0.5263157894736842,1.9,0.5263157894736842,1.9
11996979,2024-11-06,20:25:00,Metz,ATP Metz - 1/8-finals,Yunchaokete Bu,Jesper De Jong,1,0,0,1,0,0.3308080808080808,0.6944444444444444,1.44,0.36363636363636365,2.75
11996509,2024-11-05,13:45:00,Metz,ATP Metz - 1/16-finals,Manuel Guinard,Zizou Bergs,0,0,0,1,0,-0.6620689655172414,0.2,5.0,0.8620689655172414,1.16
11996124,2024-11-05,16:20:00,Metz,ATP Metz - 1/16-finals,Adrian Mannarino,Yunchaokete Bu,0,0,0,1,0,0.05555555555555558,0.5555555555555556,1.8,0.5,2.0
11996117,2024-11-04,11:00:00,Belgrade 2,ATP Belgrade 2 - 1/16-finals,Dusan Lajovic,Nuno Borges,0,0,0,1,0,-0.13063576070208355,0.4622496147919876,2.1633333333333336,0.5928853754940712,1.6866666666666665
11996112,2024-11-04,11:10:00,Belgrade 2,ATP Belgrade 2 - 1/16-finals,Marin Cilic,Alexandre Muller,1,0,0,1,0,0.3308080808080808,0.6944444444444444,1.44,0.36363636363636365,2.75
11996115,2024-11-04,12:45:00,Belgrade 2,ATP Belgrade 2 - 1/16-finals,Martin Etcheverry Tomas,Pavel Kotov,1,0,0,1,0,0.3308080808080808,0.6944444444444444,1.44,0.36363636363636365,2.75
11996128,2024-11-04,14:05:00,Metz,ATP Metz - 1/16-finals,Alexander Shevchenko,Jan-Lennard Struff,0,0,0,1,0,-0.25359477124183005,0.4,2.5,0.6535947712418301,1.53
11996381,2024-11-04,15:55:00,Belgrade 2,ATP Belgrade 2 - 1/16-finals,Marton Fucsovics,Denis Shapovalov,0,0,0,1,0,-0.2150017468891935,0.42194092827004215,2.37,0.6369426751592356,1.57
11996225,2024-11-03,13:00:00,Belgrade 2,ATP Belgrade 2 - Final,Marton Fucsovics,Duje Ajdukovic,1,0,0,1,0,0.4751131221719456,0.7692307692307692,1.3,0.29411764705882354,3.4
11996226,2024-11-03,14:15:00,Belgrade 2,ATP Belgrade 2 - Final,Denis Shapovalov,Hugo Grenier,1,0,0,1,0,0.6252354048964219,0.8474576271186441,1.18,0.2222222222222222,4.5
11996069,2024-11-02,11:00:00,Metz,ATP Metz - Semi-finals,Jesper De Jong,Theo Papamalamis,1,0,0,1,0,0.7662337662337662,0.9090909090909091,1.1,0.14285714285714285,7.0
11996070,2024-11-02,11:00:00,Metz,ATP Metz - Semi-finals,Alexander Ritschard,Manuel Guinard,0,0,0,1,0,0.2666666666666666,0.6666666666666666,1.5,0.4,2.5
11996064,2024-11-02,12:40:00,Belgrade 2,ATP Belgrade 2 - Semi-finals,Zsombor Piros,Jozef Kovalik,0,0,0,1,0,0.19249823071479122,0.6369426751592356,1.57,0.4444444444444444,2.25
11996077,2024-11-02,14:10:00,Paris,ATP Paris - Semi-finals,Holger Rune,Alexander Zverev,0,0,0,1,0,-0.380952380952381,0.3333333333333333,3.0,0.7142857142857143,1.4
11996066,2024-11-02,14:40:00,Belgrade 2,ATP Belgrade 2 - Semi-finals,Marat Sharipov,Duje Ajdukovic,0,0,0,1,0,-0.4751131221719456,0.29411764705882354,3.4,0.7692307692307692,1.3
11996134,2024-11-02,16:40:00,Paris,ATP Paris - Semi-finals,Karen Khachanov,Ugo Humbert,0,0,0,1,0,-0.1478641840087624,0.45454545454545453,2.2,0.6024096385542169,1.66
11996068,2024-11-02,17:45:00,Belgrade 2,ATP Belgrade 2 - Semi-finals,Denis Shapovalov,Constant Lestienne,1,0,0,1,0,0.569672131147541,0.819672131147541,1.22,0.25,4.0
11995990,2024-11-01,16:15:00,Paris,ATP Paris - Quarter-finals,Holger Rune,Alex De Minaur,1,0,0,1,0,-0.18633540372670798,0.4347826086956522,2.3,0.6211180124223602,1.61
11995991,2024-11-01,19:20:00,Paris,ATP Paris - Quarter-finals,Jordan Thompson,Ugo Humbert,0,0,0,1,0,-0.4577620521892967,0.29411764705882354,3.4,0.7518796992481203,1.33
11995989,2024-11-01,21:20:00,Paris,ATP Paris - Quarter-finals,Grigor Dimitrov,Karen Khachanov,0,0,0,1,0,0.10520487264673317,0.5813953488372093,1.72,0.47619047619047616,2.1
11995648,2024-10-31,11:10:00,Paris,ATP Paris - 1/8-finals,Jordan Thompson,Adrian Mannarino,1,0,0,1,0,0.2150017468891935,0.6369426751592356,1.57,0.42194092827004215,2.37
11995647,2024-10-31,15:05:00,Paris,ATP Paris - 1/8-finals,Karen Khachanov,Alexei Popyrin,1,0,0,1,0,0.18633540372670798,0.6211180124223602,1.61,0.4347826086956522,2.3
11995797,2024-10-31,19:50:00,Paris,ATP Paris - 1/8-finals,Arthur Cazaux,Holger Rune,0,0,0,1,0,-0.42279411764705876,0.3125,3.2,0.7352941176470588,1.36
11995274,2024-10-30,13:40:00,Paris,ATP Paris - 1/16-finals,Zizou Bergs,Adrian Mannarino,0,0,0,1,0,0.18633540372670798,0.6211180124223602,1.61,0.4347826086956522,2.3
11995275,2024-10-30,15:40:00,Paris,ATP Paris - 1/16-finals,Alexander Bublik,Holger Rune,0,0,0,1,0,-0.4577620521892967,0.29411764705882354,3.4,0.7518796992481203,1.33
11995276,2024-10-30,16:05:00,Paris,ATP Paris - 1/16-finals,Giovanni Mpetshi Perricard,Karen Khachanov,0,0,0,1,0,-0.10520487264673317,0.47619047619047616,2.1,0.5813953488372093,1.72
11994769,2024-10-30,19:10:00,Paris,ATP Paris - 1/16-finals,Alexander Zverev,Tallon Griekspoor,1,0,0,1,0,0.48351648351648346,0.7692307692307692,1.3,0.2857142857142857,3.5
11994227,2024-10-29,14:00:00,Paris,ATP Paris - 1/32-finals,Flavio Cobolli,Richard Gasquet,0,0,0,1,0,0.25359477124183005,0.6535947712418301,1.53,0.4,2.5
11994225,2024-10-29,15:25:00,Paris,ATP Paris - 1/32-finals,Matteo Arnaldi,Holger Rune,0,0,0,1,0,-0.5145833333333334,0.26666666666666666,3.75,0.78125,1.28
11995046,2024-10-29,19:10:00,Paris,ATP Paris - 1/16-finals,Nicolas Jarry,Carlos Alcaraz,0,0,0,1,0,-0.8433962264150943,0.1,10.0,0.9433962264150942,1.06
11994768,2024-10-29,21:00:00,Paris,ATP Paris - 1/16-finals,Casper Ruud,Jordan Thompson,0,0,0,1,0,0.1478641840087624,0.6024096385542169,1.66,0.45454545454545453,2.2
11994228,2024-10-28,11:10:00,Paris,ATP Paris - 1/32-finals,Luciano Darderi,Tallon Griekspoor,0,0,0,1,0,-0.6111111111111112,0.2222222222222222,4.5,0.8333333333333334,1.2
11994619,2024-10-28,11:15:00,Paris,ATP Paris - 1/32-finals,Jordan Thompson,Pedro Martinez,1,0,0,1,0,0.4577620521892967,0.7518796992481203,1.33,0.29411764705882354,3.4
11994624,2024-10-28,20:00:00,Paris,ATP Paris - 1/32-finals,Nicolas Jarry,Lorenzo Sonego,1,0,0,1,0,-0.2150017468891935,0.42194092827004215,2.37,0.6369426751592356,1.57
11994226,2024-10-28,20:30:00,Paris,ATP Paris - 1/32-finals,Nuno Borges,Alejandro Tabilo,0,0,0,1,0,-0.18633540372670798,0.4347826086956522,2.3,0.6211180124223602,1.61
11994236,2024-10-28,21:30:00,Paris,ATP Paris - 1/32-finals,Adrian Mannarino,Tommy Paul,1,0,0,1,0,-0.7261904761904762,0.16666666666666666,6.0,0.8928571428571428,1.12
11994400,2024-10-27,14:10:00,Vienna,ATP Vienna - Final,Jack Draper,Karen Khachanov,1,0,0,1,0,0.1478641840087624,0.6024096385542169,1.66,0.45454545454545453,2.2
11994249,2024-10-26,11:55:00,Paris,ATP Paris - Semi-finals,Pavel Kotov,Miomir Kecmanovic,0,0,0,1,0,-0.31276505513146735,0.38167938931297707,2.62,0.6944444444444444,1.44
11994254,2024-10-26,14:05:00,Paris,ATP Paris - Semi-finals,Alexandre Muller,Roberto Carballes Baena,0,0,0,1,0,0.0,0.5464480874316939,1.83,0.5464480874316939,1.83
11994245,2024-10-26,17:10:00,Basel,ATP Basel - Semi-finals,Holger Rune,Giovanni Mpetshi Perricard,0,0,0,1,0,0.4577620521892967,0.7518796992481203,1.33,0.29411764705882354,3.4
11994259,2024-10-26,17:20:00,Vienna,ATP Vienna - Semi-finals,Karen Khachanov,Alex De Minaur,1,0,0,1,0,-0.10520487264673317,0.47619047619047616,2.1,0.5813953488372093,1.72
11993991,2024-10-25,18:40:00,Basel,ATP Basel - Quarter-finals,David Goffin,Holger Rune,0,0,0,1,0,-0.42279411764705876,0.3125,3.2,0.7352941176470588,1.36
11994061,2024-10-25,19:40:00,Vienna,ATP Vienna - Quarter-finals,Matteo Berrettini,Karen Khachanov,0,0,0,1,0,0.18633540372670798,0.6211180124223602,1.61,0.4347826086956522,2.3
11994058,2024-10-25,20:20:00,Basel,ATP Basel - Quarter-finals,Giovanni Mpetshi Perricard,Denis Shapovalov,1,0,0,1,0,-0.25359477124183005,0.4,2.5,0.6535947712418301,1.53
11993343,2024-10-24,18:10:00,Vienna,ATP Vienna - 1/8-finals,Flavio Cobolli,Alex De Minaur,0,0,0,1,0,-0.4577620521892967,0.29411764705882354,3.4,0.7518796992481203,1.33
11993342,2024-10-24,18:15:00,Basel,ATP Basel - 1/8-finals,Dominic Stricker,Holger Rune,0,0,0,1,0,-0.380952380952381,0.3333333333333333,3.0,0.7142857142857143,1.4
11993681,2024-10-24,19:55:00,Vienna,ATP Vienna - 1/8-finals,Karen Khachanov,Brandon Nakashima,1,0,0,1,0,0.10520487264673317,0.5813953488372093,1.72,0.47619047619047616,2.1
11992622,2024-10-23,16:00:00,Vienna,ATP Vienna - 1/16-finals,Karen Khachanov,Thiago Seyboth Wild,1,0,0,1,0,0.25359477124183005,0.6535947712418301,1.53,0.4,2.5
11992422,2024-10-23,18:10:00,Basel,ATP Basel - 1/16-finals,Adrian Mannarino,Stan Wawrinka,0,0,0,1,0,-0.2150017468891935,0.42194092827004215,2.37,0.6369426751592356,1.57
11992425,2024-10-22,14:10:00,Basel,ATP Basel - 1/16-finals,Denis Shapovalov,Juncheng Shang,1,0,0,1,0,0.0,0.5263157894736842,1.9,0.5263157894736842,1.9
11992426,2024-10-22,14:15:00,Basel,ATP Basel - 1/16-finals,Dominic Stricker,Tallon Griekspoor,1,0,0,1,0,-0.3308080808080808,0.36363636363636365,2.75,0.6944444444444444,1.44
11992421,2024-10-22,18:10:00,Basel,ATP Basel - 1/16-finals,Nicolas Jarry,Holger Rune,0,0,0,1,0,-0.55,0.25,4.0,0.8,1.25
11992314,2024-10-21,14:10:00,Vienna,ATP Vienna - 1/16-finals,Flavio Cobolli,Alejandro Davidovich Fokina,1,0,0,1,0,-0.10520487264673317,0.47619047619047616,2.1,0.5813953488372093,1.72
11992424,2024-10-21,20:30:00,Basel,ATP Basel - 1/16-finals,Andrey Rublev,Nuno Borges,1,0,0,1,0,0.6620689655172414,0.8620689655172414,1.16,0.2,5.0
11992391,2024-10-20,12:10:00,Almaty,ATP Almaty - Final,Karen Khachanov,Gabriel Diallo,1,0,0,1,0,0.18633540372670798,0.6211180124223602,1.61,0.4347826086956522,2.3
11992263,2024-10-20,12:55:00,Vienna,ATP Vienna - Final,Jakub Mensik,Alexandre Muller,1,0,0,1,0,0.44418739155581255,0.7518796992481203,1.33,0.3076923076923077,3.25
11992142,2024-10-19,11:05:00,Vienna,ATP Vienna - Semi-finals,Maximilian Marterer,Alexandre Muller,0,0,0,1,0,-0.23165384297178793,0.42194092827004215,2.37,0.6535947712418301,1.53
11992143,2024-10-19,11:10:00,Vienna,ATP Vienna - Semi-finals,Jakub Mensik,Alexander Ritschard,1,0,0,1,0,0.7261904761904762,0.8928571428571428,1.12,0.16666666666666666,6.0
11992141,2024-10-19,13:20:00,Vienna,ATP Vienna - Semi-finals,Pavel Kotov,Marton Fucsovics,0,0,0,1,0,-0.19249823071479122,0.4444444444444444,2.25,0.6369426751592356,1.57
11992144,2024-10-19,14:50:00,Vienna,ATP Vienna - Semi-finals,Jaume Munar,Jurij Rodionov,1,0,0,1,0,0.19249823071479122,0.6369426751592356,1.57,0.4444444444444444,2.25
11992127,2024-10-19,15:10:00,Almaty,ATP Almaty - Semi-finals,Aleksandar Vukic,Karen Khachanov,0,0,0,1,0,-0.28498727735368956,0.38167938931297707,2.62,0.6666666666666666,1.5
11992180,2024-10-19,18:00:00,Stockholm,ATP Stockholm - Semi-finals,Grigor Dimitrov,Tallon Griekspoor,1,0,0,1,0,0.380952380952381,0.7142857142857143,1.4,0.3333333333333333,3.0
11992239,2024-10-19,20:05:00,Basel,ATP Basel - Semi-finals,Jesper De Jong,Daniel Altmaier,0,0,0,1,0,0.0292397660818714,0.5555555555555556,1.8,0.5263157894736842,1.9
11991751,2024-10-18,10:30:00,Almaty,ATP Almaty - Quarter-finals,Alexander Shevchenko,Francisco Cerundolo,0,0,0,1,0,-0.10520487264673317,0.47619047619047616,2.1,0.5813953488372093,1.72
11991914,2024-10-18,12:10:00,Almaty,ATP Almaty - Quarter-finals,Frances Tiafoe,Aleksandar Vukic,0,0,0,1,0,0.380952380952381,0.7142857142857143,1.4,0.3333333333333333,3.0
11991851,2024-10-18,16:10:00,Almaty,ATP Almaty - Quarter-finals,Karen Khachanov,Beibit Zhukayev,1,0,0,1,0,0.55,0.8,1.25,0.25,4.0
11991753,2024-10-18,18:40:00,Stockholm,ATP Stockholm - Quarter-finals,Tallon Griekspoor,Casper Ruud,1,0,0,1,0,-0.05555555555555558,0.5,2.0,0.5555555555555556,1.8
11992024,2024-10-18,20:55:00,Stockholm,ATP Stockholm - Quarter-finals,Dominic Stricker,Grigor Dimitrov,0,0,0,1,0,-0.6111111111111112,0.2222222222222222,4.5,0.8333333333333334,1.2
11991159,2024-10-17,09:40:00,Almaty,ATP Almaty - 1/8-finals,Karen Khachanov,Otto Virtanen,1,0,0,1,0,0.3308080808080808,0.6944444444444444,1.44,0.36363636363636365,2.75
11991536,2024-10-17,11:35:00,Almaty,ATP Almaty - 1/8-finals,Aleksandar Vukic,Adrian Mannarino,1,0,0,1,0,0.10520487264673317,0.5813953488372093,1.72,0.47619047619047616,2.1
11991325,2024-10-17,14:45:00,Stockholm,ATP Stockholm - 1/8-finals,Miomir Kecmanovic,Nicolas Jarry,1,0,0,1,0,0.3308080808080808,0.6944444444444444,1.44,0.36363636363636365,2.75
11991374,2024-10-17,20:00:00,Stockholm,ATP Stockholm - 1/8-finals,Andrey Rublev,Alexandre Muller,1,0,0,1,0,0.6111111111111112,0.8333333333333334,1.2,0.2222222222222222,4.5
11990190,2024-10-16,08:10:00,Almaty,ATP Almaty - 1/16-finals,James Duckworth,Aleksandar Vukic,0,0,0,1,0,-0.28498727735368956,0.38167938931297707,2.62,0.6666666666666666,1.5
11990196,2024-10-16,10:00:00,Almaty,ATP Almaty - 1/16-finals,Timofey Skatov,Tomas Machac,0,0,0,1,0,-0.747054747054747,0.15384615384615385,6.5,0.9009009009009008,1.11
11991212,2024-10-16,15:40:00,Stockholm,ATP Stockholm - 1/8-finals,Tallon Griekspoor,Jacob Fearnley,1,0,0,1,0,0.10520487264673317,0.5813953488372093,1.72,0.47619047619047616,2.1
11990785,2024-10-16,15:50:00,Stockholm,ATP Stockholm - 1/8-finals,Matteo Berrettini,Dominic Stricker,0,0,0,1,0,0.6111111111111112,0.8333333333333334,1.2,0.2222222222222222,4.5
11991210,2024-10-16,16:10:00,Almaty,ATP Almaty - 1/8-finals,Aslan Karatsev,Alexander Shevchenko,0,0,0,1,0,0.05555555555555558,0.5555555555555556,1.8,0.5,2.0
11990786,2024-10-16,18:10:00,Stockholm,ATP Stockholm - 1/8-finals,Lorenzo Sonego,Casper Ruud,0,0,0,1,0,-0.2150017468891935,0.42194092827004215,2.37,0.6369426751592356,1.57
11990195,2024-10-15,08:10:00,Almaty,ATP Almaty - 1/16-finals,Roman Safiullin,Adrian Mannarino,0,0,0,1,0,0.380952380952381,0.7142857142857143,1.4,0.3333333333333333,3.0
11990541,2024-10-15,16:10:00,Almaty,ATP Almaty - 1/16-finals,Alexander Shevchenko,Mikhail Kukushkin,1,0,0,1,0,0.1478641840087624,0.6024096385542169,1.66,0.45454545454545453,2.2
11990323,2024-10-15,18:10:00,Stockholm,ATP Stockholm - 1/16-finals,Elias Ymer,Nicolas Jarry,0,0,0,1,0,-0.1478641840087624,0.45454545454545453,2.2,0.6024096385542169,1.66
11990316,2024-10-15,20:55:00,Stockholm,ATP Stockholm - 1/16-finals,Leo Borg,Alexandre Muller,0,0,0,1,0,-0.8009259259259258,0.125,8.0,0.9259259259259258,1.08
11990465,2024-10-14,11:10:00,ATP Antwerp,ATP Antwerp - Final,Alexey Vatutin,Manuel Guinard,1,0,0,1,0,-0.19249823071479122,0.4444444444444444,2.25,0.6369426751592356,1.57
11990320,2024-10-14,13:10:00,Stockholm,ATP Stockholm - 1/16-finals,Aleksandar Kovacevic,Dominic Stricker,0,0,0,1,0,-0.05555555555555558,0.5,2.0,0.5555555555555556,1.8
11990318,2024-10-14,18:00:00,Stockholm,ATP Stockholm - 1/16-finals,Tallon Griekspoor,Pavel Kotov,1,0,0,1,0,0.3308080808080808,0.6944444444444444,1.44,0.36363636363636365,2.75
11990165,2024-10-13,11:10:00,Stockholm,ATP Stockholm - Final,Zsombor Piros,Marc-Andrea Huesler,0,0,0,1,0,-0.4751131221719456,0.29411764705882354,3.4,0.7692307692307692,1.3
11990262,2024-10-13,11:40:00,ATP Antwerp,ATP Antwerp - Semi-finals,Michael Geerts,Manuel Guinard,0,0,0,1,0,-0.0292397660818714,0.5263157894736842,1.9,0.5555555555555556,1.8
11990266,2024-10-13,14:35:00,ATP Antwerp,,Nikoloz Basilashvili,Henri Squire,0,0,0,1,0,-0.16657255787690567,0.45454545454545453,2.2,0.6211180124223602,1.61
11990112,2024-10-12,11:05:00,Stockholm,ATP Stockholm - Semi-finals,Lukas Klein,Zsombor Piros,0,0,0,1,0,0.4751131221719456,0.7692307692307692,1.3,0.29411764705882354,3.4
11990118,2024-10-12,16:30:00,Stockholm,ATP Stockholm - Semi-finals,Alexander Ritschard,August Holmgren,0,0,0,1,0,0.2666666666666666,0.6666666666666666,1.5,0.4,2.5
11989268,2024-10-09,14:05:00,Shanghai,ATP Shanghai - 1/8-finals,Taylor Fritz,Holger Rune,1,0,0,1,0,0.25359477124183005,0.6535947712418301,1.53,0.4,2.5
11988497,2024-10-08,06:40:00,Shanghai,ATP Shanghai - 1/16-finals,Stefanos Tsitsipas,Alexandre Muller,1,0,0,1,0,0.588725248930451,0.819672131147541,1.22,0.23094688221709006,4.33
11988500,2024-10-08,06:40:00,Shanghai,ATP Shanghai - 1/16-finals,Tomas Machac,Aleksandar Vukic,1,0,0,1,0,0.380952380952381,0.7142857142857143,1.4,0.3333333333333333,3.0
11988688,2024-10-08,06:40:00,Shanghai,ATP Shanghai - 1/16-finals,Jakub Mensik,Alexander Shevchenko,1,0,0,1,0,0.42279411764705876,0.7352941176470588,1.36,0.3125,3.2
11988821,2024-10-08,11:05:00,Shanghai,ATP Shanghai - 1/16-finals,Jiri Lehecka,Holger Rune,0,0,0,1,0,-0.25359477124183005,0.4,2.5,0.6535947712418301,1.53
11988822,2024-10-08,12:40:00,Shanghai,ATP Shanghai - 1/16-finals,Flavio Cobolli,Novak Djokovic,0,0,0,1,0,-0.7662337662337662,0.14285714285714285,7.0,0.9090909090909091,1.1
11988694,2024-10-08,14:10:00,Shanghai,ATP Shanghai - 1/16-finals,Tallon Griekspoor,Alexander Zverev,0,0,0,1,0,-0.588725248930451,0.23094688221709006,4.33,0.819672131147541,1.22
11988227,2024-10-07,07:15:00,Shanghai,ATP Shanghai - 1/32-finals,Jordan Thompson,Tallon Griekspoor,0,0,0,1,0,0.10520487264673317,0.5813953488372093,1.72,0.47619047619047616,2.1
11988225,2024-10-07,08:50:00,Shanghai,ATP Shanghai - 1/32-finals,Marcos Giron,Karen Khachanov,1,0,0,1,0,-0.28498727735368956,0.38167938931297707,2.62,0.6666666666666666,1.5
11988224,2024-10-07,12:40:00,Shanghai,ATP Shanghai - 1/32-finals,Matteo Berrettini,Holger Rune,0,0,0,1,0,0.0,0.5263157894736842,1.9,0.5263157894736842,1.9
11988310,2024-10-07,15:00:00,Shanghai,ATP Shanghai - 1/32-finals,Flavio Cobolli,Stan Wawrinka,1,0,0,1,0,0.42279411764705876,0.7352941176470588,1.36,0.3125,3.2
11900460,2023-09-27,05:10:00,ATP Beijing,ATP Beijing - Final,Matteo Arnaldi,Aleksandar Vukic,1,0,0,1,0,-0.0292397660818714,0.5263157894736842,1.9,0.5555555555555556,1.8
11900506,2023-09-27,07:10:00,ATP Astana,ATP Astana - Final,Rubin Statham Jose,Jurij Rodionov,0,0,0,1,0,-0.7662337662337662,0.14285714285714285,7.0,0.9090909090909091,1.1
11900536,2023-09-27,11:00:00,ATP Astana,ATP Astana - Final,Alexandre Muller,Egor Gerasimov,0,0,0,1,0,0.35064935064935066,0.7142857142857143,1.4,0.36363636363636365,2.75
11900247,2023-09-27,14:20:00,ATP Astana,ATP Astana - 1/16-finals,Alexander Shevchenko,Botic Van De Zandschulp,1,0,0,1,0,-0.380952380952381,0.3333333333333333,3.0,0.7142857142857143,1.4
11900243,2023-09-27,16:15:00,ATP Astana,ATP Astana - 1/16-finals,Mikhail Kukushkin,Nuno Borges,0,0,0,1,0,-0.21677460793234488,0.42016806722689076,2.38,0.6369426751592356,1.57
11900164,2023-09-26,05:05:00,ATP Beijing,ATP Beijing - Semi-finals,Brandon Nakashima,Aleksandar Vukic,0,0,0,1,0,0.2666666666666666,0.6666666666666666,1.5,0.4,2.5
11900158,2023-09-26,08:30:00,ATP Astana,,Borna Gojo,Kimmer Coppejans,0,0,0,1,0,0.4751131221719456,0.7692307692307692,1.3,0.29411764705882354,3.4
11900157,2023-09-26,08:55:00,ATP Astana,ATP Astana - Semi-finals,Evgeny Donskoy,Jurij Rodionov,0,0,0,1,0,-0.23165384297178793,0.42194092827004215,2.37,0.6535947712418301,1.53
11900454,2023-09-26,10:35:00,ATP Beijing,ATP Beijing - Semi-finals,Miomir Kecmanovic,Pavel Kotov,1,0,0,1,0,0.44418739155581255,0.7518796992481203,1.33,0.3076923076923077,3.25
11900160,2023-09-26,11:00:00,ATP Astana,ATP Astana - Semi-finals,Alexandre Muller,Timur Maulenov,1,0,0,1,0,0.9516374714394517,0.9900990099009901,1.01,0.038461538461538464,26.0
11900161,2023-09-26,11:50:00,ATP Astana,ATP Astana - Semi-finals,Egor Gerasimov,Zizou Bergs,1,0,0,1,0,-0.4751131221719456,0.29411764705882354,3.4,0.7692307692307692,1.3
11900202,2023-09-26,13:40:00,Zhuhai,ATP Zhuhai - Final,Karen Khachanov,Yoshihito Nishioka,1,0,0,1,0,0.21677460793234488,0.6369426751592356,1.57,0.42016806722689076,2.38
11900040,2023-09-25,11:50:00,Zhuhai,ATP Zhuhai - Semi-finals,Karen Khachanov,Sebastian Korda,1,0,0,1,0,-0.14425694066412637,0.45454545454545453,2.2,0.5988023952095809,1.67
11899736,2023-09-24,00:15:00,ATP Laver Cup,,Casper Ruud,Tommy Paul,1,0,0,1,0,0.12261191901910473,0.5988023952095809,1.67,0.47619047619047616,2.1
11899614,2023-09-24,07:00:00,Chengdu,ATP Chengdu - Quarter-finals,Jordan Thompson,Roman Safiullin,0,0,0,1,0,-0.05555555555555558,0.5,2.0,0.5555555555555556,1.8
11899670,2023-09-24,07:00:00,Zhuhai,ATP Zhuhai - Quarter-finals,Karen Khachanov,Mackenzie McDonald,1,0,0,1,0,0.0,0.5235602094240838,1.91,0.5235602094240838,1.91
11899734,2023-09-24,14:05:00,Chengdu,ATP Chengdu - Quarter-finals,Grigor Dimitrov,Christopher O'Connell,1,0,0,1,0,0.48351648351648346,0.7692307692307692,1.3,0.2857142857142857,3.5
11900004,2023-09-24,23:10:00,ATP Laver Cup,,Casper Ruud,Taylor Fritz,0,0,0,1,0,-0.0780346820809249,0.5,2.0,0.5780346820809249,1.73
11899469,2023-09-23,07:05:00,Zhuhai,ATP Zhuhai - 1/8-finals,Sebastian Korda,Alexandre Muller,1,0,0,1,0,0.5085271317829456,0.7751937984496123,1.29,0.26666666666666666,3.75
11899424,2023-09-23,07:10:00,Chengdu,ATP Chengdu - 1/8-finals,Grigor Dimitrov,Pablo Varillas Juan,1,0,0,1,0,0.7662337662337662,0.9090909090909091,1.1,0.14285714285714285,7.0
11899448,2023-09-23,12:10:00,Chengdu,ATP Chengdu - 1/8-finals,Alexander Zverev,Pavel Kotov,1,0,0,1,0,0.747054747054747,0.9009009009009008,1.11,0.15384615384615385,6.5
11899425,2023-09-22,07:05:00,Chengdu,ATP Chengdu - 1/8-finals,Christopher O'Connell,Taro Daniel,1,0,0,1,0,0.05555555555555558,0.5555555555555556,1.8,0.5,2.0
11899428,2023-09-22,07:10:00,Chengdu,ATP Chengdu - 1/8-finals,Jordan Thompson,Dusan Lajovic,1,0,0,1,0,0.2864385297845373,0.6666666666666666,1.5,0.3802281368821293,2.63
11899429,2023-09-22,14:25:00,Zhuhai,ATP Zhuhai - 1/8-finals,Karen Khachanov,Alex Bolt,1,0,0,1,0,0.5085271317829456,0.7751937984496123,1.29,0.26666666666666666,3.75
11899084,2023-09-21,07:10:00,Chengdu,ATP Chengdu - 1/16-finals,Christopher O'Connell,Alibek Kachmazov,1,0,0,1,0,0.6953748006379585,0.8771929824561404,1.14,0.18181818181818182,5.5
11899085,2023-09-21,09:25:00,Chengdu,ATP Chengdu - 1/16-finals,Philip Sekulic,Nuno Borges,1,0,0,1,0,-0.6111111111111112,0.2222222222222222,4.5,0.8333333333333334,1.2
11898445,2023-09-21,09:30:00,Chengdu,ATP Chengdu - 1/16-finals,Max Purcell,Jordan Thompson,0,0,0,1,0,0.05555555555555558,0.5555555555555556,1.8,0.5,2.0
11899122,2023-09-21,10:35:00,Zhuhai,ATP Zhuhai - 1/16-finals,Alex Bolt,Diego Schwartzman,1,0,0,1,0,-0.3308080808080808,0.36363636363636365,2.75,0.6944444444444444,1.44
11899082,2023-09-21,11:40:00,Chengdu,ATP Chengdu - 1/16-finals,Elahi Galan Daniel,Pavel Kotov,0,0,0,1,0,-0.14425694066412637,0.45454545454545453,2.2,0.5988023952095809,1.67
11898452,2023-09-21,12:50:00,Zhuhai,ATP Zhuhai - 1/16-finals,Alexandre Muller,Rinky Hijikata,1,0,0,1,0,-0.05555555555555558,0.5,2.0,0.5555555555555556,1.8
11898734,2023-09-20,05:05:00,Chengdu,ATP Chengdu - Final,Pavel Kotov,Omar Jasika,1,0,0,1,0,0.40196078431372545,0.7352941176470588,1.36,0.3333333333333333,3.0
11898443,2023-09-20,07:10:00,Chengdu,ATP Chengdu - 1/16-finals,Taro Daniel,Aleksandar Vukic,1,0,0,1,0,0.0,0.5235602094240838,1.91,0.5235602094240838,1.91
11898414,2023-09-19,06:35:00,Zhuhai,ATP Zhuhai - Semi-finals,Lorenzo Giustino,Alex Bolt,0,0,0,1,0,-0.19249823071479122,0.4444444444444444,2.25,0.6369426751592356,1.57
11898406,2023-09-19,07:50:00,Chengdu,ATP Chengdu - Semi-finals,Pavel Kotov,Rubin Statham Jose,1,0,0,1,0,0.6953748006379585,0.8771929824561404,1.14,0.18181818181818182,5.5
11898410,2023-09-19,10:10:00,Chengdu,ATP Chengdu - Semi-finals,Evgeny Donskoy,Egor Gerasimov,1,0,0,1,0,0.40196078431372545,0.7352941176470588,1.36,0.3333333333333333,3.0
11897937,2023-09-17,12:10:00,ATP Davis Cup - World Group I,,Dimitar Kuzmanov,Alexander Bublik,0,0,0,1,0,-0.2334267040149393,0.42016806722689076,2.38,0.6535947712418301,1.53
11897938,2023-09-17,13:15:00,ATP Davis Cup - World Group I,,Stefanos Tsitsipas,Alex Molcan,0,0,0,1,0,0.7182890855457228,0.8849557522123894,1.13,0.16666666666666666,6.0
11897941,2023-09-17,14:10:00,ATP Davis Cup - World Group I,,Yanaki Milev,Timofey Skatov,0,0,0,1,0,-0.6023864511162433,0.23094688221709006,4.33,0.8333333333333334,1.2
11898282,2023-09-17,17:35:00,ATP Davis Cup - World Group,,Borna Gojo,Tallon Griekspoor,1,0,0,1,0,-0.19249823071479122,0.4444444444444444,2.25,0.6369426751592356,1.57
11897949,2023-09-17,21:10:00,ATP Davis Cup - World Group I,,Pablo Varillas Juan,Viktor Durasovic,1,0,0,1,0,0.6547008547008548,0.8547008547008548,1.17,0.2,5.0
11897915,2023-09-16,10:20:00,ATP Davis Cup - World Group I,,Alexandros Skorilas,Alex Molcan,0,0,0,1,0,-0.8614718614718614,0.09090909090909091,11.0,0.9523809523809523,1.05
11897924,2023-09-16,11:45:00,ATP Davis Cup - World Group I,,Dimitar Kuzmanov,Timofey Skatov,0,0,0,1,0,0.0,0.5464480874316939,1.83,0.5464480874316939,1.83
11897726,2023-09-16,14:35:00,ATP Davis Cup - World Group I,,Marius Copil,Hsin Tseng Chun,0,0,0,1,0,-0.2334267040149393,0.42016806722689076,2.38,0.6535947712418301,1.53
11897728,2023-09-16,15:10:00,ATP Davis Cup - World Group I,,Zsombor Piros,Altug Celikbilek,0,0,0,1,0,0.4751131221719456,0.7692307692307692,1.3,0.29411764705882354,3.4
11898014,2023-09-16,15:15:00,ATP Davis Cup - World Group,,Alexis Galarneau,Alejandro Tabilo,1,0,0,1,0,0.16273849607182939,0.6172839506172839,1.62,0.45454545454545453,2.2
11897727,2023-09-16,15:35:00,ATP Davis Cup - World Group I,,Holger Rune,Thiago Seyboth Wild,0,0,0,1,0,0.4751131221719456,0.7692307692307692,1.3,0.29411764705882354,3.4
11897730,2023-09-16,16:15:00,ATP Davis Cup - World Group I,,Sebastian Ofner,Nuno Borges,0,0,0,1,0,0.031995346131471814,0.5555555555555556,1.8,0.5235602094240838,1.91
11898015,2023-09-16,17:35:00,ATP Davis Cup - World Group,,Gabriel Diallo,Nicolas Jarry,0,0,0,1,0,-0.31276505513146735,0.38167938931297707,2.62,0.6944444444444444,1.44
11897731,2023-09-16,17:55:00,ATP Davis Cup - World Group I,,Jurij Rodionov,Joao Sousa,0,0,0,1,0,0.12261191901910473,0.5988023952095809,1.67,0.47619047619047616,2.1
11897936,2023-09-16,22:50:00,ATP Davis Cup - World Group I,,Pablo Varillas Juan,Nicolai Budkov Kjaer,1,0,0,1,0,0.9516374714394517,0.9900990099009901,1.01,0.038461538461538464,26.0
11897691,2023-09-15,12:20:00,ATP Davis Cup - World Group I,,David Ionel Nicholas,Hsin Tseng Chun,0,0,0,1,0,0.12261191901910473,0.5988023952095809,1.67,0.47619047619047616,2.1
11897692,2023-09-15,13:20:00,ATP Davis Cup - World Group I,,Fabian Marozsan,Altug Celikbilek,1,0,0,1,0,0.7182890855457228,0.8849557522123894,1.13,0.16666666666666666,6.0
11897694,2023-09-15,15:05:00,ATP Davis Cup - World Group I,,Zsombor Piros,Cem Ilkel,1,0,0,1,0,0.5333333333333334,0.8,1.25,0.26666666666666666,3.75
11897695,2023-09-15,15:15:00,ATP Davis Cup - World Group I,,Jurij Rodionov,Nuno Borges,0,0,0,1,0,-0.031995346131471814,0.5235602094240838,1.91,0.5555555555555556,1.8
11897696,2023-09-15,16:20:00,ATP Davis Cup - World Group I,,Holger Rune,Thiago Monteiro,0,0,0,1,0,0.7182890855457228,0.8849557522123894,1.13,0.16666666666666666,6.0
11897697,2023-09-15,17:55:00,ATP Davis Cup - World Group I,,Sebastian Ofner,Joao Sousa,0,0,0,1,0,0.3142163075623151,0.6944444444444444,1.44,0.3802281368821293,2.63
11897803,2023-09-15,18:15:00,ATP Davis Cup - World Group,,Lorenzo Sonego,Nicolas Jarry,1,0,0,1,0,-0.0780346820809249,0.5,2.0,0.5780346820809249,1.73
11897806,2023-09-15,18:15:00,ATP Davis Cup - World Group,,Borna Gojo,Emil Ruusuvuori,0,0,0,1,0,0.031995346131471814,0.5555555555555556,1.8,0.5235602094240838,1.91
11897553,2023-09-14,17:20:00,ATP Davis Cup - World Group,,Tallon Griekspoor,Frances Tiafoe,1,0,0,1,0,-0.19249823071479122,0.4444444444444444,2.25,0.6369426751592356,1.57
11897266,2023-09-13,17:15:00,ATP Davis Cup - World Group,,Borna Gojo,Frances Tiafoe,1,0,0,1,0,-0.40196078431372545,0.3333333333333333,3.0,0.7352941176470588,1.36
11896929,2023-09-12,17:20:00,ATP Davis Cup - World Group,,Tallon Griekspoor,Emil Ruusuvuori,1,0,0,1,0,0.0780346820809249,0.5780346820809249,1.73,0.5,2.0
11896925,2023-09-12,18:25:00,ATP Davis Cup - World Group,,Elias Ymer,Nicolas Jarry,0,0,0,1,0,-0.5333333333333334,0.26666666666666666,3.75,0.8,1.25
11894067,2023-09-04,00:15:00,US Open,ATP US Open - 1/8-finals,Dominic Stricker,Taylor Fritz,0,0,0,1,0,-0.747054747054747,0.15384615384615385,6.5,0.9009009009009008,1.11
11894073,2023-09-04,01:20:00,US Open,ATP US Open - 1/8-finals,Borna Gojo,Novak Djokovic,0,0,0,1,0,-0.9277605779153766,0.05263157894736842,19.0,0.9803921568627451,1.02
11893694,2023-09-02,01:30:00,US Open,ATP US Open - 1/16-finals,Borna Gojo,Jiri Vesely,1,0,0,1,0,0.48351648351648346,0.7692307692307692,1.3,0.2857142857142857,3.5
11893888,2023-09-02,17:10:00,US Open,ATP US Open - 1/16-finals,Michael Mmoh,Jack Draper,0,0,0,1,0,-0.42279411764705876,0.3125,3.2,0.7352941176470588,1.36
11893948,2023-09-02,23:20:00,US Open,ATP US Open - 1/16-finals,Nicolas Jarry,Alex De Minaur,0,0,0,1,0,-0.55,0.25,4.0,0.8,1.25
11893225,2023-09-01,01:10:00,US Open,ATP US Open - 1/32-finals,Felipe Meligeni Alves,Sebastian Baez,0,0,0,1,0,-0.55,0.25,4.0,0.8,1.25
11893077,2023-09-01,04:05:00,US Open,ATP US Open - 1/32-finals,Daniil Medvedev,Christopher O'Connell,1,0,0,1,0,0.9042071197411004,0.970873786407767,1.03,0.06666666666666667,15.0
11893695,2023-09-01,20:35:00,US Open,ATP US Open - 1/16-finals,Adrian Mannarino,Frances Tiafoe,0,0,0,1,0,-0.5085271317829456,0.26666666666666666,3.75,0.7751937984496123,1.29
11893643,2023-09-01,22:20:00,US Open,ATP US Open - 1/16-finals,Dominic Stricker,Benjamin Bonzi,1,0,0,1,0,0.1478641840087624,0.6024096385542169,1.66,0.45454545454545453,2.2
11892749,2023-08-31,00:40:00,US Open,ATP US Open - 1/32-finals,Manuel Cerundolo Juan,Alejandro Davidovich Fokina,0,0,0,1,0,-0.8234683281412254,0.1111111111111111,9.0,0.9345794392523364,1.07
11892825,2023-08-31,00:50:00,US Open,ATP US Open - 1/32-finals,Casper Ruud,Zhizhen Zhang,0,0,0,1,0,0.6111111111111112,0.8333333333333334,1.2,0.2222222222222222,4.5
11892824,2023-08-31,01:20:00,US Open,ATP US Open - 1/32-finals,Sebastian Ofner,Frances Tiafoe,0,0,0,1,0,-0.6547008547008548,0.2,5.0,0.8547008547008548,1.17
11892836,2023-08-31,03:40:00,US Open,ATP US Open - 1/32-finals,Pablo Varillas Juan,Taylor Fritz,0,0,0,1,0,-0.9042071197411004,0.06666666666666667,15.0,0.970873786407767,1.03
11893226,2023-08-31,17:10:00,US Open,ATP US Open - 1/32-finals,Michael Mmoh,John Isner,1,0,0,1,0,0.05555555555555558,0.5555555555555556,1.8,0.5,2.0
11893076,2023-08-31,22:10:00,US Open,ATP US Open - 1/32-finals,Nicolas Jarry,Alex Michelsen,1,0,0,1,0,0.18633540372670798,0.6211180124223602,1.61,0.4347826086956522,2.3
11892863,2023-08-30,17:25:00,US Open,ATP US Open - 1/32-finals,Mackenzie McDonald,Borna Gojo,0,0,0,1,0,0.3308080808080808,0.6944444444444444,1.44,0.36363636363636365,2.75
11892864,2023-08-30,17:25:00,US Open,ATP US Open - 1/32-finals,Stefanos Tsitsipas,Dominic Stricker,0,0,0,1,0,0.7182890855457228,0.8849557522123894,1.13,0.16666666666666666,6.0
11892868,2023-08-30,20:00:00,US Open,ATP US Open - 1/32-finals,Bernabe Zapata Miralles,Novak Djokovic,0,0,0,1,0,-0.9606872451951077,0.029411764705882353,34.0,0.9900990099009901,1.01
11892750,2023-08-30,21:35:00,US Open,ATP US Open - 1/32-finals,Adrian Mannarino,Fabian Marozsan,1,0,0,1,0,0.48351648351648346,0.7692307692307692,1.3,0.2857142857142857,3.5
11892365,2023-08-29,00:50:00,US Open,ATP US Open - 1/64-finals,Dominic Stricker,Alexei Popyrin,1,0,0,1,0,-0.21677460793234488,0.42016806722689076,2.38,0.6369426751592356,1.57
11892363,2023-08-29,02:20:00,US Open,ATP US Open - 1/64-finals,Hugo Dellien,Borna Gojo,0,0,0,1,0,-0.7182890855457228,0.16666666666666666,6.0,0.8849557522123894,1.13
11892091,2023-08-29,05:05:00,US Open,ATP US Open - 1/64-finals,Alexandre Muller,Novak Djokovic,0,0,0,1,0,-0.9556162512803005,0.034482758620689655,29.0,0.9900990099009901,1.01
11892373,2023-08-29,17:00:00,US Open,ATP US Open - 1/64-finals,Kei Nishikori,Felipe Meligeni Alves,0,0,0,1,0,0.5145833333333334,0.78125,1.28,0.26666666666666666,3.75
11892509,2023-08-29,17:05:00,US Open,ATP US Open - 1/64-finals,James Duckworth,Felipe Meligeni Alves,0,0,0,1,0,-0.10184420589044874,0.47619047619047616,2.1,0.5780346820809249,1.73
11891969,2023-08-29,17:10:00,US Open,ATP US Open - 1/64-finals,Tallon Griekspoor,Arthur Fils,0,0,0,1,0,0.21677460793234488,0.6369426751592356,1.57,0.42016806722689076,2.38
11891972,2023-08-29,17:10:00,US Open,ATP US Open - 1/64-finals,Jason Kubler,Matteo Arnaldi,0,0,0,1,0,-0.05555555555555558,0.5,2.0,0.5555555555555556,1.8
11892083,2023-08-29,17:10:00,US Open,ATP US Open - 1/64-finals,Nicolas Jarry,Luca van Assche,1,0,0,1,0,0.3308080808080808,0.6944444444444444,1.44,0.36363636363636365,2.75
11892093,2023-08-29,17:10:00,US Open,ATP US Open - 1/64-finals,Max Purcell,Christopher O'Connell,0,0,0,1,0,0.3308080808080808,0.6944444444444444,1.44,0.36363636363636365,2.75
11892097,2023-08-29,17:10:00,US Open,ATP US Open - 1/64-finals,Diego Schwartzman,Arthur Rinderknech,0,0,0,1,0,0.1825013419216317,0.6172839506172839,1.62,0.4347826086956522,2.3
11891978,2023-08-29,17:15:00,US Open,ATP US Open - 1/64-finals,Alexander Zverev,Aleksandar Vukic,1,0,0,1,0,0.8009259259259258,0.9259259259259258,1.08,0.125,8.0
11892087,2023-08-29,18:20:00,US Open,ATP US Open - 1/64-finals,Karen Khachanov,Michael Mmoh,0,0,0,1,0,0.21677460793234488,0.6369426751592356,1.57,0.42016806722689076,2.38
11891975,2023-08-29,19:05:00,US Open,ATP US Open - 1/64-finals,Alexander Shevchenko,Cameron Norrie,0,0,0,1,0,-0.6111111111111112,0.2222222222222222,4.5,0.8333333333333334,1.2
11891973,2023-08-29,19:20:00,US Open,ATP US Open - 1/64-finals,Alex Molcan,Grigor Dimitrov,0,0,0,1,0,-0.6547008547008548,0.2,5.0,0.8547008547008548,1.17
11892067,2023-08-29,22:10:00,US Open,ATP US Open - 1/64-finals,Radu Albot,Jack Draper,0,0,0,1,0,-0.55,0.25,4.0,0.8,1.25
11891976,2023-08-29,22:20:00,US Open,ATP US Open - 1/64-finals,Botic Van De Zandschulp,Jordan Thompson,1,0,0,1,0,-0.380952380952381,0.3333333333333333,3.0,0.7142857142857143,1.4
11892378,2023-08-29,22:35:00,US Open,ATP US Open - 1/64-finals,Timofey Skatov,Alex De Minaur,0,0,0,1,0,-0.8846153846153846,0.07692307692307693,13.0,0.9615384615384615,1.04
11892071,2023-08-28,17:05:00,US Open,ATP US Open - 1/64-finals,Pedro Cachin,Ben Shelton,0,0,0,1,0,-0.6547008547008548,0.2,5.0,0.8547008547008548,1.17
11892092,2023-08-28,17:05:00,US Open,ATP US Open - 1/64-finals,Sebastian Ofner,Nuno Borges,1,0,0,1,0,0.14425694066412637,0.5988023952095809,1.67,0.45454545454545453,2.2
11892082,2023-08-28,17:10:00,US Open,ATP US Open - 1/64-finals,Ilya Ivashka,Manuel Cerundolo Juan,0,0,0,1,0,0.380952380952381,0.7142857142857143,1.4,0.3333333333333333,3.0
11892089,2023-08-28,17:10:00,US Open,ATP US Open - 1/64-finals,Adrian Mannarino,Yosuke Watanuki,1,0,0,1,0,0.2864385297845373,0.6666666666666666,1.5,0.3802281368821293,2.63
11892072,2023-08-28,18:45:00,US Open,ATP US Open - 1/64-finals,Roberto Carballes Baena,Holger Rune,1,0,0,1,0,-0.7182890855457228,0.16666666666666666,6.0,0.8849557522123894,1.13
11892358,2023-08-28,18:55:00,US Open,ATP US Open - 1/64-finals,Casper Ruud,Emilio Nava,1,0,0,1,0,0.6953748006379585,0.8771929824561404,1.14,0.18181818181818182,5.5
11892079,2023-08-28,20:00:00,US Open,ATP US Open - 1/64-finals,Rinky Hijikata,Pavel Kotov,1,0,0,1,0,0.10184420589044874,0.5780346820809249,1.73,0.47619047619047616,2.1
11892086,2023-08-28,21:35:00,US Open,ATP US Open - 1/64-finals,Miomir Kecmanovic,Pablo Varillas Juan,0,0,0,1,0,0.6111111111111112,0.8333333333333334,1.2,0.2222222222222222,4.5
11892362,2023-08-28,21:55:00,US Open,ATP US Open - 1/64-finals,Jiri Vesely,Enzo Couacaud,1,0,0,1,0,-0.21677460793234488,0.42016806722689076,2.38,0.6369426751592356,1.57
11892102,2023-08-28,22:40:00,US Open,ATP US Open - 1/64-finals,Bernabe Zapata Miralles,Ethan Quinn,1,0,0,1,0,0.380952380952381,0.7142857142857143,1.4,0.3333333333333333,3.0
11891943,2023-08-26,00:05:00,US Open,ATP US Open - Final,Federico Coria,Felipe Meligeni Alves,0,0,0,1,0,0.0,0.5464480874316939,1.83,0.5464480874316939,1.83
11891944,2023-08-26,00:05:00,US Open,ATP US Open - Final,Enzo Couacaud,Giulio Zeppieri,1,0,0,1,0,0.12621916236374076,0.6024096385542169,1.66,0.47619047619047616,2.1
11892129,2023-08-26,00:05:00,US Open,ATP US Open - Final,Agustin Tirante Thiago,Dominic Stricker,0,0,0,1,0,-0.23165384297178793,0.42194092827004215,2.37,0.6535947712418301,1.53
11892128,2023-08-26,01:20:00,US Open,ATP US Open - Final,James Duckworth,Timofey Skatov,0,0,0,1,0,0.19249823071479122,0.6369426751592356,1.57,0.4444444444444444,2.25
11892209,2023-08-26,19:10:00,US Open,ATP US Open - Final,Emilio Nava,Eliot Spizzirri,1,0,0,1,0,0.40196078431372545,0.7352941176470588,1.36,0.3333333333333333,3.0
11892230,2023-08-26,19:10:00,US Open,ATP US Open - Final,Zdenek Kolar,Jakub Mensik,0,0,0,1,0,-0.4751131221719456,0.29411764705882354,3.4,0.7692307692307692,1.3
11892239,2023-08-26,19:10:00,US Open,ATP US Open - Final,Liam Broady,Sho Shimabukuro,0,0,0,1,0,0.12621916236374076,0.6024096385542169,1.66,0.47619047619047616,2.1
11892255,2023-08-26,20:55:00,US Open,ATP US Open - Final,Borna Gojo,Tomas Machac,1,0,0,1,0,-0.08139534883720934,0.5,2.0,0.5813953488372093,1.72
11891897,2023-08-25,04:35:00,ATP Winston-Salem,ATP Winston-Salem - Quarter-finals,Borna Coric,Manuel Cerundolo Juan,1,0,0,1,0,0.6111111111111112,0.8333333333333334,1.2,0.2222222222222222,4.5
11891856,2023-08-25,16:25:00,US Open,ATP US Open - Semi-finals,Thiago Seyboth Wild,Zdenek Kolar,0,0,0,1,0,0.16657255787690567,0.6211180124223602,1.61,0.45454545454545453,2.2
11891894,2023-08-25,16:40:00,US Open,ATP US Open - Semi-finals,Emilio Nava,Andrea Vavassori,1,0,0,1,0,0.2666666666666666,0.6666666666666666,1.5,0.4,2.5
11891560,2023-08-25,20:50:00,US Open,ATP US Open - Semi-finals,Borna Gojo,Adrian Andreev,1,0,0,1,0,0.35064935064935066,0.7142857142857143,1.4,0.36363636363636365,2.75
11891827,2023-08-25,21:10:00,US Open,ATP US Open - Semi-finals,Liam Broady,Jesper De Jong,1,0,0,1,0,0.0292397660818714,0.5555555555555556,1.8,0.5263157894736842,1.9
11890865,2023-08-24,00:10:00,US Open,ATP US Open - Quarter-finals,Egor Gerasimov,Shintaro Mochizuki,0,0,0,1,0,-0.44418739155581255,0.3076923076923077,3.25,0.7518796992481203,1.33
11891555,2023-08-24,00:35:00,ATP Winston-Salem,ATP Winston-Salem - 1/8-finals,Manuel Cerundolo Juan,Omni Kumar,1,0,0,1,0,0.1825013419216317,0.6172839506172839,1.62,0.4347826086956522,2.3
11890843,2023-08-24,00:50:00,US Open,ATP US Open - Quarter-finals,Tomas Barrios Vera,Emilio Nava,0,0,0,1,0,-0.2666666666666666,0.4,2.5,0.6666666666666666,1.5
11891557,2023-08-24,00:55:00,ATP Winston-Salem,ATP Winston-Salem - 1/8-finals,Borna Coric,Michael Mmoh,1,0,0,1,0,0.3308080808080808,0.6944444444444444,1.44,0.36363636363636365,2.75
11890858,2023-08-24,01:25:00,US Open,ATP US Open - Quarter-finals,Damir Dzumhur,Andrea Vavassori,0,0,0,1,0,-0.0292397660818714,0.5263157894736842,1.9,0.5555555555555556,1.8
11891463,2023-08-24,16:05:00,US Open,ATP US Open - Semi-finals,Federico Coria,Martin Damm,1,0,0,1,0,0.12621916236374076,0.6024096385542169,1.66,0.47619047619047616,2.1
11891508,2023-08-24,16:05:00,US Open,ATP US Open - Semi-finals,Alessandro Giannessi,Giulio Zeppieri,0,0,0,1,0,-0.569672131147541,0.25,4.0,0.819672131147541,1.22
11891464,2023-08-24,16:10:00,US Open,ATP US Open - Semi-finals,Enzo Couacaud,Mikhail Kukushkin,1,0,0,1,0,0.08139534883720934,0.5813953488372093,1.72,0.5,2.0
11891466,2023-08-24,16:15:00,US Open,ATP US Open - Semi-finals,Felipe Meligeni Alves,Facundo Bagnis,1,0,0,1,0,-0.08139534883720934,0.5,2.0,0.5813953488372093,1.72
11891511,2023-08-24,17:40:00,US Open,ATP US Open - Semi-finals,Agustin Tirante Thiago,Brandon Holt,1,0,0,1,0,-0.08139534883720934,0.5,2.0,0.5813953488372093,1.72
11891510,2023-08-24,17:55:00,US Open,ATP US Open - Semi-finals,Pablo Llamas Ruiz,Dominic Stricker,0,0,0,1,0,-0.23165384297178793,0.42194092827004215,2.37,0.6535947712418301,1.53
11891506,2023-08-24,18:40:00,US Open,ATP US Open - Semi-finals,Raul Brancaccio,Timofey Skatov,0,0,0,1,0,-0.2666666666666666,0.4,2.5,0.6666666666666666,1.5
11890868,2023-08-23,01:30:00,US Open,ATP US Open - Quarter-finals,Borna Gojo,Hamad Medjedovic,1,0,0,1,0,0.16657255787690567,0.6211180124223602,1.61,0.45454545454545453,2.2
11891139,2023-08-23,03:05:00,ATP Winston-Salem,ATP Winston-Salem - 1/16-finals,Michael Mmoh,Marcos Giron,1,0,0,1,0,-0.21677460793234488,0.42016806722689076,2.38,0.6369426751592356,1.57
11890873,2023-08-23,17:10:00,US Open,ATP US Open - Quarter-finals,David Ionel Nicholas,Marc Polmans,0,0,0,1,0,-0.2666666666666666,0.4,2.5,0.6666666666666666,1.5
11890886,2023-08-23,20:10:00,US Open,ATP US Open - Quarter-finals,Gauthier Onclin,Marco Trungelliti,1,0,0,1,0,0.08139534883720934,0.5813953488372093,1.72,0.5,2.0
11890848,2023-08-23,20:20:00,US Open,ATP US Open - Quarter-finals,Liam Broady,Jelle Sels,1,0,0,1,0,0.6953748006379585,0.8771929824561404,1.14,0.18181818181818182,5.5
11890875,2023-08-23,20:25:00,US Open,ATP US Open - Quarter-finals,Zdenek Kolar,Gijs Brouwer,1,0,0,1,0,-0.4955357142857143,0.2857142857142857,3.5,0.78125,1.28
11890889,2023-08-23,21:10:00,US Open,ATP US Open - Quarter-finals,Leandro Riedi,Flavio Cobolli,1,0,0,1,0,0.31276505513146735,0.6944444444444444,1.44,0.38167938931297707,2.62
11890854,2023-08-23,21:25:00,US Open,ATP US Open - Quarter-finals,Jesper De Jong,Tristan Boyer,1,0,0,1,0,0.2666666666666666,0.6666666666666666,1.5,0.4,2.5
11890898,2023-08-23,21:55:00,US Open,ATP US Open - Quarter-finals,Stefano Travaglia,Norbert Gombos,1,0,0,1,0,-0.0292397660818714,0.5263157894736842,1.9,0.5555555555555556,1.8
11890893,2023-08-23,22:00:00,US Open,ATP US Open - Quarter-finals,Thiago Seyboth Wild,Dimitar Kuzmanov,1,0,0,1,0,0.08139534883720934,0.5813953488372093,1.72,0.5,2.0
11891515,2023-08-23,22:05:00,ATP Winston-Salem,ATP Winston-Salem - 1/8-finals,Max Purcell,Tallon Griekspoor,1,0,0,1,0,-0.25359477124183005,0.4,2.5,0.6535947712418301,1.53
11891521,2023-08-23,22:05:00,ATP Winston-Salem,ATP Winston-Salem - 1/8-finals,Aleksandar Vukic,Sebastian Baez,0,0,0,1,0,0.1825013419216317,0.6172839506172839,1.62,0.4347826086956522,2.3
11890648,2023-08-22,00:25:00,ATP Winston-Salem,ATP Winston-Salem - 1/32-finals,Michael Mmoh,Darian King,1,0,0,1,0,0.48351648351648346,0.7692307692307692,1.3,0.2857142857142857,3.5
11890851,2023-08-22,17:10:00,US Open,ATP US Open - Quarter-finals,Federico Coria,Camilo Ugo Carabelli,1,0,0,1,0,0.16657255787690567,0.6211180124223602,1.61,0.45454545454545453,2.2
11890879,2023-08-22,17:10:00,US Open,ATP US Open - Quarter-finals,Felipe Meligeni Alves,Dalibor Svrcina,1,0,0,1,0,-0.0292397660818714,0.5263157894736842,1.9,0.5555555555555556,1.8
11890882,2023-08-22,18:55:00,US Open,ATP US Open - Quarter-finals,Jaume Munar,Enzo Couacaud,0,0,0,1,0,0.16657255787690567,0.6211180124223602,1.61,0.45454545454545453,2.2
11890847,2023-08-22,19:20:00,US Open,ATP US Open - Quarter-finals,Riccardo Bonadio,Giulio Zeppieri,0,0,0,1,0,-0.19249823071479122,0.4444444444444444,2.25,0.6369426751592356,1.57
11890890,2023-08-22,20:00:00,US Open,ATP US Open - Quarter-finals,Jurij Rodionov,Patrick Kypson,0,0,0,1,0,0.31276505513146735,0.6944444444444444,1.44,0.38167938931297707,2.62
11890842,2023-08-22,20:10:00,US Open,ATP US Open - Quarter-finals,Terence Atmane,Mate Valkusz,1,0,0,1,0,0.16657255787690567,0.6211180124223602,1.61,0.45454545454545453,2.2
11890862,2023-08-22,20:10:00,US Open,ATP US Open - Quarter-finals,Alexis Galarneau,Dominic Stricker,0,0,0,1,0,-0.23165384297178793,0.42194092827004215,2.37,0.6535947712418301,1.53
11891114,2023-08-22,20:10:00,ATP Winston-Salem,ATP Winston-Salem - 1/16-finals,Alex Michelsen,Sebastian Ofner,1,0,0,1,0,0.1825013419216317,0.6172839506172839,1.62,0.4347826086956522,2.3
11890899,2023-08-22,20:35:00,US Open,ATP US Open - Quarter-finals,Kaichi Uchida,Timofey Skatov,0,0,0,1,0,-0.16657255787690567,0.45454545454545453,2.2,0.6211180124223602,1.61
11890871,2023-08-22,20:40:00,US Open,ATP US Open - Quarter-finals,Brandon Holt,Alexander Ritschard,1,0,0,1,0,0.0292397660818714,0.5555555555555556,1.8,0.5263157894736842,1.9
11890883,2023-08-22,21:35:00,US Open,ATP US Open - Quarter-finals,Luca Nardi,Agustin Tirante Thiago,0,0,0,1,0,0.16657255787690567,0.6211180124223602,1.61,0.45454545454545453,2.2
11890664,2023-08-22,21:55:00,ATP Winston-Salem,ATP Winston-Salem - 1/16-finals,Yannick Hanfmann,Manuel Cerundolo Juan,0,0,0,1,0,0.4577620521892967,0.7518796992481203,1.33,0.29411764705882354,3.4
11891013,2023-08-22,22:20:00,ATP Winston-Salem,ATP Winston-Salem - 1/16-finals,Jack Draper,Tallon Griekspoor,0,0,0,1,0,0.0,0.5235602094240838,1.91,0.5235602094240838,1.91
11891146,2023-08-22,23:10:00,ATP Winston-Salem,ATP Winston-Salem - 1/16-finals,Aleksandar Vukic,Luca van Assche,1,0,0,1,0,0.21677460793234488,0.6369426751592356,1.57,0.42016806722689076,2.38
11890846,2023-08-22,23:35:00,US Open,ATP US Open - Quarter-finals,Geoffrey Blancaneaux,Benoit Paire,0,0,0,1,0,-0.2666666666666666,0.4,2.5,0.6666666666666666,1.5
11890404,2023-08-21,00:15:00,ATP Winston-Salem,ATP Winston-Salem - 1/32-finals,Radu Albot,Elahi Galan Daniel,0,0,0,1,0,-0.10184420589044874,0.47619047619047616,2.1,0.5780346820809249,1.73
11890408,2023-08-21,00:40:00,ATP Winston-Salem,ATP Winston-Salem - 1/32-finals,Alex Michelsen,Pablo Varillas Juan,1,0,0,1,0,0.48351648351648346,0.7692307692307692,1.3,0.2857142857142857,3.5
11890410,2023-08-21,03:15:00,ATP Winston-Salem,ATP Winston-Salem - 1/32-finals,Brandon Nakashima,Jason Kubler,1,0,0,1,0,0.42279411764705876,0.7352941176470588,1.36,0.3125,3.2
11890405,2023-08-21,20:10:00,ATP Winston-Salem,ATP Winston-Salem - 1/32-finals,Nuno Borges,Jack Draper,0,0,0,1,0,-0.380952380952381,0.3333333333333333,3.0,0.7142857142857143,1.4
11890645,2023-08-21,21:45:00,ATP Winston-Salem,ATP Winston-Salem - 1/32-finals,Pavel Kotov,Mitchell Krueger,0,0,0,1,0,0.10184420589044874,0.5780346820809249,1.73,0.47619047619047616,2.1
11890414,2023-08-20,21:05:00,ATP Winston-Salem,ATP Winston-Salem - 1/32-finals,Alexander Shevchenko,Marc-Andrea Huesler,0,0,0,1,0,0.14425694066412637,0.5988023952095809,1.67,0.45454545454545453,2.2
11890415,2023-08-20,21:10:00,ATP Winston-Salem,ATP Winston-Salem - 1/32-finals,Zhizhen Zhang,Ilya Ivashka,1,0,0,1,0,0.05555555555555558,0.5555555555555556,1.8,0.5,2.0
11890413,2023-08-20,21:15:00,ATP Winston-Salem,ATP Winston-Salem - 1/32-finals,Roman Safiullin,Manuel Cerundolo Juan,0,0,0,1,0,0.7182890855457228,0.8849557522123894,1.13,0.16666666666666666,6.0
11890409,2023-08-20,21:45:00,ATP Winston-Salem,ATP Winston-Salem - 1/32-finals,Alexandre Muller,Benjamin Bonzi,0,0,0,1,0,0.1825013419216317,0.6172839506172839,1.62,0.4347826086956522,2.3
11890186,2023-08-19,01:10:00,Cincinnati,ATP Cincinnati - Quarter-finals,Adrian Mannarino,Alexander Zverev,0,0,0,1,0,-0.588725248930451,0.23094688221709006,4.33,0.819672131147541,1.22
11889758,2023-08-17,00:05:00,Cincinnati,ATP Cincinnati - 1/16-finals,Holger Rune,Mackenzie McDonald,0,0,0,1,0,0.21677460793234488,0.6369426751592356,1.57,0.42016806722689076,2.38
11889512,2023-08-17,16:00:00,Cincinnati,ATP Cincinnati - 1/16-finals,Alexei Popyrin,Nicolas Jarry,1,0,0,1,0,-0.1478641840087624,0.45454545454545453,2.2,0.6024096385542169,1.66
11890025,2023-08-17,19:15:00,Cincinnati,ATP Cincinnati - 1/8-finals,Mackenzie McDonald,Adrian Mannarino,0,0,0,1,0,0.1825013419216317,0.6172839506172839,1.62,0.4347826086956522,2.3
11889255,2023-08-16,03:15:00,Cincinnati,ATP Cincinnati - 1/16-finals,Adrian Mannarino,Felix Auger-Aliassime,1,0,0,1,0,-0.25359477124183005,0.4,2.5,0.6535947712418301,1.53
11889314,2023-08-16,04:00:00,Cincinnati,ATP Cincinnati - 1/16-finals,Carlos Alcaraz,Jordan Thompson,1,0,0,1,0,0.8009259259259258,0.9259259259259258,1.08,0.125,8.0
11889734,2023-08-16,19:25:00,Cincinnati,ATP Cincinnati - 1/16-finals,Max Purcell,Casper Ruud,1,0,0,1,0,-0.4577620521892967,0.29411764705882354,3.4,0.7518796992481203,1.33
11888681,2023-08-15,17:00:00,Cincinnati,ATP Cincinnati - 1/32-finals,Karen Khachanov,Andy Murray,0,0,0,1,0,-0.05555555555555558,0.5,2.0,0.5555555555555556,1.8
11888980,2023-08-15,21:25:00,Cincinnati,ATP Cincinnati - 1/32-finals,Lorenzo Sonego,Alexander Shevchenko,1,0,0,1,0,0.25359477124183005,0.6535947712418301,1.53,0.4,2.5
11888977,2023-08-15,22:10:00,Cincinnati,ATP Cincinnati - 1/32-finals,Hubert Hurkacz,Thanasi Kokkinakis,1,0,0,1,0,0.3308080808080808,0.6944444444444444,1.44,0.36363636363636365,2.75
11888689,2023-08-14,01:40:00,Cincinnati,ATP Cincinnati - 1/32-finals,Frances Tiafoe,Tallon Griekspoor,1,0,0,1,0,0.2864385297845373,0.6666666666666666,1.5,0.3802281368821293,2.63
11888687,2023-08-14,19:45:00,Cincinnati,ATP Cincinnati - 1/32-finals,Roman Safiullin,Nicolas Jarry,0,0,0,1,0,-0.14425694066412637,0.45454545454545453,2.2,0.5988023952095809,1.67
11888978,2023-08-14,22:30:00,Cincinnati,ATP Cincinnati - 1/32-finals,John Isner,Jordan Thompson,0,0,0,1,0,-0.14425694066412637,0.45454545454545453,2.2,0.5988023952095809,1.67
11888858,2023-08-13,17:10:00,Cincinnati,ATP Cincinnati - Final,Jordan Thompson,Marc-Andrea Huesler,1,0,0,1,0,0.35064935064935066,0.7142857142857143,1.4,0.36363636363636365,2.75
11888884,2023-08-13,18:10:00,Cincinnati,ATP Cincinnati - Final,Alexander Shevchenko,Diego Schwartzman,1,0,0,1,0,-0.08139534883720934,0.5,2.0,0.5813953488372093,1.72
11888859,2023-08-13,18:15:00,Cincinnati,ATP Cincinnati - Final,Jason Kubler,Dusan Lajovic,0,0,0,1,0,0.19249823071479122,0.6369426751592356,1.57,0.4444444444444444,2.25
11888896,2023-08-13,18:50:00,Cincinnati,ATP Cincinnati - Final,Thanasi Kokkinakis,Elahi Galan Daniel,1,0,0,1,0,0.44418739155581255,0.7518796992481203,1.33,0.3076923076923077,3.25
11888679,2023-08-13,23:05:00,Cincinnati,ATP Cincinnati - 1/32-finals,Richard Gasquet,Adrian Mannarino,0,0,0,1,0,-0.21677460793234488,0.42016806722689076,2.38,0.6369426751592356,1.57
11888643,2023-08-12,16:05:00,Cincinnati,ATP Cincinnati - Semi-finals,Daniel Altmaier,Christopher O'Connell,1,0,0,1,0,-0.08139534883720934,0.5,2.0,0.5813953488372093,1.72
11888647,2023-08-12,18:45:00,Cincinnati,ATP Cincinnati - Semi-finals,Marton Fucsovics,Alexander Shevchenko,0,0,0,1,0,0.2666666666666666,0.6666666666666666,1.5,0.4,2.5
11888653,2023-08-12,19:00:00,Cincinnati,ATP Cincinnati - Semi-finals,Aleksandar Vukic,Jason Kubler,0,0,0,1,0,0.23165384297178793,0.6535947712418301,1.53,0.42194092827004215,2.37
11888649,2023-08-12,20:30:00,Cincinnati,ATP Cincinnati - Semi-finals,Jordan Thompson,Alexandre Muller,1,0,0,1,0,0.4751131221719456,0.7692307692307692,1.3,0.29411764705882354,3.4
11888651,2023-08-12,20:50:00,Cincinnati,ATP Cincinnati - Semi-finals,Alexei Popyrin,Ilya Ivashka,1,0,0,1,0,0.19249823071479122,0.6369426751592356,1.57,0.4444444444444444,2.25
11888796,2023-08-12,22:20:00,Cincinnati,ATP Cincinnati - Semi-finals,Hugo Gaston,Jason Kubler,0,0,0,1,0,-0.2666666666666666,0.4,2.5,0.6666666666666666,1.5
11888652,2023-08-12,22:40:00,Cincinnati,ATP Cincinnati - Semi-finals,Diego Schwartzman,Marcos Giron,1,0,0,1,0,-0.19249823071479122,0.4444444444444444,2.25,0.6369426751592356,1.57
11888650,2023-08-12,23:55:00,Cincinnati,ATP Cincinnati - Semi-finals,Nuno Borges,Elahi Galan Daniel,0,0,0,1,0,-0.08139534883720934,0.5,2.0,0.5813953488372093,1.72
11888654,2023-08-12,23:55:00,Cincinnati,ATP Cincinnati - Semi-finals,Laslo Djere,Thanasi Kokkinakis,0,0,0,1,0,-0.16657255787690567,0.45454545454545453,2.2,0.6211180124223602,1.61
11888297,2023-08-11,01:10:00,Toronto,ATP Toronto - 1/8-finals,Gael Monfils,Aleksandar Vukic,1,0,0,1,0,0.21677460793234488,0.6369426751592356,1.57,0.42016806722689076,2.38
11887876,2023-08-10,02:30:00,Toronto,ATP Toronto - 1/16-finals,Sebastian Korda,Aleksandar Vukic,0,0,0,1,0,0.42279411764705876,0.7352941176470588,1.36,0.3125,3.2
11887749,2023-08-10,03:15:00,Toronto,ATP Toronto - 1/16-finals,Marcos Giron,Holger Rune,1,0,0,1,0,-0.48351648351648346,0.2857142857142857,3.5,0.7692307692307692,1.3
11888221,2023-08-10,17:15:00,Toronto,ATP Toronto - 1/8-finals,Alejandro Davidovich Fokina,Casper Ruud,1,0,0,1,0,-0.10184420589044874,0.47619047619047616,2.1,0.5780346820809249,1.73
11886815,2023-08-09,02:25:00,Toronto,ATP Toronto - 1/32-finals,Ben Shelton,Bernabe Zapata Miralles,1,0,0,1,0,0.5085271317829456,0.7751937984496123,1.29,0.26666666666666666,3.75
11887398,2023-08-09,03:05:00,Toronto,ATP Toronto - 1/16-finals,Jiri Lehecka,Casper Ruud,0,0,0,1,0,-0.2864385297845373,0.3802281368821293,2.63,0.6666666666666666,1.5
11887399,2023-08-09,19:15:00,Toronto,ATP Toronto - 1/16-finals,Lorenzo Musetti,Thanasi Kokkinakis,1,0,0,1,0,0.14425694066412637,0.5988023952095809,1.67,0.45454545454545453,2.2
11887136,2023-08-08,02:00:00,Toronto,ATP Toronto - 1/32-finals,Tommy Paul,Diego Schwartzman,1,0,0,1,0,0.4577620521892967,0.7518796992481203,1.33,0.29411764705882354,3.4
11886810,2023-08-08,19:00:00,Toronto,ATP Toronto - 1/32-finals,Ugo Humbert,Nicolas Jarry,1,0,0,1,0,-0.05555555555555558,0.5,2.0,0.5555555555555556,1.8
11886817,2023-08-08,21:10:00,Toronto,ATP Toronto - 1/32-finals,Alexander Zverev,Tallon Griekspoor,1,0,0,1,0,0.48351648351648346,0.7692307692307692,1.3,0.2857142857142857,3.5
11887414,2023-08-08,21:35:00,Toronto,ATP Toronto - 1/32-finals,Aleksandar Vukic,Borna Coric,1,0,0,1,0,-0.3308080808080808,0.36363636363636365,2.75,0.6944444444444444,1.44
11886809,2023-08-07,18:15:00,Toronto,ATP Toronto - 1/32-finals,Alexis Galarneau,Francisco Cerundolo,0,0,0,1,0,-0.55,0.25,4.0,0.8,1.25
11887133,2023-08-07,21:40:00,Toronto,ATP Toronto - 1/32-finals,Zhizhen Zhang,Thanasi Kokkinakis,0,0,0,1,0,-0.3308080808080808,0.36363636363636365,2.75,0.6944444444444444,1.44
11887134,2023-08-07,23:25:00,Toronto,ATP Toronto - 1/32-finals,Adrian Mannarino,Taro Daniel,0,0,0,1,0,0.1825013419216317,0.6172839506172839,1.62,0.4347826086956522,2.3
11886857,2023-08-06,01:10:00,Washington,ATP Washington - Semi-finals,Taylor Fritz,Tallon Griekspoor,0,0,0,1,0,0.48351648351648346,0.7692307692307692,1.3,0.2857142857142857,3.5
11886910,2023-08-06,17:10:00,Toronto,ATP Toronto - Final,Thanasi Kokkinakis,Constant Lestienne,1,0,0,1,0,0.40196078431372545,0.7352941176470588,1.36,0.3333333333333333,3.0
11886911,2023-08-06,17:10:00,Toronto,ATP Toronto - Final,Aleksandar Vukic,Diego Schwartzman,0,0,0,1,0,0.19249823071479122,0.6369426751592356,1.57,0.4444444444444444,2.25
11886990,2023-08-06,18:10:00,Toronto,ATP Toronto - Final,Christopher O'Connell,Cristian Garin,0,0,0,1,0,-0.08139534883720934,0.5,2.0,0.5813953488372093,1.72
11886991,2023-08-06,18:50:00,Toronto,ATP Toronto - Final,Marcos Giron,Radu Albot,1,0,0,1,0,0.12621916236374076,0.6024096385542169,1.66,0.47619047619047616,2.1
11887084,2023-08-06,23:10:00,Washington,ATP Washington - Final,Tallon Griekspoor,Daniel Evans,0,0,0,1,0,0.05555555555555558,0.5555555555555556,1.8,0.5,2.0
11886729,2023-08-05,00:10:00,Washington,ATP Washington - Quarter-finals,John Wolf Jeffrey,Tallon Griekspoor,0,0,0,1,0,0.14425694066412637,0.5988023952095809,1.67,0.45454545454545453,2.2
11886764,2023-08-05,02:45:00,Washington,ATP Washington - Quarter-finals,Taylor Fritz,Jordan Thompson,1,0,0,1,0,0.31985580035200967,0.6907545164718385,1.4476923076923076,0.37089871611982883,2.696153846153846
11886824,2023-08-05,17:10:00,Toronto,ATP Toronto - Semi-finals,Thanasi Kokkinakis,Borna Gojo,1,0,0,1,0,0.40196078431372545,0.7352941176470588,1.36,0.3333333333333333,3.0
11886827,2023-08-05,17:10:00,Toronto,ATP Toronto - Semi-finals,Aleksandar Vukic,Dan Martin,1,0,0,1,0,0.9439908225926178,0.9784735812133074,1.0219999999999998,0.034482758620689655,29.0
11886829,2023-08-05,17:10:00,Toronto,ATP Toronto - Semi-finals,Liam Draxl,Diego Schwartzman,0,0,0,1,0,-0.6953748006379585,0.18181818181818182,5.5,0.8771929824561404,1.14
11886832,2023-08-05,18:30:00,Toronto,ATP Toronto - Semi-finals,Christopher O'Connell,Son Kwiatkowski Thai,1,0,0,1,0,0.7662337662337662,0.9090909090909091,1.1,0.14285714285714285,7.0
11886825,2023-08-05,20:15:00,Toronto,ATP Toronto - Semi-finals,Mukund Sasikumar,Radu Albot,0,0,0,1,0,-0.747054747054747,0.15384615384615385,6.5,0.9009009009009008,1.11
11886822,2023-08-05,22:05:00,Toronto,ATP Toronto - Semi-finals,Ilya Ivashka,Yosuke Watanuki,0,0,0,1,0,0.0,0.5464480874316939,1.83,0.5464480874316939,1.83
11886438,2023-08-04,07:05:00,Los Cabos,ATP Los Cabos - Quarter-finals,Stefanos Tsitsipas,Nicolas Jarry,1,0,0,1,0,0.48351648351648346,0.7692307692307692,1.3,0.2857142857142857,3.5
11886426,2023-08-04,10:20:00,Los Cabos,ATP Los Cabos - Quarter-finals,Borna Coric,Ilya Ivashka,1,0,0,1,0,0.4577620521892967,0.7518796992481203,1.33,0.29411764705882354,3.4
11886336,2023-08-04,20:10:00,Washington,ATP Washington - 1/8-finals,Christopher Eubanks,Jordan Thompson,0,0,0,1,0,-0.05555555555555558,0.5,2.0,0.5555555555555556,1.8
11886403,2023-08-04,20:10:00,Washington,ATP Washington - 1/8-finals,Tallon Griekspoor,Gael Monfils,1,0,0,1,0,0.10184420589044874,0.5780346820809249,1.73,0.47619047619047616,2.1
11886337,2023-08-04,21:10:00,Washington,ATP Washington - 1/8-finals,Alexander Shevchenko,Daniel Evans,0,0,0,1,0,-0.2150017468891935,0.42194092827004215,2.37,0.6369426751592356,1.57
11885567,2023-08-03,03:10:00,Los Cabos,ATP Los Cabos - 1/8-finals,Felipe Meligeni Alves,Tommy Paul,0,0,0,1,0,-0.747054747054747,0.15384615384615385,6.5,0.9009009009009008,1.11
11886067,2023-08-03,03:10:00,Los Cabos,ATP Los Cabos - 1/8-finals,Alex De Minaur,Agustin Tirante Thiago,1,0,0,1,0,0.8009259259259258,0.9259259259259258,1.08,0.125,8.0
11886069,2023-08-03,04:30:00,Los Cabos,ATP Los Cabos - 1/8-finals,Borna Coric,Jason Jung,1,0,0,1,0,0.6953748006379585,0.8771929824561404,1.14,0.18181818181818182,5.5
11886076,2023-08-03,04:40:00,Los Cabos,ATP Los Cabos - 1/8-finals,Borna Gojo,Ilya Ivashka,0,0,0,1,0,0.10184420589044874,0.5780346820809249,1.73,0.47619047619047616,2.1
11886077,2023-08-03,05:50:00,Los Cabos,ATP Los Cabos - 1/8-finals,Gijs Brouwer,Nicolas Jarry,0,0,0,1,0,-0.5085271317829456,0.26666666666666666,3.75,0.7751937984496123,1.29
11886180,2023-08-03,11:10:00,Kitzbuhel,ATP Kitzbuhel - Quarter-finals,Alex Molcan,Sebastian Baez,0,0,0,1,0,-0.3308080808080808,0.36363636363636365,2.75,0.6944444444444444,1.44
11886178,2023-08-03,16:30:00,Kitzbuhel,ATP Kitzbuhel - Quarter-finals,Laslo Djere,Pedro Cachin,1,0,0,1,0,0.05555555555555558,0.5555555555555556,1.8,0.5,2.0
11886240,2023-08-03,18:20:00,Washington,ATP Washington - 1/8-finals,Michael Mmoh,John Wolf Jeffrey,0,0,0,1,0,-0.4577620521892967,0.29411764705882354,3.4,0.7518796992481203,1.33
11885463,2023-08-02,02:55:00,Washington,ATP Washington - 1/16-finals,Sebastian Korda,Alexander Shevchenko,0,0,0,1,0,0.6111111111111112,0.8333333333333334,1.2,0.2222222222222222,4.5
11884952,2023-08-02,03:05:00,Los Cabos,ATP Los Cabos - 1/16-finals,Dominik Koepfer,Tomas Barrios Vera,1,0,0,1,0,0.380952380952381,0.7142857142857143,1.4,0.3333333333333333,3.0
11885460,2023-08-02,03:05:00,Los Cabos,ATP Los Cabos - 1/16-finals,Jason Jung,Ernesto Escobedo,1,0,0,1,0,-0.05555555555555558,0.5,2.0,0.5555555555555556,1.8
11884954,2023-08-02,05:10:00,Los Cabos,ATP Los Cabos - 1/16-finals,Rodrigo Pacheco Mendez,Nicolas Jarry,0,0,0,1,0,-0.8614718614718614,0.09090909090909091,11.0,0.9523809523809523,1.05
11885131,2023-08-02,05:50:00,Los Cabos,ATP Los Cabos - 1/16-finals,Beibit Zhukayev,Ilya Ivashka,0,0,0,1,0,-0.55,0.25,4.0,0.8,1.25
11884950,2023-08-02,06:50:00,Los Cabos,ATP Los Cabos - 1/16-finals,Borna Gojo,Cristian Garin,1,0,0,1,0,-0.14425694066412637,0.45454545454545453,2.2,0.5988023952095809,1.67
11885242,2023-08-02,12:50:00,Kitzbuhel,ATP Kitzbuhel - 1/8-finals,Sebastian Ofner,Alex Molcan,0,0,0,1,0,0.14425694066412637,0.5988023952095809,1.67,0.45454545454545453,2.2
11885244,2023-08-02,15:35:00,Kitzbuhel,ATP Kitzbuhel - 1/8-finals,Albert Ramos-Vinolas,Pedro Cachin,0,0,0,1,0,-0.14425694066412637,0.45454545454545453,2.2,0.5988023952095809,1.67
11885568,2023-08-02,18:10:00,Washington,ATP Washington - 1/16-finals,Radu Albot,John Wolf Jeffrey,0,0,0,1,0,-0.48351648351648346,0.2857142857142857,3.5,0.7692307692307692,1.3
11885839,2023-08-02,18:10:00,Washington,ATP Washington - 1/16-finals,Ugo Humbert,Thanasi Kokkinakis,1,0,0,1,0,0.25359477124183005,0.6535947712418301,1.53,0.4,2.5
11886019,2023-08-02,20:10:00,Washington,ATP Washington - 1/16-finals,Jordan Thompson,Adrian Mannarino,1,0,0,1,0,0.05555555555555558,0.5555555555555556,1.8,0.5,2.0
11885553,2023-08-02,22:25:00,Washington,ATP Washington - 1/16-finals,Tallon Griekspoor,Liam Broady,1,0,0,1,0,0.21677460793234488,0.6369426751592356,1.57,0.42016806722689076,2.38
11884543,2023-08-01,00:35:00,Washington,ATP Washington - 1/32-finals,Marcos Giron,Radu Albot,0,0,0,1,0,0.42279411764705876,0.7352941176470588,1.36,0.3125,3.2
11884955,2023-08-01,03:10:00,Los Cabos,ATP Los Cabos - 1/16-finals,Alejandro Tabilo,Felipe Meligeni Alves,0,0,0,1,0,0.42279411764705876,0.7352941176470588,1.36,0.3125,3.2
11885129,2023-08-01,07:00:00,Los Cabos,ATP Los Cabos - 1/16-finals,Gonzalo Lama,Agustin Tirante Thiago,0,0,0,1,0,-0.6547008547008548,0.2,5.0,0.8547008547008548,1.17
11884742,2023-08-01,15:40:00,Kitzbuhel,ATP Kitzbuhel - 1/16-finals,Laslo Djere,Christopher O'Connell,1,0,0,1,0,0.3308080808080808,0.6944444444444444,1.44,0.36363636363636365,2.75
11885653,2023-08-01,17:45:00,Kitzbuhel,ATP Kitzbuhel - 1/16-finals,Manuel Cerundolo Juan,Arthur Rinderknech,0,0,0,1,0,-0.21677460793234488,0.42016806722689076,2.38,0.6369426751592356,1.57
11884542,2023-08-01,18:10:00,Washington,ATP Washington - 1/32-finals,Taro Daniel,Thanasi Kokkinakis,0,0,0,1,0,-0.21677460793234488,0.42016806722689076,2.38,0.6369426751592356,1.57
11884548,2023-08-01,21:05:00,Washington,ATP Washington - 1/32-finals,Aleksandar Vukic,Brandon Nakashima,0,0,0,1,0,-0.380952380952381,0.3333333333333333,3.0,0.7142857142857143,1.4
11885462,2023-08-01,21:45:00,Washington,ATP Washington - 1/16-finals,Hubert Hurkacz,Michael Mmoh,0,0,0,1,0,0.6111111111111112,0.8333333333333334,1.2,0.2222222222222222,4.5
11884540,2023-08-01,23:55:00,Washington,ATP Washington - 1/32-finals,Kevin Anderson,Jordan Thompson,0,0,0,1,0,-0.2864385297845373,0.3802281368821293,2.63,0.6666666666666666,1.5
11885001,2023-07-31,04:55:00,Los Cabos,ATP Los Cabos - Final,Omni Kumar,Jason Jung,1,0,0,1,0,-0.31276505513146735,0.38167938931297707,2.62,0.6944444444444444,1.44
11884748,2023-07-31,11:05:00,Kitzbuhel,ATP Kitzbuhel - 1/16-finals,Luca van Assche,Alex Molcan,0,0,0,1,0,0.10184420589044874,0.5780346820809249,1.73,0.47619047619047616,2.1
11884747,2023-07-31,12:25:00,Kitzbuhel,ATP Kitzbuhel - 1/16-finals,Albert Ramos-Vinolas,Pablo Varillas Juan,1,0,0,1,0,-0.05555555555555558,0.5,2.0,0.5555555555555556,1.8
11884541,2023-07-31,19:45:00,Washington,ATP Washington - 1/32-finals,Maxime Cressy,Alexander Shevchenko,0,0,0,1,0,0.2864385297845373,0.6666666666666666,1.5,0.3802281368821293,2.63
11885111,2023-07-31,19:55:00,Washington,ATP Washington - 1/32-finals,Bradley Klahn,Michael Mmoh,0,0,0,1,0,-0.48351648351648346,0.2857142857142857,3.5,0.7692307692307692,1.3
11884953,2023-07-31,20:00:00,Los Cabos,ATP Los Cabos - 1/16-finals,Nicolas Moreno De Alboran,Ernesto Escobedo,0,0,0,1,0,0.6111111111111112,0.8333333333333334,1.2,0.2222222222222222,4.5
11884545,2023-07-31,22:40:00,Washington,ATP Washington - 1/32-finals,Mackenzie McDonald,Diego Schwartzman,1,0,0,1,0,0.25359477124183005,0.6535947712418301,1.53,0.4,2.5
11884546,2023-07-31,22:40:00,Washington,ATP Washington - 1/32-finals,Corentin Moutet,Liam Broady,0,0,0,1,0,-0.05555555555555558,0.5,2.0,0.5555555555555556,1.8
11884641,2023-07-30,01:10:00,ATP Atlanta,ATP Atlanta - Semi-finals,Aleksandar Vukic,Ugo Humbert,1,0,0,1,0,-0.2864385297845373,0.3802281368821293,2.63,0.6666666666666666,1.5
11884614,2023-07-30,06:10:00,Los Cabos,ATP Los Cabos - Semi-finals,Alexander Cozbinov,Jason Jung,0,0,0,1,0,-0.5333333333333334,0.26666666666666666,3.75,0.8,1.25
11884802,2023-07-30,14:15:00,Kitzbuhel,ATP Kitzbuhel - Final,Manuel Cerundolo Juan,Guido Andreozzi,0,0,0,1,0,0.19249823071479122,0.6369426751592356,1.57,0.4444444444444444,2.25
11884976,2023-07-30,20:20:00,Washington,ATP Washington - Final,Alexis Galarneau,Bjorn Fratangelo,0,0,0,1,0,0.23165384297178793,0.6535947712418301,1.53,0.42194092827004215,2.37
11884975,2023-07-30,22:10:00,ATP Atlanta,ATP Atlanta - Final,Taylor Fritz,Aleksandar Vukic,1,0,0,1,0,0.6547008547008548,0.8547008547008548,1.17,0.2,5.0
11884075,2023-07-29,03:50:00,ATP Atlanta,ATP Atlanta - Quarter-finals,Christopher Eubanks,Aleksandar Vukic,0,0,0,1,0,0.25359477124183005,0.6535947712418301,1.53,0.4,2.5
11884564,2023-07-29,12:30:00,Kitzbuhel,ATP Kitzbuhel - Semi-finals,Guido Andreozzi,Jesper De Jong,1,0,0,1,0,-0.12621916236374076,0.47619047619047616,2.1,0.6024096385542169,1.66
11884566,2023-07-29,12:35:00,Kitzbuhel,ATP Kitzbuhel - Semi-finals,Federico Coria,Lukas Neumayer,0,0,0,1,0,0.40196078431372545,0.7352941176470588,1.36,0.3333333333333333,3.0
11884567,2023-07-29,15:20:00,Kitzbuhel,ATP Kitzbuhel - Semi-finals,Manuel Cerundolo Juan,Francesco Maestrelli,1,0,0,1,0,0.12621916236374076,0.6024096385542169,1.66,0.47619047619047616,2.1
11884193,2023-07-28,19:10:00,Hamburg,ATP Hamburg - Quarter-finals,Casper Ruud,Arthur Fils,0,0,0,1,0,0.55,0.8,1.25,0.25,4.0
11883212,2023-07-27,01:10:00,ATP Atlanta,ATP Atlanta - 1/8-finals,Thanasi Kokkinakis,Alex De Minaur,0,0,0,1,0,-0.48351648351648346,0.2857142857142857,3.5,0.7692307692307692,1.3
11883857,2023-07-27,15:55:00,Hamburg,ATP Hamburg - 1/8-finals,Casper Ruud,Cristian Garin,1,0,0,1,0,0.588725248930451,0.819672131147541,1.22,0.23094688221709006,4.33
11883859,2023-07-27,18:45:00,ATP Umag,ATP Umag - 1/8-finals,Stan Wawrinka,Federico Coria,1,0,0,1,0,0.2864385297845373,0.6666666666666666,1.5,0.3802281368821293,2.63
11882516,2023-07-26,14:05:00,Hamburg,ATP Hamburg - 1/16-finals,Bernabe Zapata Miralles,Andrey Rublev,0,0,0,1,0,-0.7182890855457228,0.16666666666666666,6.0,0.8849557522123894,1.13
11882663,2023-07-26,16:05:00,ATP Umag,ATP Umag - 1/16-finals,Marco Cecchinato,Alexander Shevchenko,1,0,0,1,0,-0.2864385297845373,0.3802281368821293,2.63,0.6666666666666666,1.5
11882666,2023-07-26,16:30:00,ATP Umag,ATP Umag - 1/16-finals,Fabian Marozsan,Manuel Cerundolo Juan,1,0,0,1,0,0.21677460793234488,0.6369426751592356,1.57,0.42016806722689076,2.38
11883064,2023-07-26,17:10:00,ATP Umag,ATP Umag - 1/8-finals,Sebastian Ofner,Alexei Popyrin,0,0,0,1,0,0.21677460793234488,0.6369426751592356,1.57,0.42016806722689076,2.38
11882512,2023-07-26,17:20:00,Hamburg,ATP Hamburg - 1/16-finals,Casper Ruud,Sebastian Baez,1,0,0,1,0,0.6547008547008548,0.8547008547008548,1.17,0.2,5.0
11883339,2023-07-26,18:35:00,ATP Umag,ATP Umag - 1/8-finals,Flavio Cobolli,Matteo Arnaldi,0,0,0,1,0,-0.3308080808080808,0.36363636363636365,2.75,0.6944444444444444,1.44
11882665,2023-07-26,19:10:00,ATP Umag,ATP Umag - 1/16-finals,Marc-Andrea Huesler,Federico Coria,0,0,0,1,0,-0.14425694066412637,0.45454545454545453,2.2,0.5988023952095809,1.67
11883340,2023-07-26,19:45:00,ATP Umag,ATP Umag - 1/8-finals,Dino Prizmic,Zsombor Piros,1,0,0,1,0,0.05555555555555558,0.5555555555555556,1.8,0.5,2.0
11883062,2023-07-26,21:05:00,ATP Atlanta,ATP Atlanta - 1/8-finals,Aleksandar Vukic,Yoshihito Nishioka,1,0,0,1,0,-0.10184420589044874,0.47619047619047616,2.1,0.5780346820809249,1.73
11882657,2023-07-25,01:10:00,ATP Atlanta,ATP Atlanta - 1/16-finals,Gael Monfils,Thanasi Kokkinakis,0,0,0,1,0,-0.25359477124183005,0.4,2.5,0.6535947712418301,1.53
11882852,2023-07-25,03:30:00,ATP Atlanta,ATP Atlanta - 1/16-finals,Jason Jung,John Wolf Jeffrey,0,0,0,1,0,-0.6620689655172414,0.2,5.0,0.8620689655172414,1.16
11882868,2023-07-25,11:05:00,Hamburg,ATP Hamburg - 1/16-finals,Thiago Seyboth Wild,Pablo Varillas Juan,0,0,0,1,0,0.05555555555555558,0.5555555555555556,1.8,0.5,2.0
11882517,2023-07-25,14:35:00,Hamburg,ATP Hamburg - 1/16-finals,Alexander Zverev,Alex Molcan,1,0,0,1,0,0.6953748006379585,0.8771929824561404,1.14,0.18181818181818182,5.5
11882507,2023-07-25,16:05:00,Hamburg,ATP Hamburg - 1/16-finals,Pedro Cachin,Alejandro Davidovich Fokina,0,0,0,1,0,-0.2864385297845373,0.3802281368821293,2.63,0.6666666666666666,1.5
11882667,2023-07-25,16:35:00,ATP Umag,ATP Umag - 1/16-finals,Zsombor Piros,Christopher O'Connell,1,0,0,1,0,-0.10184420589044874,0.47619047619047616,2.1,0.5780346820809249,1.73
11882870,2023-07-25,16:40:00,ATP Umag,ATP Umag - 1/16-finals,Jesper De Jong,Matteo Arnaldi,0,0,0,1,0,-0.3308080808080808,0.36363636363636365,2.75,0.6944444444444444,1.44
11882660,2023-07-25,17:10:00,ATP Atlanta,ATP Atlanta - 1/16-finals,Jordan Thompson,Kei Nishikori,0,0,0,1,0,0.05555555555555558,0.5555555555555556,1.8,0.5,2.0
11882515,2023-07-24,10:00:00,Hamburg,ATP Hamburg - 1/16-finals,Botic Van De Zandschulp,Pablo Varillas Juan,0,0,0,1,0,0.10520487264673317,0.5813953488372093,1.72,0.47619047619047616,2.1
11882514,2023-07-24,11:10:00,Hamburg,ATP Hamburg - 1/16-finals,Luca van Assche,Alexandre Muller,1,0,0,1,0,0.14425694066412637,0.5988023952095809,1.67,0.45454545454545453,2.2
11882662,2023-07-24,16:40:00,ATP Umag,ATP Umag - 1/16-finals,Duje Ajdukovic,Dino Prizmic,0,0,0,1,0,-0.25359477124183005,0.4,2.5,0.6535947712418301,1.53
11882659,2023-07-24,19:10:00,ATP Atlanta,ATP Atlanta - 1/16-finals,Ethan Quinn,Aleksandar Vukic,0,0,0,1,0,-0.42279411764705876,0.3125,3.2,0.7352941176470588,1.36
11882856,2023-07-24,21:10:00,ATP Umag,ATP Umag - 1/16-finals,Marin Cilic,Flavio Cobolli,0,0,0,1,0,-0.21677460793234488,0.42016806722689076,2.38,0.6369426751592356,1.57
11882482,2023-07-23,11:45:00,Gstaad,ATP Gstaad - Final,Pedro Cachin,Albert Ramos-Vinolas,1,0,0,1,0,0.14425694066412637,0.5988023952095809,1.67,0.45454545454545453,2.2
11882569,2023-07-23,14:10:00,ATP Bastad,ATP Bastad - Final,Casper Ruud,Andrey Rublev,0,0,0,1,0,0.25359477124183005,0.6535947712418301,1.53,0.4,2.5
11882714,2023-07-23,16:05:00,ATP Umag,ATP Umag - Final,Tomas Barrios Vera,Jesper De Jong,0,0,0,1,0,0.0292397660818714,0.5555555555555556,1.8,0.5263157894736842,1.9
11882604,2023-07-23,16:10:00,ATP Umag,ATP Umag - Final,Timofey Skatov,Facundo Bagnis,0,0,0,1,0,-0.12621916236374076,0.47619047619047616,2.1,0.6024096385542169,1.66
11882710,2023-07-23,17:10:00,ATP Atlanta,ATP Atlanta - Final,Gabriel Diallo,Jason Jung,0,0,0,1,0,0.40196078431372545,0.7352941176470588,1.36,0.3333333333333333,3.0
11882734,2023-07-23,18:55:00,ATP Atlanta,ATP Atlanta - Final,Michael Mmoh,Lloyd Harris,0,0,0,1,0,-0.2666666666666666,0.4,2.5,0.6666666666666666,1.5
11882715,2023-07-23,19:20:00,ATP Umag,ATP Umag - Final,Zdenek Kolar,Flavio Cobolli,0,0,0,1,0,-0.31276505513146735,0.38167938931297707,2.62,0.6944444444444444,1.44
11882713,2023-07-23,20:40:00,ATP Newport,ATP Newport - Final,Alex Michelsen,Adrian Mannarino,0,0,0,1,0,-0.14425694066412637,0.45454545454545453,2.2,0.5988023952095809,1.67
11882352,2023-07-22,10:40:00,Hamburg,ATP Hamburg - Semi-finals,Kimmer Coppejans,Agustin Tirante Thiago,1,0,0,1,0,-0.08139534883720934,0.5,2.0,0.5813953488372093,1.72
11882314,2023-07-22,13:10:00,ATP Bastad,ATP Bastad - Semi-finals,Casper Ruud,Lorenzo Musetti,1,0,0,1,0,0.3308080808080808,0.6944444444444444,1.44,0.36363636363636365,2.75
11882351,2023-07-22,13:40:00,Gstaad,ATP Gstaad - Semi-finals,Pedro Cachin,Hamad Medjedovic,1,0,0,1,0,0.10184420589044874,0.5780346820809249,1.73,0.47619047619047616,2.1
11882356,2023-07-22,14:05:00,Hamburg,ATP Hamburg - Semi-finals,Pavel Kotov,Jozef Kovalik,0,0,0,1,0,0.16657255787690567,0.6211180124223602,1.61,0.45454545454545453,2.2
11882447,2023-07-22,17:50:00,ATP Atlanta,ATP Atlanta - Semi-finals,Jason Jung,Shintaro Mochizuki,1,0,0,1,0,-0.2666666666666666,0.4,2.5,0.6666666666666666,1.5
11882362,2023-07-22,18:40:00,ATP Umag,ATP Umag - Semi-finals,Tomas Barrios Vera,Nino Serdarusic,1,0,0,1,0,0.2666666666666666,0.6666666666666666,1.5,0.4,2.5
11882360,2023-07-22,18:55:00,ATP Umag,ATP Umag - Semi-finals,Jesper De Jong,Raul Brancaccio,1,0,0,1,0,0.35064935064935066,0.7142857142857143,1.4,0.36363636363636365,2.75
11882363,2023-07-22,18:55:00,ATP Umag,ATP Umag - Semi-finals,Timofey Skatov,Jerko Brkic,1,0,0,1,0,0.9215686274509803,0.9803921568627451,1.02,0.058823529411764705,17.0
11882298,2023-07-22,19:25:00,ATP Newport,ATP Newport - Semi-finals,Ugo Humbert,Adrian Mannarino,0,0,0,1,0,-0.05555555555555558,0.5,2.0,0.5555555555555556,1.8
11882367,2023-07-22,20:25:00,ATP Umag,ATP Umag - Semi-finals,Andrea Vavassori,Zdenek Kolar,0,0,0,1,0,0.23165384297178793,0.6535947712418301,1.53,0.42194092827004215,2.37
11882449,2023-07-22,22:00:00,ATP Atlanta,ATP Atlanta - Semi-finals,Michael Mmoh,Tennys Sandgren,1,0,0,1,0,0.40196078431372545,0.7352941176470588,1.36,0.3333333333333333,3.0
11882364,2023-07-22,22:15:00,ATP Umag,ATP Umag - Semi-finals,Flavio Cobolli,Luca Nardi,1,0,0,1,0,0.16657255787690567,0.6211180124223602,1.61,0.45454545454545453,2.2
11882133,2023-07-21,13:45:00,ATP Bastad,ATP Bastad - Quarter-finals,Casper Ruud,Sebastian Ofner,1,0,0,1,0,0.6547008547008548,0.8547008547008548,1.17,0.2,5.0
11882102,2023-07-21,14:00:00,Gstaad,ATP Gstaad - Quarter-finals,Pablo Varillas Juan,Albert Ramos-Vinolas,0,0,0,1,0,0.21677460793234488,0.6369426751592356,1.57,0.42016806722689076,2.38
11882050,2023-07-21,16:55:00,ATP Bastad,ATP Bastad - Quarter-finals,Federico Coria,Francisco Cerundolo,0,0,0,1,0,-0.5085271317829456,0.26666666666666666,3.75,0.7751937984496123,1.29
11882162,2023-07-21,17:00:00,Gstaad,ATP Gstaad - Quarter-finals,Pedro Cachin,Jaume Munar,1,0,0,1,0,-0.05555555555555558,0.5,2.0,0.5555555555555556,1.8
11881352,2023-07-20,10:40:00,Gstaad,ATP Gstaad - 1/8-finals,Pablo Varillas Juan,Facundo Bagnis,1,0,0,1,0,0.3308080808080808,0.6944444444444444,1.44,0.36363636363636365,2.75
11881573,2023-07-20,11:10:00,ATP Bastad,ATP Bastad - 1/8-finals,Bernabe Zapata Miralles,Sebastian Ofner,0,0,0,1,0,-0.14425694066412637,0.45454545454545453,2.2,0.5988023952095809,1.67
11881572,2023-07-20,14:00:00,ATP Bastad,ATP Bastad - 1/8-finals,Casper Ruud,Alexander Shevchenko,1,0,0,1,0,0.6953748006379585,0.8771929824561404,1.14,0.18181818181818182,5.5
11881311,2023-07-20,15:05:00,Gstaad,ATP Gstaad - 1/8-finals,Roberto Bautista-Agut,Pedro Cachin,0,0,0,1,0,0.10184420589044874,0.5780346820809249,1.73,0.47619047619047616,2.1
11881349,2023-07-20,17:00:00,ATP Bastad,ATP Bastad - 1/8-finals,Pavel Kotov,Andrey Rublev,0,0,0,1,0,-0.6547008547008548,0.2,5.0,0.8547008547008548,1.17
11881966,2023-07-20,19:00:00,ATP Newport,ATP Newport - Quarter-finals,Jordan Thompson,Adrian Mannarino,0,0,0,1,0,0.14425694066412637,0.5988023952095809,1.67,0.45454545454545453,2.2
11881153,2023-07-19,10:35:00,Gstaad,ATP Gstaad - 1/8-finals,Zizou Bergs,Jurij Rodionov,1,0,0,1,0,0.10184420589044874,0.5780346820809249,1.73,0.47619047619047616,2.1
11881154,2023-07-19,17:10:00,ATP Newport,ATP Newport - 1/8-finals,Jordan Thompson,Liam Broady,1,0,0,1,0,0.2864385297845373,0.6666666666666666,1.5,0.3802281368821293,2.63
11881216,2023-07-19,17:10:00,ATP Newport,ATP Newport - 1/8-finals,Rinky Hijikata,Adrian Mannarino,0,0,0,1,0,-0.2864385297845373,0.3802281368821293,2.63,0.6666666666666666,1.5
11881351,2023-07-19,19:00:00,Gstaad,ATP Gstaad - 1/8-finals,Dominic Stricker,Miomir Kecmanovic,0,0,0,1,0,0.10184420589044874,0.5780346820809249,1.73,0.47619047619047616,2.1
11881411,2023-07-19,21:10:00,ATP Bastad,ATP Bastad - 1/8-finals,Federico Coria,Leo Borg,1,0,0,1,0,0.6547008547008548,0.8547008547008548,1.17,0.2,5.0
11880560,2023-07-18,10:35:00,Gstaad,ATP Gstaad - 1/16-finals,Pedro Cachin,Taro Daniel,1,0,0,1,0,0.14425694066412637,0.5988023952095809,1.67,0.45454545454545453,2.2
11880566,2023-07-18,12:00:00,Gstaad,ATP Gstaad - 1/16-finals,Mikael Ymer,Pablo Varillas Juan,0,0,0,1,0,-0.05555555555555558,0.5,2.0,0.5555555555555556,1.8
11880561,2023-07-18,12:55:00,Gstaad,ATP Gstaad - 1/16-finals,Arthur Fils,Dominic Stricker,0,0,0,1,0,0.14425694066412637,0.5988023952095809,1.67,0.45454545454545453,2.2
11880552,2023-07-18,13:20:00,ATP Bastad,ATP Bastad - 1/16-finals,Sebastian Baez,Federico Coria,0,0,0,1,0,0.4577620521892967,0.7518796992481203,1.33,0.29411764705882354,3.4
11880946,2023-07-18,13:50:00,ATP Bastad,ATP Bastad - 1/16-finals,Marco Cecchinato,Pavel Kotov,0,0,0,1,0,0.1825013419216317,0.6172839506172839,1.62,0.4347826086956522,2.3
11880947,2023-07-18,15:10:00,ATP Bastad,ATP Bastad - 1/16-finals,Hugo Dellien,Bernabe Zapata Miralles,0,0,0,1,0,-0.1825013419216317,0.4347826086956522,2.3,0.6172839506172839,1.62
11880558,2023-07-18,15:15:00,ATP Bastad,ATP Bastad - 1/16-finals,Alexander Zverev,Alex Molcan,1,0,0,1,0,0.6953748006379585,0.8771929824561404,1.14,0.18181818181818182,5.5
11880553,2023-07-18,17:05:00,ATP Bastad,ATP Bastad - 1/16-finals,Manuel Cerundolo Juan,Alexander Shevchenko,0,0,0,1,0,0.10184420589044874,0.5780346820809249,1.73,0.47619047619047616,2.1
11880556,2023-07-18,17:45:00,ATP Bastad,ATP Bastad - 1/16-finals,Sebastian Ofner,Martin Etcheverry Tomas,1,0,0,1,0,-0.380952380952381,0.3333333333333333,3.0,0.7142857142857143,1.4
11881232,2023-07-18,23:20:00,ATP Newport,ATP Newport - 1/16-finals,Li Tu,Aleksandar Vukic,1,0,0,1,0,-0.5085271317829456,0.26666666666666666,3.75,0.7751937984496123,1.29
11880590,2023-07-17,10:05:00,ATP Bastad,ATP Bastad - Semi-finals,Pavel Kotov,Max Dahlin,1,0,0,1,0,0.7662337662337662,0.9090909090909091,1.1,0.14285714285714285,7.0
11880592,2023-07-17,10:05:00,ATP Bastad,ATP Bastad - Semi-finals,Timofey Skatov,Denis Yevseyev,1,0,0,1,0,0.5333333333333334,0.8,1.25,0.26666666666666666,3.75
11880563,2023-07-17,12:15:00,Gstaad,ATP Gstaad - 1/16-finals,Jaume Munar,Alexander Ritschard,1,0,0,1,0,0.3308080808080808,0.6944444444444444,1.44,0.36363636363636365,2.75
11880892,2023-07-17,13:35:00,ATP Bastad,ATP Bastad - Final,Timofey Skatov,Hugo Dellien,0,0,0,1,0,-0.2666666666666666,0.4,2.5,0.6666666666666666,1.5
11880893,2023-07-17,13:40:00,ATP Bastad,ATP Bastad - Final,Pavel Kotov,Enzo Couacaud,1,0,0,1,0,0.2666666666666666,0.6666666666666666,1.5,0.4,2.5
11880562,2023-07-17,13:50:00,Gstaad,ATP Gstaad - 1/16-finals,Alexandre Muller,Dominic Thiem,0,0,0,1,0,-0.10184420589044874,0.47619047619047616,2.1,0.5780346820809249,1.73
11880649,2023-07-17,17:10:00,ATP Newport,ATP Newport - 1/16-finals,Liam Broady,Shintaro Mochizuki,1,0,0,1,0,0.3308080808080808,0.6944444444444444,1.44,0.36363636363636365,2.75
11880801,2023-07-17,17:35:00,Gstaad,ATP Gstaad - 1/16-finals,Marc-Andrea Huesler,Jurij Rodionov,0,0,0,1,0,0.10184420589044874,0.5780346820809249,1.73,0.47619047619047616,2.1
11880656,2023-07-17,18:45:00,ATP Newport,ATP Newport - 1/16-finals,Jordan Thompson,Aleksandar Kovacevic,1,0,0,1,0,0.48351648351648346,0.7692307692307692,1.3,0.2857142857142857,3.5
11880717,2023-07-17,19:00:00,ATP Newport,ATP Newport - Semi-finals,Altug Celikbilek,Alafia Ayeni,1,0,0,1,0,0.43891286540413005,0.7604562737642586,1.315,0.32154340836012857,3.1100000000000003
11880496,2023-07-16,10:35:00,Gstaad,ATP Gstaad - Final,Jurij Rodionov,Maximilian Neuchrist,1,0,0,1,0,0.31276505513146735,0.6944444444444444,1.44,0.38167938931297707,2.62
11880503,2023-07-16,10:35:00,Gstaad,ATP Gstaad - Final,Facundo Bagnis,Geoffrey Blancaneaux,1,0,0,1,0,0.2666666666666666,0.6666666666666666,1.5,0.4,2.5
11880593,2023-07-16,10:35:00,ATP Bastad,ATP Bastad - Semi-finals,Andrea Vavassori,Alberto Olivieri Genaro,0,0,0,1,0,0.2666666666666666,0.6666666666666666,1.5,0.4,2.5
11880537,2023-07-16,12:30:00,Gstaad,ATP Gstaad - Final,Zizou Bergs,Marco Trungelliti,1,0,0,1,0,0.19249823071479122,0.6369426751592356,1.57,0.4444444444444444,2.25
11880586,2023-07-16,12:40:00,ATP Bastad,ATP Bastad - Semi-finals,Andrea Collarini,Enzo Couacaud,0,0,0,1,0,0.0292397660818714,0.5555555555555556,1.8,0.5263157894736842,1.9
11880587,2023-07-16,15:50:00,ATP Bastad,ATP Bastad - Semi-finals,Hugo Dellien,Luca Nardi,1,0,0,1,0,-0.08139534883720934,0.5,2.0,0.5813953488372093,1.72
11880716,2023-07-16,20:25:00,ATP Newport,ATP Newport - Semi-finals,Ramkumar Ramanathan,Alex Bolt,0,0,0,1,0,-0.4955357142857143,0.2857142857142857,3.5,0.78125,1.28
11880422,2023-07-15,10:35:00,Gstaad,ATP Gstaad - Semi-finals,Jurij Rodionov,Mika Brunold,1,0,0,1,0,0.8234683281412254,0.9345794392523364,1.07,0.1111111111111111,9.0
11880424,2023-07-15,12:05:00,Gstaad,ATP Gstaad - Semi-finals,Geoffrey Blancaneaux,Raul Brancaccio,1,0,0,1,0,0.12621916236374076,0.6024096385542169,1.66,0.47619047619047616,2.1
11880426,2023-07-15,14:25:00,Gstaad,ATP Gstaad - Semi-finals,Marco Trungelliti,Agustin Tirante Thiago,1,0,0,1,0,-0.31276505513146735,0.38167938931297707,2.62,0.6944444444444444,1.44
11879286,2023-07-12,17:10:00,Wimbledon,ATP Wimbledon - Quarter-finals,Carlos Alcaraz,Holger Rune,1,0,0,1,0,0.588725248930451,0.819672131147541,1.22,0.23094688221709006,4.33
11878912,2023-07-10,18:00:00,Wimbledon,ATP Wimbledon - 1/8-finals,Grigor Dimitrov,Holger Rune,0,0,0,1,0,0.21677460793234488,0.6369426751592356,1.57,0.42016806722689076,2.38
11878662,2023-07-09,15:20:00,Wimbledon,ATP Wimbledon - 1/8-finals,Roman Safiullin,Denis Shapovalov,1,0,0,1,0,-0.21677460793234488,0.42016806722689076,2.38,0.6369426751592356,1.57
11878627,2023-07-08,13:25:00,Wimbledon,ATP Wimbledon - 1/16-finals,Christopher Eubanks,Christopher O'Connell,1,0,0,1,0,0.25359477124183005,0.6535947712418301,1.53,0.4,2.5
11878629,2023-07-08,14:40:00,Wimbledon,ATP Wimbledon - 1/16-finals,Carlos Alcaraz,Nicolas Jarry,1,0,0,1,0,0.8009259259259258,0.9259259259259258,1.08,0.125,8.0
11878587,2023-07-08,15:55:00,Wimbledon,ATP Wimbledon - 1/16-finals,Alejandro Davidovich Fokina,Holger Rune,0,0,0,1,0,-0.380952380952381,0.3333333333333333,3.0,0.7142857142857143,1.4
11878288,2023-07-07,12:05:00,Wimbledon,ATP Wimbledon - 1/32-finals,Roberto Carballes Baena,Holger Rune,0,0,0,1,0,-0.8433962264150943,0.1,10.0,0.9433962264150942,1.06
11878336,2023-07-07,12:05:00,Wimbledon,ATP Wimbledon - 1/32-finals,Christopher O'Connell,Jiri Vesely,1,0,0,1,0,0.0,0.5235602094240838,1.91,0.5235602094240838,1.91
11878063,2023-07-07,13:45:00,Wimbledon,ATP Wimbledon - 1/32-finals,Daniil Medvedev,Adrian Mannarino,1,0,0,1,0,0.588725248930451,0.819672131147541,1.22,0.23094688221709006,4.33
11877996,2023-07-07,14:35:00,Wimbledon,ATP Wimbledon - 1/32-finals,Carlos Alcaraz,Alexandre Muller,1,0,0,1,0,0.9327731092436975,0.9803921568627451,1.02,0.047619047619047616,21.0
11878335,2023-07-07,15:05:00,Wimbledon,ATP Wimbledon - 1/32-finals,Jason Kubler,Nicolas Jarry,0,0,0,1,0,-0.21677460793234488,0.42016806722689076,2.38,0.6369426751592356,1.57
11878373,2023-07-07,17:20:00,Wimbledon,ATP Wimbledon - 1/16-finals,Denis Shapovalov,Liam Broady,1,0,0,1,0,0.48351648351648346,0.7692307692307692,1.3,0.2857142857142857,3.5
11877834,2023-07-06,12:10:00,Wimbledon,ATP Wimbledon - 1/32-finals,Aleksandar Vukic,Quentin Halys,0,0,0,1,0,-0.14425694066412637,0.45454545454545453,2.2,0.5988023952095809,1.67
11877411,2023-07-06,12:15:00,Wimbledon,ATP Wimbledon - 1/32-finals,Maximilian Marterer,Michael Mmoh,1,0,0,1,0,0.05555555555555558,0.5555555555555556,1.8,0.5,2.0
11878067,2023-07-06,13:45:00,Wimbledon,ATP Wimbledon - 1/32-finals,Denis Shapovalov,Gregoire Barrere,1,0,0,1,0,0.21677460793234488,0.6369426751592356,1.57,0.42016806722689076,2.38
11876713,2023-07-06,14:15:00,Wimbledon,ATP Wimbledon - 1/64-finals,Christopher O'Connell,Hamad Medjedovic,1,0,0,1,0,0.1825013419216317,0.6172839506172839,1.62,0.4347826086956522,2.3
11877409,2023-07-06,14:40:00,Wimbledon,ATP Wimbledon - 1/32-finals,Liam Broady,Casper Ruud,1,0,0,1,0,-0.6111111111111112,0.2222222222222222,4.5,0.8333333333333334,1.2
11876700,2023-07-06,14:45:00,Wimbledon,ATP Wimbledon - 1/64-finals,Jason Kubler,Ugo Humbert,1,0,0,1,0,-0.1825013419216317,0.4347826086956522,2.3,0.6172839506172839,1.62
11876679,2023-07-06,15:00:00,Wimbledon,ATP Wimbledon - 1/64-finals,Marco Cecchinato,Nicolas Jarry,0,0,0,1,0,-0.8614718614718614,0.09090909090909091,11.0,0.9523809523809523,1.05
11877408,2023-07-06,16:25:00,Wimbledon,ATP Wimbledon - 1/32-finals,Tomas Barrios Vera,David Goffin,0,0,0,1,0,-0.42279411764705876,0.3125,3.2,0.7352941176470588,1.36
11878068,2023-07-06,18:00:00,Wimbledon,ATP Wimbledon - 1/32-finals,Frances Tiafoe,Dominic Stricker,1,0,0,1,0,0.6111111111111112,0.8333333333333334,1.2,0.2222222222222222,4.5
11878062,2023-07-06,19:05:00,Wimbledon,ATP Wimbledon - 1/32-finals,Ilya Ivashka,Grigor Dimitrov,0,0,0,1,0,-0.6547008547008548,0.2,5.0,0.8547008547008548,1.17
11876680,2023-07-05,13:35:00,Wimbledon,ATP Wimbledon - 1/64-finals,Francisco Cerundolo,Nuno Borges,1,0,0,1,0,0.588725248930451,0.819672131147541,1.22,0.23094688221709006,4.33
11876701,2023-07-05,13:35:00,Wimbledon,ATP Wimbledon - 1/64-finals,Jiri Lehecka,Sebastian Ofner,1,0,0,1,0,0.21677460793234488,0.6369426751592356,1.57,0.42016806722689076,2.38
11876724,2023-07-05,13:35:00,Wimbledon,ATP Wimbledon - 1/64-finals,Dominic Stricker,Alexei Popyrin,1,0,0,1,0,0.1825013419216317,0.6172839506172839,1.62,0.4347826086956522,2.3
11876709,2023-07-05,16:45:00,Wimbledon,ATP Wimbledon - 1/64-finals,Alexandre Muller,Arthur Rinderknech,1,0,0,1,0,-0.588725248930451,0.23094688221709006,4.33,0.819672131147541,1.22
11876720,2023-07-05,17:50:00,Wimbledon,ATP Wimbledon - 1/64-finals,Denis Shapovalov,Radu Albot,1,0,0,1,0,0.6111111111111112,0.8333333333333334,1.2,0.2222222222222222,4.5
11877413,2023-07-05,18:10:00,Wimbledon,ATP Wimbledon - 1/32-finals,Jordan Thompson,Novak Djokovic,0,0,0,1,0,-0.9042071197411004,0.06666666666666667,15.0,0.970873786407767,1.03
11876702,2023-07-05,18:20:00,Wimbledon,ATP Wimbledon - 1/64-finals,George Loffhagen,Holger Rune,0,0,0,1,0,-0.8614718614718614,0.09090909090909091,11.0,0.9523809523809523,1.05
11876696,2023-07-05,18:45:00,Wimbledon,ATP Wimbledon - 1/64-finals,Ilya Ivashka,Federico Coria,1,0,0,1,0,0.8009259259259258,0.9259259259259258,1.08,0.125,8.0
11876704,2023-07-05,19:15:00,Wimbledon,ATP Wimbledon - 1/64-finals,Adrian Mannarino,Alexander Shevchenko,1,0,0,1,0,0.6111111111111112,0.8333333333333334,1.2,0.2222222222222222,4.5
11877505,2023-07-05,19:45:00,Wimbledon,ATP Wimbledon - 1/32-finals,Jannik Sinner,Diego Schwartzman,1,0,0,1,0,0.8614718614718614,0.9523809523809523,1.05,0.09090909090909091,11.0
11876688,2023-07-05,20:10:00,Wimbledon,ATP Wimbledon - 1/64-finals,Marton Fucsovics,Tallon Griekspoor,1,0,0,1,0,-0.05555555555555558,0.5,2.0,0.5555555555555556,1.8
11876686,2023-07-04,21:05:00,Wimbledon,ATP Wimbledon - 1/64-finals,Martin Etcheverry Tomas,Bernabe Zapata Miralles,1,0,0,1,0,0.3308080808080808,0.6944444444444444,1.44,0.36363636363636365,2.75
11876673,2023-07-03,12:10:00,Wimbledon,ATP Wimbledon - 1/64-finals,Sebastian Baez,Tomas Barrios Vera,0,0,0,1,0,0.10184420589044874,0.5780346820809249,1.73,0.47619047619047616,2.1
11876710,2023-07-03,12:10:00,Wimbledon,ATP Wimbledon - 1/64-finals,Lorenzo Musetti,Pablo Varillas Juan,1,0,0,1,0,0.8433962264150943,0.9433962264150942,1.06,0.1,10.0
11876726,2023-07-03,12:10:00,Wimbledon,ATP Wimbledon - 1/64-finals,Jordan Thompson,Brandon Nakashima,1,0,0,1,0,0.0,0.5235602094240838,1.91,0.5235602094240838,1.91
11876705,2023-07-03,13:50:00,Wimbledon,ATP Wimbledon - 1/64-finals,Maximilian Marterer,Borna Gojo,1,0,0,1,0,-0.05555555555555558,0.5,2.0,0.5555555555555556,1.8
11876678,2023-07-03,14:40:00,Wimbledon,ATP Wimbledon - 1/64-finals,Pedro Cachin,Novak Djokovic,0,0,0,1,0,-0.9606872451951077,0.029411764705882353,34.0,0.9900990099009901,1.01
11877078,2023-07-03,14:50:00,Wimbledon,ATP Wimbledon - 1/64-finals,Michael Mmoh,Felix Auger-Aliassime,1,0,0,1,0,-0.747054747054747,0.15384615384615385,6.5,0.9009009009009008,1.11
11876676,2023-07-03,15:05:00,Wimbledon,ATP Wimbledon - 1/64-finals,Liam Broady,Constant Lestienne,1,0,0,1,0,0.2864385297845373,0.6666666666666666,1.5,0.3802281368821293,2.63
11876731,2023-07-03,15:10:00,Wimbledon,ATP Wimbledon - 1/64-finals,John Wolf Jeffrey,Enzo Couacaud,1,0,0,1,0,0.588725248930451,0.819672131147541,1.22,0.23094688221709006,4.33
11876703,2023-07-03,16:20:00,Wimbledon,ATP Wimbledon - 1/64-finals,Laurent Lokoli,Casper Ruud,0,0,0,1,0,-0.6547008547008548,0.2,5.0,0.8547008547008548,1.17
11876732,2023-07-03,18:20:00,Wimbledon,ATP Wimbledon - 1/64-finals,Mikael Ymer,Alex Molcan,1,0,0,1,0,0.3308080808080808,0.6944444444444444,1.44,0.36363636363636365,2.75
11876730,2023-07-03,19:00:00,Wimbledon,ATP Wimbledon - 1/64-finals,Aleksandar Vukic,Daniel Altmaier,1,0,0,1,0,0.3308080808080808,0.6944444444444444,1.44,0.36363636363636365,2.75
11876697,2023-07-03,19:15:00,Wimbledon,ATP Wimbledon - 1/64-finals,Miomir Kecmanovic,Diego Schwartzman,0,0,0,1,0,0.3308080808080808,0.6944444444444444,1.44,0.36363636363636365,2.75
11876723,2023-07-03,20:45:00,Wimbledon,ATP Wimbledon - 1/64-finals,Jannik Sinner,Manuel Cerundolo Juan,1,0,0,1,0,0.9277605779153766,0.9803921568627451,1.02,0.05263157894736842,19.0
11876890,2023-07-01,18:10:00,Mallorca,ATP Mallorca - Final,Adrian Mannarino,Christopher Eubanks,0,0,0,1,0,0.2864385297845373,0.6666666666666666,1.5,0.3802281368821293,2.63
11876530,2023-06-30,18:15:00,Mallorca,ATP Mallorca - Semi-finals,Yannick Hanfmann,Adrian Mannarino,0,0,0,1,0,0.0,0.5235602094240838,1.91,0.5235602094240838,1.91
11875958,2023-06-29,12:10:00,Mallorca,ATP Mallorca - Quarter-finals,Lloyd Harris,Pavel Kotov,1,0,0,1,0,0.380952380952381,0.7142857142857143,1.4,0.3333333333333333,3.0
11876165,2023-06-29,12:40:00,Wimbledon,ATP Wimbledon - Final,Zsombor Piros,Shintaro Mochizuki,0,0,0,1,0,0.19249823071479122,0.6369426751592356,1.57,0.4444444444444444,2.25
11876161,2023-06-29,12:45:00,Wimbledon,ATP Wimbledon - Final,Aleksandar Kovacevic,Enzo Couacaud,0,0,0,1,0,0.23165384297178793,0.6535947712418301,1.53,0.42194092827004215,2.37
11876158,2023-06-29,12:50:00,Wimbledon,ATP Wimbledon - Final,Radu Albot,Felipe Meligeni Alves,1,0,0,1,0,0.16657255787690567,0.6211180124223602,1.61,0.45454545454545453,2.2
11876159,2023-06-29,12:50:00,Wimbledon,ATP Wimbledon - Final,Tomas Barrios Vera,Thiago Seyboth Wild,1,0,0,1,0,-0.19249823071479122,0.4444444444444444,2.25,0.6369426751592356,1.57
11876163,2023-06-29,12:55:00,Wimbledon,ATP Wimbledon - Final,Michael Mmoh,Laurent Lokoli,0,0,0,1,0,0.08139534883720934,0.5813953488372093,1.72,0.5,2.0
11875875,2023-06-29,18:40:00,Mallorca,ATP Mallorca - Quarter-finals,Adrian Mannarino,Corentin Moutet,1,0,0,1,0,0.3308080808080808,0.6944444444444444,1.44,0.36363636363636365,2.75
11875466,2023-06-28,12:05:00,Eastbourne,ATP Eastbourne - 1/8-finals,Gregoire Barrere,Nicolas Jarry,1,0,0,1,0,-0.3308080808080808,0.36363636363636365,2.75,0.6944444444444444,1.44
11875468,2023-06-28,12:05:00,Eastbourne,ATP Eastbourne - 1/8-finals,Miomir Kecmanovic,Aleksandar Vukic,1,0,0,1,0,0.21677460793234488,0.6369426751592356,1.57,0.42016806722689076,2.38
11875384,2023-06-28,12:10:00,Wimbledon,ATP Wimbledon - Semi-finals,Michael Mmoh,Nicolae Madaras Dragos,1,0,0,1,0,0.44418739155581255,0.7518796992481203,1.33,0.3076923076923077,3.25
11875477,2023-06-28,12:10:00,Wimbledon,ATP Wimbledon - Semi-finals,Lucas Pouille,Giulio Zeppieri,1,0,0,1,0,0.12621916236374076,0.6024096385542169,1.66,0.47619047619047616,2.1
11875379,2023-06-28,12:15:00,Wimbledon,ATP Wimbledon - Semi-finals,Taro Daniel,Luca Nardi,1,0,0,1,0,0.4751131221719456,0.7692307692307692,1.3,0.29411764705882354,3.4
11875474,2023-06-28,12:15:00,Wimbledon,ATP Wimbledon - Semi-finals,Laurent Lokoli,Norbert Gombos,1,0,0,1,0,0.08139534883720934,0.5813953488372093,1.72,0.5,2.0
11875191,2023-06-28,12:20:00,Wimbledon,ATP Wimbledon - Semi-finals,Radu Albot,Johannus Monday,1,0,0,1,0,0.7662337662337662,0.9090909090909091,1.1,0.14285714285714285,7.0
11875193,2023-06-28,12:20:00,Wimbledon,ATP Wimbledon - Semi-finals,Pablo Cuevas,Felipe Meligeni Alves,0,0,0,1,0,-0.31276505513146735,0.38167938931297707,2.62,0.6944444444444444,1.44
11875778,2023-06-28,14:25:00,Eastbourne,ATP Eastbourne - 1/8-finals,Liam Broady,Mikael Ymer,0,0,0,1,0,-0.25359477124183005,0.4,2.5,0.6535947712418301,1.53
11875386,2023-06-28,14:30:00,Wimbledon,ATP Wimbledon - Semi-finals,Jurij Rodionov,Gijs Brouwer,0,0,0,1,0,0.35064935064935066,0.7142857142857143,1.4,0.36363636363636365,2.75
11875382,2023-06-28,14:40:00,Wimbledon,ATP Wimbledon - Semi-finals,Aleksandar Kovacevic,Jesper De Jong,1,0,0,1,0,-0.08139534883720934,0.5,2.0,0.5813953488372093,1.72
11875378,2023-06-28,14:50:00,Wimbledon,ATP Wimbledon - Semi-finals,Hyeon Chung,Enzo Couacaud,0,0,0,1,0,-0.31276505513146735,0.38167938931297707,2.62,0.6944444444444444,1.44
11875476,2023-06-28,14:50:00,Wimbledon,ATP Wimbledon - Semi-finals,Zsombor Piros,Pablo Llamas Ruiz,1,0,0,1,0,0.44418739155581255,0.7518796992481203,1.33,0.3076923076923077,3.25
11875473,2023-06-28,14:55:00,Wimbledon,ATP Wimbledon - Semi-finals,Rinky Hijikata,Tomas Barrios Vera,0,0,0,1,0,0.40196078431372545,0.7352941176470588,1.36,0.3333333333333333,3.0
11875478,2023-06-28,15:00:00,Wimbledon,ATP Wimbledon - Semi-finals,Dominic Stricker,Pablo Ficovich Juan,1,0,0,1,0,0.7662337662337662,0.9090909090909091,1.1,0.14285714285714285,7.0
11875199,2023-06-28,15:15:00,Wimbledon,ATP Wimbledon - Semi-finals,Yosuke Watanuki,Altug Celikbilek,1,0,0,1,0,0.6023864511162433,0.8333333333333334,1.2,0.23094688221709006,4.33
11875879,2023-06-28,18:50:00,Mallorca,ATP Mallorca - 1/8-finals,Feliciano Lopez,Jordan Thompson,1,0,0,1,0,-0.6547008547008548,0.2,5.0,0.8547008547008548,1.17
11874910,2023-06-27,11:00:00,Eastbourne,ATP Eastbourne - 1/16-finals,Mikael Ymer,Nicolas Jarry,0,0,0,1,0,-0.3308080808080808,0.36363636363636365,2.75,0.6944444444444444,1.44
11874914,2023-06-27,12:10:00,Mallorca,ATP Mallorca - 1/16-finals,Constant Lestienne,Jason Kubler,1,0,0,1,0,-0.42279411764705876,0.3125,3.2,0.7352941176470588,1.36
11875143,2023-06-27,12:10:00,Eastbourne,ATP Eastbourne - 1/16-finals,Liam Broady,Jan Choinski,1,0,0,1,0,0.42279411764705876,0.7352941176470588,1.36,0.3125,3.2
11875153,2023-06-27,14:25:00,Mallorca,ATP Mallorca - 1/8-finals,Adrian Mannarino,Guido Pella,1,0,0,1,0,0.55,0.8,1.25,0.25,4.0
11875189,2023-06-27,18:45:00,Mallorca,ATP Mallorca - 1/8-finals,Pavel Kotov,Alejandro Davidovich Fokina,1,0,0,1,0,-0.5085271317829456,0.26666666666666666,3.75,0.7751937984496123,1.29
11874905,2023-06-26,12:05:00,Eastbourne,ATP Eastbourne - 1/16-finals,Nuno Borges,Sebastian Baez,0,0,0,1,0,0.2864385297845373,0.6666666666666666,1.5,0.3802281368821293,2.63
11875045,2023-06-26,12:05:00,Wimbledon,ATP Wimbledon - Quarter-finals,Radu Albot,Nick Hardt,1,0,0,1,0,0.7261904761904762,0.8928571428571428,1.12,0.16666666666666666,6.0
11875121,2023-06-26,12:05:00,Mallorca,ATP Mallorca - 1/16-finals,Pavel Kotov,Li Tu,1,0,0,1,0,0.14425694066412637,0.5988023952095809,1.67,0.45454545454545453,2.2
11875044,2023-06-26,12:10:00,Wimbledon,ATP Wimbledon - Quarter-finals,Franco Agamenone,Kaichi Uchida,0,0,0,1,0,-0.0292397660818714,0.5263157894736842,1.9,0.5555555555555556,1.8
11875046,2023-06-26,12:10:00,Wimbledon,ATP Wimbledon - Quarter-finals,Geoffrey Blancaneaux,Harold Mayot,0,0,0,1,0,0.12621916236374076,0.6024096385542169,1.66,0.47619047619047616,2.1
11875047,2023-06-26,12:10:00,Wimbledon,ATP Wimbledon - Quarter-finals,Altug Celikbilek,Dalibor Svrcina,1,0,0,1,0,-0.2666666666666666,0.4,2.5,0.6666666666666666,1.5
11875048,2023-06-26,12:10:00,Wimbledon,ATP Wimbledon - Quarter-finals,Kimmer Coppejans,Timofey Skatov,1,0,0,1,0,-0.12621916236374076,0.47619047619047616,2.1,0.6024096385542169,1.66
11875049,2023-06-26,12:10:00,Wimbledon,ATP Wimbledon - Quarter-finals,Pablo Cuevas,Egor Gerasimov,1,0,0,1,0,-0.16657255787690567,0.45454545454545453,2.2,0.6211180124223602,1.61
11875058,2023-06-26,12:10:00,Wimbledon,ATP Wimbledon - Quarter-finals,Vasek Pospisil,Felipe Meligeni Alves,0,0,0,1,0,0.40196078431372545,0.7352941176470588,1.36,0.3333333333333333,3.0
11875069,2023-06-26,13:15:00,Wimbledon,ATP Wimbledon - Quarter-finals,Michael Mmoh,Adrian Andreev,1,0,0,1,0,0.2666666666666666,0.6666666666666666,1.5,0.4,2.5
11875071,2023-06-26,13:20:00,Wimbledon,ATP Wimbledon - Quarter-finals,Gauthier Onclin,Agustin Tirante Thiago,1,0,0,1,0,0.12621916236374076,0.6024096385542169,1.66,0.47619047619047616,2.1
11875074,2023-06-26,13:25:00,Wimbledon,ATP Wimbledon - Quarter-finals,Hsin Tseng Chun,Tung-Lin Wu,0,0,0,1,0,-0.19249823071479122,0.4444444444444444,2.25,0.6369426751592356,1.57
11874890,2023-06-26,13:30:00,Mallorca,ATP Mallorca - 1/16-finals,Ilya Ivashka,Roberto Carballes Baena,0,0,0,1,0,0.55,0.8,1.25,0.25,4.0
11875064,2023-06-26,13:50:00,Wimbledon,ATP Wimbledon - Quarter-finals,Jozef Kovalik,Luca Nardi,0,0,0,1,0,-0.40196078431372545,0.3333333333333333,3.0,0.7352941176470588,1.36
11875066,2023-06-26,13:50:00,Wimbledon,,Nicolae Madaras Dragos,Mate Valkusz,0,0,0,1,0,-0.35064935064935066,0.36363636363636365,2.75,0.7142857142857143,1.4
11875062,2023-06-26,13:55:00,Wimbledon,ATP Wimbledon - Quarter-finals,Thanasi Kokkinakis,Leandro Riedi,0,0,0,1,0,0.6023864511162433,0.8333333333333334,1.2,0.23094688221709006,4.33
11875063,2023-06-26,13:55:00,Wimbledon,ATP Wimbledon - Quarter-finals,Zdenek Kolar,Lucas Pouille,0,0,0,1,0,-0.19249823071479122,0.4444444444444444,2.25,0.6369426751592356,1.57
11875060,2023-06-26,14:00:00,Wimbledon,ATP Wimbledon - Quarter-finals,Taro Daniel,Marco Trungelliti,1,0,0,1,0,0.4751131221719456,0.7692307692307692,1.3,0.29411764705882354,3.4
11875072,2023-06-26,14:15:00,Wimbledon,ATP Wimbledon - Quarter-finals,Oscar Otte,Benoit Paire,1,0,0,1,0,0.2666666666666666,0.6666666666666666,1.5,0.4,2.5
11875124,2023-06-26,14:35:00,Mallorca,ATP Mallorca - 1/16-finals,Bernabe Zapata Miralles,Lloyd Harris,0,0,0,1,0,-0.2864385297845373,0.3802281368821293,2.63,0.6666666666666666,1.5
11875085,2023-06-26,14:45:00,Wimbledon,ATP Wimbledon - Quarter-finals,Norbert Gombos,Nicolas Moreno De Alboran,1,0,0,1,0,-0.12621916236374076,0.47619047619047616,2.1,0.6024096385542169,1.66
11875080,2023-06-26,15:20:00,Wimbledon,ATP Wimbledon - Quarter-finals,Enzo Couacaud,Raul Brancaccio,1,0,0,1,0,0.31276505513146735,0.6944444444444444,1.44,0.38167938931297707,2.62
11875089,2023-06-26,16:05:00,Wimbledon,ATP Wimbledon - Quarter-finals,Dimitar Kuzmanov,Hyeon Chung,0,0,0,1,0,0.44418739155581255,0.7518796992481203,1.33,0.3076923076923077,3.25
11874913,2023-06-26,16:15:00,Mallorca,ATP Mallorca - 1/16-finals,Yannick Hanfmann,Pedro Cachin,1,0,0,1,0,0.3308080808080808,0.6944444444444444,1.44,0.36363636363636365,2.75
11875079,2023-06-26,16:25:00,Wimbledon,ATP Wimbledon - Quarter-finals,Arthur Cazaux,Giulio Zeppieri,0,0,0,1,0,0.6620689655172414,0.8620689655172414,1.16,0.2,5.0
11875096,2023-06-26,16:25:00,Wimbledon,ATP Wimbledon - Quarter-finals,Evgeny Donskoy,Tomas Barrios Vera,0,0,0,1,0,-0.16657255787690567,0.45454545454545453,2.2,0.6211180124223602,1.61
11875091,2023-06-26,16:30:00,Wimbledon,ATP Wimbledon - Quarter-finals,Jurij Rodionov,Aziz Dougaz,1,0,0,1,0,0.7261904761904762,0.8928571428571428,1.12,0.16666666666666666,6.0
11875103,2023-06-26,16:40:00,Wimbledon,ATP Wimbledon - Quarter-finals,Zsombor Piros,Joris De Loore,1,0,0,1,0,0.0292397660818714,0.5555555555555556,1.8,0.5263157894736842,1.9
11875086,2023-06-26,16:55:00,Wimbledon,ATP Wimbledon - Quarter-finals,David Ionel Nicholas,Laurent Lokoli,0,0,0,1,0,-0.6023864511162433,0.23094688221709006,4.33,0.8333333333333334,1.2
11875097,2023-06-26,17:35:00,Wimbledon,ATP Wimbledon - Quarter-finals,Billy Harris,Alexander Ritschard,1,0,0,1,0,-0.16657255787690567,0.45454545454545453,2.2,0.6211180124223602,1.61
11875104,2023-06-26,17:35:00,Wimbledon,ATP Wimbledon - Quarter-finals,Marc Polmans,Andrea Vavassori,1,0,0,1,0,-0.19249823071479122,0.4444444444444444,2.25,0.6369426751592356,1.57
11875106,2023-06-26,17:35:00,Wimbledon,ATP Wimbledon - Quarter-finals,Dominic Stricker,Spencer Johnson,1,0,0,1,0,0.35064935064935066,0.7142857142857143,1.4,0.36363636363636365,2.75
11875118,2023-06-26,17:35:00,Eastbourne,ATP Eastbourne - 1/16-finals,Brandon Nakashima,Aleksandar Vukic,0,0,0,1,0,0.42279411764705876,0.7352941176470588,1.36,0.3125,3.2
11875094,2023-06-26,18:00:00,Wimbledon,ATP Wimbledon - Quarter-finals,Flavio Cobolli,Pablo Ficovich Juan,0,0,0,1,0,0.2666666666666666,0.6666666666666666,1.5,0.4,2.5
11874916,2023-06-26,18:35:00,Mallorca,ATP Mallorca - 1/16-finals,Jordan Thompson,Richard Gasquet,1,0,0,1,0,0.25359477124183005,0.6535947712418301,1.53,0.4,2.5
11874862,2023-06-25,12:05:00,Mallorca,ATP Mallorca - Final,Pavel Kotov,Li Tu,0,0,0,1,0,0.40196078431372545,0.7352941176470588,1.36,0.3333333333333333,3.0
11874868,2023-06-25,12:10:00,Eastbourne,ATP Eastbourne - Final,Aleksandar Vukic,Skander Mansouri,1,0,0,1,0,0.6953748006379585,0.8771929824561404,1.14,0.18181818181818182,5.5
11874888,2023-06-25,15:10:00,Mallorca,ATP Mallorca - 1/16-finals,Corentin Moutet,Christopher O'Connell,1,0,0,1,0,-0.3308080808080808,0.36363636363636365,2.75,0.6944444444444444,1.44
11874957,2023-06-25,15:25:00,Eastbourne,ATP Eastbourne - Final,Luca van Assche,Borna Gojo,1,0,0,1,0,-0.2666666666666666,0.4,2.5,0.6666666666666666,1.5
11874706,2023-06-24,11:10:00,Mallorca,ATP Mallorca - Semi-finals,Pavel Kotov,Fernando Verdasco,1,0,0,1,0,0.4955357142857143,0.78125,1.28,0.2857142857142857,3.5
11874820,2023-06-24,12:05:00,Eastbourne,ATP Eastbourne - Semi-finals,Aleksandar Vukic,Arthur Fery,1,0,0,1,0,0.4955357142857143,0.78125,1.28,0.2857142857142857,3.5
11874818,2023-06-24,14:00:00,Eastbourne,ATP Eastbourne - Semi-finals,Skander Mansouri,Manuel Cerundolo Juan,1,0,0,1,0,-0.31276505513146735,0.38167938931297707,2.62,0.6944444444444444,1.44
11874666,2023-06-24,14:10:00,ATP London,ATP London - Semi-finals,Alex De Minaur,Holger Rune,1,0,0,1,0,0.0,0.5235602094240838,1.91,0.5235602094240838,1.91
11874711,2023-06-24,14:55:00,Mallorca,ATP Mallorca - Semi-finals,Daniel Masur,Alex Michelsen,0,0,0,1,0,-0.31276505513146735,0.38167938931297707,2.62,0.6944444444444444,1.44
11874813,2023-06-24,17:25:00,Eastbourne,ATP Eastbourne - Semi-finals,Viktor Durasovic,Borna Gojo,0,0,0,1,0,-0.6953748006379585,0.18181818181818182,5.5,0.8771929824561404,1.14
11874418,2023-06-23,13:10:00,ATP London,ATP London - Quarter-finals,Alex De Minaur,Adrian Mannarino,1,0,0,1,0,0.2864385297845373,0.6666666666666666,1.5,0.3802281368821293,2.63
11874205,2023-06-23,13:55:00,ATP Halle,ATP Halle - Quarter-finals,Alexander Zverev,Nicolas Jarry,1,0,0,1,0,0.42279411764705876,0.7352941176470588,1.36,0.3125,3.2
11874207,2023-06-23,15:50:00,ATP London,ATP London - Quarter-finals,Lorenzo Musetti,Holger Rune,0,0,0,1,0,-0.21677460793234488,0.42016806722689076,2.38,0.6369426751592356,1.57
11874535,2023-06-23,18:20:00,ATP Halle,ATP Halle - Quarter-finals,Andrey Rublev,Tallon Griekspoor,1,0,0,1,0,0.3308080808080808,0.6944444444444444,1.44,0.36363636363636365,2.75
11873694,2023-06-22,13:10:00,ATP London,ATP London - 1/8-finals,Alex De Minaur,Diego Schwartzman,1,0,0,1,0,0.6953748006379585,0.8771929824561404,1.14,0.18181818181818182,5.5
11873696,2023-06-22,14:35:00,ATP London,ATP London - 1/8-finals,Adrian Mannarino,Taylor Fritz,1,0,0,1,0,-0.5085271317829456,0.26666666666666666,3.75,0.7751937984496123,1.29
11873719,2023-06-22,19:55:00,ATP Halle,ATP Halle - 1/8-finals,Tallon Griekspoor,Hubert Hurkacz,1,0,0,1,0,-0.2864385297845373,0.3802281368821293,2.63,0.6666666666666666,1.5
11873433,2023-06-21,15:40:00,ATP London,ATP London - 1/8-finals,Jordan Thompson,Cameron Norrie,0,0,0,1,0,-0.2864385297845373,0.3802281368821293,2.63,0.6666666666666666,1.5
11873047,2023-06-21,16:40:00,ATP Halle,ATP Halle - 1/8-finals,Nicolas Jarry,Stefanos Tsitsipas,1,0,0,1,0,-0.380952380952381,0.3333333333333333,3.0,0.7142857142857143,1.4
11873395,2023-06-21,17:55:00,ATP London,ATP London - 1/8-finals,Ryan Peniston,Holger Rune,0,0,0,1,0,-0.48351648351648346,0.2857142857142857,3.5,0.7692307692307692,1.3
11873556,2023-06-21,18:55:00,ATP Halle,ATP Halle - 1/8-finals,Alexander Zverev,Denis Shapovalov,1,0,0,1,0,0.380952380952381,0.7142857142857143,1.4,0.3333333333333333,3.0
11872591,2023-06-20,13:10:00,ATP London,ATP London - 1/16-finals,Maxime Cressy,Holger Rune,0,0,0,1,0,-0.2864385297845373,0.3802281368821293,2.63,0.6666666666666666,1.5
11872597,2023-06-20,13:40:00,ATP London,ATP London - 1/16-finals,Adrian Mannarino,Liam Broady,1,0,0,1,0,0.380952380952381,0.7142857142857143,1.4,0.3333333333333333,3.0
11872599,2023-06-20,15:15:00,ATP London,ATP London - 1/16-finals,Jordan Thompson,Milos Raonic,0,0,0,1,0,0.0,0.5263157894736842,1.9,0.5263157894736842,1.9
11873386,2023-06-20,15:40:00,ATP London,ATP London - 1/16-finals,Jordan Thompson,Alexei Popyrin,1,0,0,1,0,0.2864385297845373,0.6666666666666666,1.5,0.3802281368821293,2.63
11872518,2023-06-20,16:05:00,ATP Halle,ATP Halle - 1/16-finals,Tallon Griekspoor,Roberto Carballes Baena,1,0,0,1,0,0.588725248930451,0.819672131147541,1.22,0.23094688221709006,4.33
11872601,2023-06-20,19:45:00,ATP London,ATP London - 1/16-finals,Bernabe Zapata Miralles,Taylor Fritz,0,0,0,1,0,-0.8433962264150943,0.1,10.0,0.9433962264150942,1.06
11872522,2023-06-19,13:50:00,ATP Halle,ATP Halle - 1/16-finals,Denis Shapovalov,Lloyd Harris,1,0,0,1,0,0.380952380952381,0.7142857142857143,1.4,0.3333333333333333,3.0
11872519,2023-06-19,15:05:00,ATP Halle,ATP Halle - 1/16-finals,Nicolas Jarry,Corentin Moutet,1,0,0,1,0,0.1825013419216317,0.6172839506172839,1.62,0.4347826086956522,2.3
11872798,2023-06-19,17:40:00,ATP London,ATP London - 1/16-finals,Diego Schwartzman,Mackenzie McDonald,1,0,0,1,0,-0.55,0.25,4.0,0.8,1.25
11872569,2023-06-18,13:10:00,ATP Halle,ATP Halle - Final,Marcos Giron,Andrea Vavassori,1,0,0,1,0,0.35064935064935066,0.7142857142857143,1.4,0.36363636363636365,2.75
11872611,2023-06-18,17:55:00,Hertogenbosch,ATP Hertogenbosch - Final,Jordan Thompson,Tallon Griekspoor,0,0,0,1,0,-0.1825013419216317,0.4347826086956522,2.3,0.6172839506172839,1.62
11872296,2023-06-17,11:10:00,ATP Halle,ATP Halle - Semi-finals,Daniel Altmaier,Borna Gojo,1,0,0,1,0,-0.08139534883720934,0.5,2.0,0.5813953488372093,1.72
11872305,2023-06-17,12:10:00,ATP London,ATP London - Semi-finals,Grigor Dimitrov,Aleksandar Vukic,1,0,0,1,0,0.6023864511162433,0.8333333333333334,1.2,0.23094688221709006,4.33
11872299,2023-06-17,13:35:00,ATP Halle,ATP Halle - Semi-finals,Marcos Giron,Pavel Kotov,1,0,0,1,0,0.6252354048964219,0.8474576271186441,1.18,0.2222222222222222,4.5
11872302,2023-06-17,14:20:00,ATP Halle,,Radu Albot,Max Purcell,0,0,0,1,0,-0.08139534883720934,0.5,2.0,0.5813953488372093,1.72
11872280,2023-06-17,14:40:00,Hertogenbosch,ATP Hertogenbosch - Semi-finals,Jordan Thompson,Rinky Hijikata,1,0,0,1,0,0.3308080808080808,0.6944444444444444,1.44,0.36363636363636365,2.75
11872304,2023-06-17,16:55:00,Hertogenbosch,ATP Hertogenbosch - Semi-finals,Tallon Griekspoor,Emil Ruusuvuori,1,0,0,1,0,-0.1825013419216317,0.4347826086956522,2.3,0.6172839506172839,1.62
11872106,2023-06-16,13:40:00,Hertogenbosch,ATP Hertogenbosch - Quarter-finals,Adrian Mannarino,Jordan Thompson,0,0,0,1,0,0.14425694066412637,0.5988023952095809,1.67,0.45454545454545453,2.2
11872056,2023-06-16,14:45:00,Hertogenbosch,ATP Hertogenbosch - Quarter-finals,Tallon Griekspoor,Alex De Minaur,1,0,0,1,0,-0.1825013419216317,0.4347826086956522,2.3,0.6172839506172839,1.62
11871753,2023-06-16,16:05:00,Stuttgart,ATP Stuttgart - Quarter-finals,Hubert Hurkacz,Christopher O'Connell,1,0,0,1,0,0.380952380952381,0.7142857142857143,1.4,0.3333333333333333,3.0
11871266,2023-06-15,11:10:00,Hertogenbosch,ATP Hertogenbosch - 1/8-finals,Tallon Griekspoor,Alexei Popyrin,1,0,0,1,0,0.10184420589044874,0.5780346820809249,1.73,0.47619047619047616,2.1
11871267,2023-06-15,12:40:00,Hertogenbosch,ATP Hertogenbosch - 1/8-finals,Daniil Medvedev,Adrian Mannarino,0,0,0,1,0,0.6111111111111112,0.8333333333333334,1.2,0.2222222222222222,4.5
11871056,2023-06-15,17:25:00,Hertogenbosch,ATP Hertogenbosch - 1/8-finals,Jordan Thompson,Milos Raonic,1,0,0,1,0,-0.14425694066412637,0.45454545454545453,2.2,0.5988023952095809,1.67
11871058,2023-06-14,11:10:00,Stuttgart,ATP Stuttgart - 1/8-finals,Christopher O'Connell,Lorenzo Sonego,1,0,0,1,0,-0.380952380952381,0.3333333333333333,3.0,0.7142857142857143,1.4
11870491,2023-06-13,11:10:00,Hertogenbosch,ATP Hertogenbosch - 1/16-finals,Jordan Thompson,Giovanni Mpetshi Perricard,1,0,0,1,0,0.6111111111111112,0.8333333333333334,1.2,0.2222222222222222,4.5
11870190,2023-06-13,12:40:00,Stuttgart,ATP Stuttgart - 1/16-finals,Christopher O'Connell,Daniel Altmaier,1,0,0,1,0,0.10184420589044874,0.5780346820809249,1.73,0.47619047619047616,2.1
11870247,2023-06-13,13:10:00,Hertogenbosch,ATP Hertogenbosch - 1/16-finals,Tallon Griekspoor,Mikael Ymer,1,0,0,1,0,0.25359477124183005,0.6535947712418301,1.53,0.4,2.5
11870250,2023-06-13,15:20:00,Hertogenbosch,ATP Hertogenbosch - 1/16-finals,Mackenzie McDonald,Ilya Ivashka,1,0,0,1,0,-0.14425694066412637,0.45454545454545453,2.2,0.5988023952095809,1.67
11870460,2023-06-13,15:40:00,Stuttgart,ATP Stuttgart - 1/16-finals,Denis Shapovalov,Marton Fucsovics,0,0,0,1,0,0.05555555555555558,0.5555555555555556,1.8,0.5,2.0
11870490,2023-06-13,16:25:00,Hertogenbosch,ATP Hertogenbosch - 1/16-finals,Adrian Mannarino,Arthur Fils,1,0,0,1,0,0.10184420589044874,0.5780346820809249,1.73,0.47619047619047616,2.1
11870249,2023-06-12,13:05:00,Hertogenbosch,ATP Hertogenbosch - 1/16-finals,Ugo Humbert,Jason Kubler,1,0,0,1,0,0.2864385297845373,0.6666666666666666,1.5,0.3802281368821293,2.63
11870432,2023-06-12,13:10:00,Stuttgart,ATP Stuttgart - 1/16-finals,Lorenzo Musetti,Borna Gojo,1,0,0,1,0,0.14425694066412637,0.5988023952095809,1.67,0.45454545454545453,2.2
11870176,2023-06-11,11:10:00,Stuttgart,ATP Stuttgart - Final,Christopher Eubanks,Radu Albot,1,0,0,1,0,0.12621916236374076,0.6024096385542169,1.66,0.47619047619047616,2.1
11870177,2023-06-11,11:10:00,Stuttgart,ATP Stuttgart - Final,Marton Fucsovics,Altug Celikbilek,1,0,0,1,0,0.6620689655172414,0.8620689655172414,1.16,0.2,5.0
11870232,2023-06-11,12:35:00,Stuttgart,ATP Stuttgart - Final,Borna Gojo,Antoine Bellier,1,0,0,1,0,0.35064935064935066,0.7142857142857143,1.4,0.36363636363636365,2.75
11870156,2023-06-11,13:20:00,Hertogenbosch,ATP Hertogenbosch - Final,David Goffin,Jesper De Jong,1,0,0,1,0,0.4751131221719456,0.7692307692307692,1.3,0.29411764705882354,3.4
11870081,2023-06-11,15:10:00,French Open,ATP French Open - Final,Novak Djokovic,Casper Ruud,1,0,0,1,0,0.625,0.8333333333333334,1.2,0.20833333333333334,4.8
11870020,2023-06-10,11:00:00,Hertogenbosch,,Dayne Kelly,Jesper De Jong,0,0,0,1,0,-0.569672131147541,0.25,4.0,0.819672131147541,1.22
11870027,2023-06-10,11:10:00,Stuttgart,ATP Stuttgart - Semi-finals,Hans Rehberg Max,Altug Celikbilek,0,0,0,1,0,-0.31276505513146735,0.38167938931297707,2.62,0.6944444444444444,1.44
11870022,2023-06-10,12:20:00,Hertogenbosch,ATP Hertogenbosch - Semi-finals,Giovanni Mpetshi Perricard,Andrea Vavassori,1,0,0,1,0,-0.19249823071479122,0.4444444444444444,2.25,0.6369426751592356,1.57
11870029,2023-06-10,12:30:00,Stuttgart,,Feliciano Lopez,Radu Albot,0,0,0,1,0,-0.31276505513146735,0.38167938931297707,2.62,0.6944444444444444,1.44
11870030,2023-06-10,13:50:00,Stuttgart,ATP Stuttgart - Semi-finals,Borna Gojo,Mats Rosenkranz,1,0,0,1,0,0.569672131147541,0.819672131147541,1.22,0.25,4.0
11870025,2023-06-10,16:15:00,Hertogenbosch,ATP Hertogenbosch - Semi-finals,Pavel Kotov,Edan Leshem,0,0,0,1,0,0.569672131147541,0.819672131147541,1.22,0.25,4.0
11869616,2023-06-09,19:10:00,French Open,ATP French Open - Semi-finals,Casper Ruud,Alexander Zverev,1,0,0,1,0,0.0,0.5235602094240838,1.91,0.5235602094240838,1.91
11868655,2023-06-07,20:30:00,French Open,ATP French Open - Quarter-finals,Holger Rune,Casper Ruud,0,0,0,1,0,-0.10184420589044874,0.47619047619047616,2.1,0.5780346820809249,1.73
11868285,2023-06-06,15:15:00,French Open,ATP French Open - Quarter-finals,Novak Djokovic,Karen Khachanov,1,0,0,1,0,0.8009259259259258,0.9259259259259258,1.08,0.125,8.0
11868079,2023-06-05,12:35:00,French Open,ATP French Open - 1/8-finals,Nicolas Jarry,Casper Ruud,0,0,0,1,0,-0.3308080808080808,0.36363636363636365,2.75,0.6944444444444444,1.44
11868123,2023-06-05,15:25:00,French Open,ATP French Open - 1/8-finals,Holger Rune,Francisco Cerundolo,1,0,0,1,0,0.4577620521892967,0.7518796992481203,1.33,0.29411764705882354,3.4
11867943,2023-06-04,11:10:00,French Open,ATP French Open - 1/8-finals,Karen Khachanov,Lorenzo Sonego,1,0,0,1,0,0.3308080808080808,0.6944444444444444,1.44,0.36363636363636365,2.75
11867980,2023-06-04,14:45:00,French Open,ATP French Open - 1/8-finals,Novak Djokovic,Pablo Varillas Juan,1,0,0,1,0,0.9042071197411004,0.970873786407767,1.03,0.06666666666666667,15.0
11867968,2023-06-04,19:20:00,French Open,ATP French Open - 1/8-finals,Sebastian Ofner,Stefanos Tsitsipas,0,0,0,1,0,-0.8433962264150943,0.1,10.0,0.9433962264150942,1.06
11867741,2023-06-03,11:10:00,French Open,ATP French Open - 1/16-finals,Zhizhen Zhang,Casper Ruud,0,0,0,1,0,-0.7182890855457228,0.16666666666666666,6.0,0.8849557522123894,1.13
11867790,2023-06-03,13:10:00,French Open,ATP French Open - 1/16-finals,Nicolas Jarry,Marcos Giron,1,0,0,1,0,0.4577620521892967,0.7518796992481203,1.33,0.29411764705882354,3.4
11867791,2023-06-03,13:10:00,French Open,ATP French Open - 1/16-finals,Holger Rune,Alberto Olivieri Genaro,1,0,0,1,0,0.9042071197411004,0.970873786407767,1.03,0.06666666666666667,15.0
11867554,2023-06-02,11:15:00,French Open,ATP French Open - 1/16-finals,Karen Khachanov,Thanasi Kokkinakis,1,0,0,1,0,0.5085271317829456,0.7751937984496123,1.29,0.26666666666666666,3.75
11867400,2023-06-02,14:55:00,French Open,ATP French Open - 1/16-finals,Fabio Fognini,Sebastian Ofner,0,0,0,1,0,0.14425694066412637,0.5988023952095809,1.67,0.45454545454545453,2.2
11867466,2023-06-02,19:10:00,French Open,ATP French Open - 1/16-finals,Diego Schwartzman,Stefanos Tsitsipas,0,0,0,1,0,-0.7662337662337662,0.14285714285714285,7.0,0.9090909090909091,1.1
11867652,2023-06-02,19:20:00,French Open,ATP French Open - 1/16-finals,Pablo Varillas Juan,Hubert Hurkacz,1,0,0,1,0,-0.380952380952381,0.3333333333333333,3.0,0.7142857142857143,1.4
11867553,2023-06-02,20:30:00,French Open,ATP French Open - 1/16-finals,Carlos Alcaraz,Denis Shapovalov,1,0,0,1,0,0.8846153846153846,0.9615384615384615,1.04,0.07692307692307693,13.0
11866840,2023-06-01,11:10:00,French Open,ATP French Open - 1/32-finals,Borna Coric,Pedro Cachin,1,0,0,1,0,0.42279411764705876,0.7352941176470588,1.36,0.3125,3.2
11867089,2023-06-01,12:00:00,French Open,ATP French Open - 1/32-finals,Giulio Zeppieri,Casper Ruud,0,0,0,1,0,-0.8009259259259258,0.125,8.0,0.9259259259259258,1.08
11866843,2023-06-01,15:20:00,French Open,ATP French Open - 1/32-finals,Agustin Tirante Thiago,Zhizhen Zhang,0,0,0,1,0,-0.21677460793234488,0.42016806722689076,2.38,0.6369426751592356,1.57
11867088,2023-06-01,16:30:00,French Open,ATP French Open - 1/32-finals,Alberto Olivieri Genaro,Andrea Vavassori,1,0,0,1,0,-0.42279411764705876,0.3125,3.2,0.7352941176470588,1.36
11867034,2023-06-01,16:50:00,French Open,ATP French Open - 1/32-finals,Tommy Paul,Nicolas Jarry,0,0,0,1,0,-0.1825013419216317,0.4347826086956522,2.3,0.6172839506172839,1.62
11867281,2023-06-01,20:15:00,French Open,ATP French Open - 1/32-finals,Holger Rune,Gael Monfils,1,0,0,1,0,0.8234683281412254,0.9345794392523364,1.07,0.1111111111111111,9.0
11867090,2023-06-01,20:30:00,French Open,ATP French Open - 1/32-finals,Alexander Zverev,Alex Molcan,1,0,0,1,0,0.588725248930451,0.819672131147541,1.22,0.23094688221709006,4.33
11866524,2023-05-31,11:10:00,French Open,ATP French Open - 1/32-finals,Sebastian Ofner,Sebastian Korda,1,0,0,1,0,-0.25359477124183005,0.4,2.5,0.6535947712418301,1.53
11866687,2023-05-31,11:10:00,French Open,ATP French Open - 1/32-finals,Fabio Fognini,Jason Kubler,1,0,0,1,0,0.2864385297845373,0.6666666666666666,1.5,0.3802281368821293,2.63
11866688,2023-05-31,13:25:00,French Open,ATP French Open - 1/32-finals,Stan Wawrinka,Thanasi Kokkinakis,0,0,0,1,0,0.05555555555555558,0.5555555555555556,1.8,0.5,2.0
11866624,2023-05-31,14:05:00,French Open,ATP French Open - 1/32-finals,Diego Schwartzman,Nuno Borges,1,0,0,1,0,0.10184420589044874,0.5780346820809249,1.73,0.47619047619047616,2.1
11866620,2023-05-31,15:35:00,French Open,ATP French Open - 1/32-finals,Matteo Arnaldi,Denis Shapovalov,0,0,0,1,0,0.10184420589044874,0.5780346820809249,1.73,0.47619047619047616,2.1
11866621,2023-05-31,16:20:00,French Open,ATP French Open - 1/32-finals,Roberto Bautista-Agut,Pablo Varillas Juan,0,0,0,1,0,0.380952380952381,0.7142857142857143,1.4,0.3333333333333333,3.0
11866485,2023-05-31,16:35:00,French Open,ATP French Open - 1/32-finals,Karen Khachanov,Radu Albot,1,0,0,1,0,0.6547008547008548,0.8547008547008548,1.17,0.2,5.0
11866484,2023-05-31,16:55:00,French Open,ATP French Open - 1/32-finals,Tallon Griekspoor,Hubert Hurkacz,0,0,0,1,0,-0.380952380952381,0.3333333333333333,3.0,0.7142857142857143,1.4
11866560,2023-05-31,19:50:00,French Open,ATP French Open - 1/32-finals,Lorenzo Musetti,Alexander Shevchenko,1,0,0,1,0,0.5085271317829456,0.7751937984496123,1.29,0.26666666666666666,3.75
11866039,2023-05-30,11:10:00,French Open,ATP French Open - 1/64-finals,Nicolas Jarry,Hugo Dellien,1,0,0,1,0,0.6111111111111112,0.8333333333333334,1.2,0.2222222222222222,4.5
11866285,2023-05-30,11:10:00,French Open,ATP French Open - 1/64-finals,Tommy Paul,Dominic Stricker,1,0,0,1,0,0.4577620521892967,0.7518796992481203,1.33,0.29411764705882354,3.4
11866293,2023-05-30,11:10:00,French Open,ATP French Open - 1/64-finals,Elias Ymer,Casper Ruud,0,0,0,1,0,-0.8433962264150943,0.1,10.0,0.9433962264150942,1.06
11866054,2023-05-30,11:15:00,French Open,ATP French Open - 1/64-finals,Max Purcell,Jordan Thompson,1,0,0,1,0,-0.10184420589044874,0.47619047619047616,2.1,0.5780346820809249,1.73
11866292,2023-05-30,11:15:00,French Open,ATP French Open - 1/64-finals,Andrea Vavassori,Miomir Kecmanovic,1,0,0,1,0,-0.380952380952381,0.3333333333333333,3.0,0.7142857142857143,1.4
11866034,2023-05-30,12:35:00,French Open,ATP French Open - 1/64-finals,Hugo Gaston,Alex Molcan,0,0,0,1,0,-0.21677460793234488,0.42016806722689076,2.38,0.6369426751592356,1.57
11866277,2023-05-30,13:15:00,French Open,ATP French Open - 1/64-finals,Alexander Bublik,Giulio Zeppieri,0,0,0,1,0,-0.10184420589044874,0.47619047619047616,2.1,0.5780346820809249,1.73
11866055,2023-05-30,16:10:00,French Open,ATP French Open - 1/64-finals,Holger Rune,Christopher Eubanks,1,0,0,1,0,0.9277605779153766,0.9803921568627451,1.02,0.05263157894736842,19.0
11866046,2023-05-30,17:50:00,French Open,ATP French Open - 1/64-finals,Michael Mmoh,Taylor Fritz,0,0,0,1,0,-0.9277605779153766,0.05263157894736842,19.0,0.9803921568627451,1.02
11866290,2023-05-30,18:10:00,French Open,ATP French Open - 1/64-finals,Timofey Skatov,Grigor Dimitrov,0,0,0,1,0,-0.7662337662337662,0.14285714285714285,7.0,0.9090909090909091,1.1
11866038,2023-05-29,11:10:00,French Open,ATP French Open - 1/64-finals,Ilya Ivashka,Alex De Minaur,0,0,0,1,0,-0.5085271317829456,0.26666666666666666,3.75,0.7751937984496123,1.29
11866050,2023-05-29,11:10:00,French Open,ATP French Open - 1/64-finals,Brandon Nakashima,Denis Shapovalov,0,0,0,1,0,0.10184420589044874,0.5780346820809249,1.73,0.47619047619047616,2.1
11866053,2023-05-29,11:10:00,French Open,ATP French Open - 1/64-finals,Benoit Paire,Cameron Norrie,0,0,0,1,0,-0.747054747054747,0.15384615384615385,6.5,0.9009009009009008,1.11
11866064,2023-05-29,11:10:00,French Open,ATP French Open - 1/64-finals,Bernabe Zapata Miralles,Diego Schwartzman,0,0,0,1,0,0.10184420589044874,0.5780346820809249,1.73,0.47619047619047616,2.1
11866289,2023-05-29,11:10:00,French Open,ATP French Open - 1/64-finals,Juncheng Shang,Pablo Varillas Juan,0,0,0,1,0,-0.21677460793234488,0.42016806722689076,2.38,0.6369426751592356,1.57
11866052,2023-05-29,13:35:00,French Open,ATP French Open - 1/64-finals,Christopher O'Connell,Taro Daniel,0,0,0,1,0,0.14425694066412637,0.5988023952095809,1.67,0.45454545454545453,2.2
11866291,2023-05-29,14:35:00,French Open,ATP French Open - 1/64-finals,Botic Van De Zandschulp,Agustin Tirante Thiago,0,0,0,1,0,0.6111111111111112,0.8333333333333334,1.2,0.2222222222222222,4.5
11866027,2023-05-29,15:25:00,French Open,ATP French Open - 1/64-finals,Borna Coric,Federico Coria,1,0,0,1,0,0.7182890855457228,0.8849557522123894,1.13,0.16666666666666666,6.0
11866060,2023-05-29,15:40:00,French Open,ATP French Open - 1/64-finals,Dominic Thiem,Pedro Cachin,0,0,0,1,0,0.14425694066412637,0.5988023952095809,1.67,0.45454545454545453,2.2
11866276,2023-05-29,17:40:00,French Open,ATP French Open - 1/64-finals,Carlos Alcaraz,Flavio Cobolli,1,0,0,1,0,0.9327731092436975,0.9803921568627451,1.02,0.047619047619047616,21.0
11866059,2023-05-29,20:30:00,French Open,ATP French Open - 1/64-finals,Jannik Sinner,Alexandre Muller,1,0,0,1,0,0.9042071197411004,0.970873786407767,1.03,0.06666666666666667,15.0
11866040,2023-05-28,11:10:00,French Open,ATP French Open - 1/64-finals,Karen Khachanov,Constant Lestienne,1,0,0,1,0,0.9327731092436975,0.9803921568627451,1.02,0.047619047619047616,21.0
11866280,2023-05-28,11:10:00,French Open,ATP French Open - 1/64-finals,Patrick Kypson,Radu Albot,0,0,0,1,0,-0.42279411764705876,0.3125,3.2,0.7352941176470588,1.36
11866281,2023-05-28,11:10:00,French Open,ATP French Open - 1/64-finals,Pedro Martinez,Tallon Griekspoor,0,0,0,1,0,0.10184420589044874,0.5780346820809249,1.73,0.47619047619047616,2.1
11866284,2023-05-28,11:10:00,French Open,ATP French Open - 1/64-finals,Sebastian Ofner,Maxime Cressy,1,0,0,1,0,0.48351648351648346,0.7692307692307692,1.3,0.2857142857142857,3.5
11866041,2023-05-28,12:10:00,French Open,ATP French Open - 1/64-finals,Thanasi Kokkinakis,Daniel Evans,1,0,0,1,0,-0.05555555555555558,0.5,2.0,0.5555555555555556,1.8
11866279,2023-05-28,13:35:00,French Open,ATP French Open - 1/64-finals,Jason Kubler,Facundo Diaz Acosta,1,0,0,1,0,-0.1825013419216317,0.4347826086956522,2.3,0.6172839506172839,1.62
11866037,2023-05-28,13:45:00,French Open,ATP French Open - 1/64-finals,John Isner,Nuno Borges,0,0,0,1,0,-0.380952380952381,0.3333333333333333,3.0,0.7142857142857143,1.4
11866278,2023-05-28,15:45:00,French Open,ATP French Open - 1/64-finals,Roberto Carballes Baena,Emilio Nava,1,0,0,1,0,0.55,0.8,1.25,0.25,4.0
11866058,2023-05-28,18:45:00,French Open,ATP French Open - 1/64-finals,Alexander Shevchenko,Oscar Otte,1,0,0,1,0,0.380952380952381,0.7142857142857143,1.4,0.3333333333333333,3.0
11866044,2023-05-28,19:15:00,French Open,ATP French Open - 1/64-finals,Adrian Mannarino,Ugo Humbert,0,0,0,1,0,-0.588725248930451,0.23094688221709006,4.33,0.819672131147541,1.22
11866287,2023-05-28,19:35:00,French Open,ATP French Open - 1/64-finals,Lucas Pouille,Jurij Rodionov,1,0,0,1,0,0.10184420589044874,0.5780346820809249,1.73,0.47619047619047616,2.1
11866257,2023-05-27,15:10:00,ATP Geneva,ATP Geneva - Final,Nicolas Jarry,Grigor Dimitrov,1,0,0,1,0,0.10184420589044874,0.5780346820809249,1.73,0.47619047619047616,2.1
11865822,2023-05-26,11:05:00,French Open,ATP French Open - Final,Sebastian Ofner,Facundo Diaz Acosta,1,0,0,1,0,-0.19249823071479122,0.4444444444444444,2.25,0.6369426751592356,1.57
11865821,2023-05-26,11:10:00,French Open,ATP French Open - Final,Laurent Lokoli,Flavio Cobolli,0,0,0,1,0,-0.19249823071479122,0.4444444444444444,2.25,0.6369426751592356,1.57
11865902,2023-05-26,14:55:00,French Open,ATP French Open - Final,Timofey Skatov,Felipe Meligeni Alves,1,0,0,1,0,-0.35064935064935066,0.36363636363636365,2.75,0.7142857142857143,1.4
11865898,2023-05-26,15:50:00,French Open,ATP French Open - Final,Geoffrey Blancaneaux,Emilio Nava,0,0,0,1,0,0.19249823071479122,0.6369426751592356,1.57,0.4444444444444444,2.25
11866178,2023-05-26,17:25:00,ATP Geneva,ATP Geneva - Semi-finals,Nicolas Jarry,Alexander Zverev,1,0,0,1,0,-0.3308080808080808,0.36363636363636365,2.75,0.6944444444444444,1.44
11865708,2023-05-25,11:10:00,French Open,ATP French Open - Final,Dominic Stricker,Agustin Tirante Thiago,0,0,0,1,0,0.35064935064935066,0.7142857142857143,1.4,0.36363636363636365,2.75
11865709,2023-05-25,11:10:00,French Open,ATP French Open - Final,Giulio Zeppieri,Frederico Ferreira Silva,1,0,0,1,0,0.4955357142857143,0.78125,1.28,0.2857142857142857,3.5
11865774,2023-05-25,13:10:00,ATP Geneva,ATP Geneva - Quarter-finals,Ilya Ivashka,Taylor Fritz,0,0,0,1,0,-0.6111111111111112,0.2222222222222222,4.5,0.8333333333333334,1.2
11865741,2023-05-25,13:25:00,French Open,ATP French Open - Final,Radu Albot,Camilo Ugo Carabelli,1,0,0,1,0,0.12621916236374076,0.6024096385542169,1.66,0.47619047619047616,2.1
11865775,2023-05-25,14:20:00,ATP Geneva,ATP Geneva - Quarter-finals,Christopher O'Connell,Grigor Dimitrov,0,0,0,1,0,-0.4577620521892967,0.29411764705882354,3.4,0.7518796992481203,1.33
11865744,2023-05-25,14:35:00,French Open,ATP French Open - Final,Alejandro Tabilo,Andrea Vavassori,0,0,0,1,0,0.23165384297178793,0.6535947712418301,1.53,0.42194092827004215,2.37
11865742,2023-05-25,14:40:00,French Open,ATP French Open - Final,Hamad Medjedovic,Jesper De Jong,1,0,0,1,0,0.19249823071479122,0.6369426751592356,1.57,0.4444444444444444,2.25
11865773,2023-05-25,16:20:00,French Open,ATP French Open - Final,Lucas Pouille,Jurij Rodionov,1,0,0,1,0,-0.12621916236374076,0.47619047619047616,2.1,0.6024096385542169,1.66
11865830,2023-05-25,19:20:00,ATP Geneva,ATP Geneva - Quarter-finals,Casper Ruud,Nicolas Jarry,0,0,0,1,0,0.4577620521892967,0.7518796992481203,1.33,0.29411764705882354,3.4
11865029,2023-05-24,10:05:00,French Open,ATP French Open - Semi-finals,Dominic Stricker,Dalibor Svrcina,1,0,0,1,0,0.31276505513146735,0.6944444444444444,1.44,0.38167938931297707,2.62
11865150,2023-05-24,10:05:00,French Open,ATP French Open - Semi-finals,Giulio Zeppieri,Santiago Rodriguez Taverna,1,0,0,1,0,0.44418739155581255,0.7518796992481203,1.33,0.3076923076923077,3.25
11865014,2023-05-24,10:10:00,French Open,ATP French Open - Semi-finals,Gauthier Onclin,Agustin Tirante Thiago,0,0,0,1,0,-0.0292397660818714,0.5263157894736842,1.9,0.5555555555555556,1.8
11865417,2023-05-24,11:10:00,ATP Lyon,ATP Lyon - 1/8-finals,Sebastian Baez,Pedro Cachin,1,0,0,1,0,0.42279411764705876,0.7352941176470588,1.36,0.3125,3.2
11865149,2023-05-24,11:40:00,French Open,ATP French Open - Semi-finals,Andrea Vavassori,Filip Misolic,1,0,0,1,0,0.12621916236374076,0.6024096385542169,1.66,0.47619047619047616,2.1
11865379,2023-05-24,11:40:00,ATP Geneva,ATP Geneva - 1/8-finals,Adrian Mannarino,Ilya Ivashka,0,0,0,1,0,-0.380952380952381,0.3333333333333333,3.0,0.7142857142857143,1.4
11865266,2023-05-24,12:00:00,French Open,ATP French Open - Semi-finals,Manuel Cerundolo Juan,Hamad Medjedovic,0,0,0,1,0,-0.12621916236374076,0.47619047619047616,2.1,0.6024096385542169,1.66
11865145,2023-05-24,12:10:00,French Open,ATP French Open - Semi-finals,Radu Albot,Ryan Peniston,1,0,0,1,0,0.4751131221719456,0.7692307692307692,1.3,0.29411764705882354,3.4
11865268,2023-05-24,12:10:00,French Open,ATP French Open - Semi-finals,Borna Gojo,Alejandro Tabilo,0,0,0,1,0,0.0,0.5464480874316939,1.83,0.5464480874316939,1.83
11865267,2023-05-24,12:20:00,French Open,ATP French Open - Semi-finals,Jesper De Jong,Norbert Gombos,1,0,0,1,0,0.19249823071479122,0.6369426751592356,1.57,0.4444444444444444,2.25
11865148,2023-05-24,12:35:00,French Open,ATP French Open - Semi-finals,Camilo Ugo Carabelli,Sascha Gueymard Wayenburg,1,0,0,1,0,0.569672131147541,0.819672131147541,1.22,0.25,4.0
11865358,2023-05-24,12:55:00,French Open,ATP French Open - Semi-finals,Yannick Hanfmann,Zdenek Kolar,1,0,0,1,0,0.6252354048964219,0.8474576271186441,1.18,0.2222222222222222,4.5
11865380,2023-05-24,13:00:00,ATP Geneva,ATP Geneva - 1/8-finals,Bernabe Zapata Miralles,Christopher O'Connell,0,0,0,1,0,0.21677460793234488,0.6369426751592356,1.57,0.42016806722689076,2.38
11865147,2023-05-24,13:10:00,French Open,ATP French Open - Semi-finals,Dennis Novak,Jurij Rodionov,0,0,0,1,0,-0.08139534883720934,0.5,2.0,0.5813953488372093,1.72
11865376,2023-05-24,14:20:00,French Open,ATP French Open - Semi-finals,Flavio Cobolli,Lukas Klein,1,0,0,1,0,0.08139534883720934,0.5813953488372093,1.72,0.5,2.0
11865323,2023-05-24,14:25:00,French Open,ATP French Open - Semi-finals,Lucas Pouille,Hsin Tseng Chun,1,0,0,1,0,0.12621916236374076,0.6024096385542169,1.66,0.47619047619047616,2.1
11865359,2023-05-24,14:40:00,French Open,ATP French Open - Semi-finals,Sebastian Ofner,Jan Choinski,1,0,0,1,0,0.31276505513146735,0.6944444444444444,1.44,0.38167938931297707,2.62
11865377,2023-05-24,16:30:00,French Open,ATP French Open - Semi-finals,Nicolas Moreno De Alboran,Aleksandar Vukic,1,0,0,1,0,0.0,0.5464480874316939,1.83,0.5464480874316939,1.83
11865375,2023-05-24,16:35:00,French Open,ATP French Open - Semi-finals,Adrian Andreev,Pablo Ficovich Juan,1,0,0,1,0,0.16657255787690567,0.6211180124223602,1.61,0.45454545454545453,2.2
11865539,2023-05-24,17:45:00,French Open,ATP French Open - Semi-finals,Otto Virtanen,Timofey Skatov,0,0,0,1,0,-0.2666666666666666,0.4,2.5,0.6666666666666666,1.5
11865415,2023-05-24,18:10:00,French Open,ATP French Open - Semi-finals,Emilio Nava,Liam Broady,1,0,0,1,0,0.08139534883720934,0.5813953488372093,1.72,0.5,2.0
11865416,2023-05-24,18:20:00,ATP Geneva,ATP Geneva - 1/8-finals,Casper Ruud,John Wolf Jeffrey,1,0,0,1,0,0.6111111111111112,0.8333333333333334,1.2,0.2222222222222222,4.5
11865538,2023-05-24,18:25:00,French Open,ATP French Open - Semi-finals,Felipe Meligeni Alves,Tomas Barrios Vera,1,0,0,1,0,-0.08139534883720934,0.5,2.0,0.5813953488372093,1.72
11865607,2023-05-24,18:40:00,French Open,ATP French Open - Semi-finals,Riccardo Bonadio,Geoffrey Blancaneaux,0,0,0,1,0,-0.0292397660818714,0.5263157894736842,1.9,0.5555555555555556,1.8
11865381,2023-05-24,20:00:00,ATP Geneva,ATP Geneva - 1/8-finals,Nicolas Jarry,Tallon Griekspoor,1,0,0,1,0,0.21677460793234488,0.6369426751592356,1.57,0.42016806722689076,2.38
11864900,2023-05-23,10:05:00,French Open,ATP French Open - Quarter-finals,Terence Atmane,Zdenek Kolar,0,0,0,1,0,-0.2666666666666666,0.4,2.5,0.6666666666666666,1.5
11864909,2023-05-23,10:05:00,French Open,ATP French Open - Quarter-finals,Mathys Erhard,Flavio Cobolli,0,0,0,1,0,-0.7261904761904762,0.16666666666666666,6.0,0.8928571428571428,1.12
11864922,2023-05-23,10:05:00,French Open,ATP French Open - Quarter-finals,Sebastian Ofner,Rio Noguchi,1,0,0,1,0,0.8433962264150943,0.9433962264150942,1.06,0.1,10.0
11864912,2023-05-23,11:15:00,French Open,ATP French Open - Quarter-finals,Egor Gerasimov,Laurent Lokoli,0,0,0,1,0,-0.6953748006379585,0.18181818181818182,5.5,0.8771929824561404,1.14
11864931,2023-05-23,11:35:00,ATP Geneva,ATP Geneva - 1/16-finals,Nino Serdarusic,Christopher O'Connell,0,0,0,1,0,-0.42279411764705876,0.3125,3.2,0.7352941176470588,1.36
11864634,2023-05-23,11:40:00,ATP Geneva,ATP Geneva - 1/16-finals,Guido Pella,Ilya Ivashka,0,0,0,1,0,-0.21677460793234488,0.42016806722689076,2.38,0.6369426751592356,1.57
11864906,2023-05-23,11:45:00,French Open,ATP French Open - Quarter-finals,Raphael Collignon,Aleksandar Vukic,0,0,0,1,0,-0.19249823071479122,0.4444444444444444,2.25,0.6369426751592356,1.57
11864910,2023-05-23,12:20:00,French Open,ATP French Open - Quarter-finals,Pablo Ficovich Juan,Gijs Brouwer,1,0,0,1,0,-0.40196078431372545,0.3333333333333333,3.0,0.7352941176470588,1.36
11864899,2023-05-23,12:35:00,French Open,ATP French Open - Quarter-finals,Franco Agamenone,Facundo Diaz Acosta,0,0,0,1,0,-0.35064935064935066,0.36363636363636365,2.75,0.7142857142857143,1.4
11864932,2023-05-23,13:25:00,ATP Geneva,ATP Geneva - 1/16-finals,Stefano Travaglia,Tallon Griekspoor,0,0,0,1,0,-0.25359477124183005,0.4,2.5,0.6535947712418301,1.53
11864640,2023-05-23,13:30:00,ATP Lyon,ATP Lyon - 1/16-finals,Gael Monfils,Pedro Cachin,0,0,0,1,0,-0.48351648351648346,0.2857142857142857,3.5,0.7692307692307692,1.3
11864920,2023-05-23,13:40:00,French Open,ATP French Open - Quarter-finals,Emilio Nava,Dimitar Kuzmanov,1,0,0,1,0,-0.16657255787690567,0.45454545454545453,2.2,0.6211180124223602,1.61
11864934,2023-05-23,13:40:00,ATP Lyon,ATP Lyon - 1/8-finals,Pablo Varillas Juan,Francisco Cerundolo,0,0,0,1,0,-0.42279411764705876,0.3125,3.2,0.7352941176470588,1.36
11864911,2023-05-23,13:50:00,French Open,ATP French Open - Quarter-finals,Arthur Gea,Liam Broady,0,0,0,1,0,-0.4955357142857143,0.2857142857142857,3.5,0.78125,1.28
11864917,2023-05-23,13:50:00,French Open,ATP French Open - Quarter-finals,Pavel Kotov,Michael Geerts,0,0,0,1,0,0.6023864511162433,0.8333333333333334,1.2,0.23094688221709006,4.33
11864903,2023-05-23,15:00:00,French Open,ATP French Open - Quarter-finals,Geoffrey Blancaneaux,Cem Ilkel,1,0,0,1,0,0.4955357142857143,0.78125,1.28,0.2857142857142857,3.5
11864914,2023-05-23,15:30:00,French Open,ATP French Open - Quarter-finals,Nick Hardt,Gabriel Debru,1,0,0,1,0,0.0,0.5464480874316939,1.83,0.5464480874316939,1.83
11864923,2023-05-23,16:50:00,French Open,ATP French Open - Quarter-finals,Zsombor Piros,Dominik Koepfer,0,0,0,1,0,-0.19249823071479122,0.4444444444444444,2.25,0.6369426751592356,1.57
11864901,2023-05-23,17:45:00,French Open,ATP French Open - Quarter-finals,Tomas Barrios Vera,Jozef Kovalik,1,0,0,1,0,0.31276505513146735,0.6944444444444444,1.44,0.38167938931297707,2.62
11864929,2023-05-23,17:45:00,French Open,ATP French Open - Quarter-finals,Tung-Lin Wu,Felipe Meligeni Alves,0,0,0,1,0,-0.44418739155581255,0.3076923076923077,3.25,0.7518796992481203,1.33
11864926,2023-05-23,18:55:00,French Open,ATP French Open - Quarter-finals,Timofey Skatov,Gabriel Diallo,1,0,0,1,0,0.31276505513146735,0.6944444444444444,1.44,0.38167938931297707,2.62
11864824,2023-05-22,10:10:00,French Open,ATP French Open - Quarter-finals,Gauthier Onclin,David Ionel Nicholas,1,0,0,1,0,0.12621916236374076,0.6024096385542169,1.66,0.47619047619047616,2.1
11864825,2023-05-22,10:10:00,French Open,ATP French Open - Quarter-finals,Dominic Stricker,Jelle Sels,1,0,0,1,0,0.6953748006379585,0.8771929824561404,1.14,0.18181818181818182,5.5
11864827,2023-05-22,10:10:00,French Open,ATP French Open - Quarter-finals,Agustin Tirante Thiago,Rinky Hijikata,1,0,0,1,0,0.35064935064935066,0.7142857142857143,1.4,0.36363636363636365,2.75
11864642,2023-05-22,11:05:00,ATP Lyon,ATP Lyon - 1/16-finals,Diego Schwartzman,Brandon Nakashima,0,0,0,1,0,0.1478641840087624,0.6024096385542169,1.66,0.45454545454545453,2.2
11864632,2023-05-22,11:40:00,ATP Geneva,ATP Geneva - 1/16-finals,Nicolas Jarry,Dusan Lajovic,1,0,0,1,0,0.0,0.5235602094240838,1.91,0.5235602094240838,1.91
11864832,2023-05-22,12:35:00,French Open,ATP French Open - Quarter-finals,Brandon Holt,Jurij Rodionov,0,0,0,1,0,-0.4955357142857143,0.2857142857142857,3.5,0.78125,1.28
11864633,2023-05-22,13:05:00,ATP Geneva,ATP Geneva - 1/16-finals,Adrian Mannarino,Filip Krajinovic,1,0,0,1,0,-0.42279411764705876,0.3125,3.2,0.7352941176470588,1.36
11864836,2023-05-22,13:05:00,French Open,ATP French Open - Quarter-finals,Lorenzo Giustino,Frederico Ferreira Silva,0,0,0,1,0,-0.08139534883720934,0.5,2.0,0.5813953488372093,1.72
11864853,2023-05-22,13:05:00,ATP Geneva,ATP Geneva - 1/16-finals,Bernabe Zapata Miralles,Vitaliy Sachko,1,0,0,1,0,0.48351648351648346,0.7692307692307692,1.3,0.2857142857142857,3.5
11864840,2023-05-22,13:20:00,French Open,ATP French Open - Quarter-finals,Andrea Vavassori,Titouan Droguet,1,0,0,1,0,0.4751131221719456,0.7692307692307692,1.3,0.29411764705882354,3.4
11864841,2023-05-22,13:20:00,French Open,ATP French Open - Quarter-finals,Giulio Zeppieri,Nikoloz Basilashvili,1,0,0,1,0,0.4955357142857143,0.78125,1.28,0.2857142857142857,3.5
11864829,2023-05-22,13:35:00,French Open,ATP French Open - Quarter-finals,Enzo Couacaud,Filip Misolic,0,0,0,1,0,-0.35064935064935066,0.36363636363636365,2.75,0.7142857142857143,1.4
11864835,2023-05-22,13:35:00,French Open,ATP French Open - Quarter-finals,Manuel Cerundolo Juan,Zachary Svajda,1,0,0,1,0,0.6252354048964219,0.8474576271186441,1.18,0.2222222222222222,4.5
11864839,2023-05-22,14:15:00,French Open,ATP French Open - Quarter-finals,Ryan Peniston,Altug Celikbilek,1,0,0,1,0,0.08139534883720934,0.5813953488372093,1.72,0.5,2.0
11864848,2023-05-22,15:30:00,French Open,ATP French Open - Quarter-finals,Joao Sousa,Santiago Rodriguez Taverna,0,0,0,1,0,0.19249823071479122,0.6369426751592356,1.57,0.4444444444444444,2.25
11864844,2023-05-22,15:50:00,French Open,ATP French Open - Quarter-finals,Borna Gojo,Damir Dzumhur,1,0,0,1,0,0.23165384297178793,0.6535947712418301,1.53,0.42194092827004215,2.37
11864849,2023-05-22,15:55:00,French Open,ATP French Open - Quarter-finals,Hsin Tseng Chun,Alexander Ritschard,1,0,0,1,0,-0.08139534883720934,0.5,2.0,0.5813953488372093,1.72
11864842,2023-05-22,16:00:00,French Open,ATP French Open - Quarter-finals,Radu Albot,Vit Kopriva,1,0,0,1,0,0.16657255787690567,0.6211180124223602,1.61,0.45454545454545453,2.2
11864850,2023-05-22,16:20:00,French Open,ATP French Open - Quarter-finals,Camilo Ugo Carabelli,Kaichi Uchida,1,0,0,1,0,0.35064935064935066,0.7142857142857143,1.4,0.36363636363636365,2.75
11864851,2023-05-22,16:25:00,French Open,ATP French Open - Quarter-finals,Antoine Ghibaudo,Norbert Gombos,0,0,0,1,0,-0.6620689655172414,0.2,5.0,0.8620689655172414,1.16
11864847,2023-05-22,16:30:00,French Open,ATP French Open - Quarter-finals,Maximilian Neuchrist,Jesper De Jong,0,0,0,1,0,-0.569672131147541,0.25,4.0,0.819672131147541,1.22
11864846,2023-05-22,16:45:00,French Open,ATP French Open - Quarter-finals,Luca Nardi,Alejandro Tabilo,0,0,0,1,0,-0.35064935064935066,0.36363636363636365,2.75,0.7142857142857143,1.4
11864713,2023-05-21,11:10:00,ATP Geneva,ATP Geneva - Final,Arthur Cazaux,Nino Serdarusic,0,0,0,1,0,0.2666666666666666,0.6666666666666666,1.5,0.4,2.5
11864641,2023-05-21,12:40:00,ATP Lyon,ATP Lyon - 1/16-finals,Albert Ramos-Vinolas,Pablo Varillas Juan,0,0,0,1,0,-0.05555555555555558,0.5,2.0,0.5555555555555556,1.8
11864631,2023-05-21,16:50:00,ATP Geneva,ATP Geneva - 1/16-finals,Christopher Eubanks,Benoit Paire,1,0,0,1,0,-0.25359477124183005,0.4,2.5,0.6535947712418301,1.53
11864800,2023-05-21,17:40:00,ATP Rome,ATP Rome - Final,Holger Rune,Daniil Medvedev,0,0,0,1,0,0.0,0.5235602094240838,1.91,0.5235602094240838,1.91
11864561,2023-05-20,11:10:00,ATP Geneva,ATP Geneva - Semi-finals,Thiago Monteiro,Fernando Verdasco,1,0,0,1,0,0.7662337662337662,0.9090909090909091,1.1,0.14285714285714285,7.0
11864566,2023-05-20,12:20:00,ATP Geneva,ATP Geneva - Semi-finals,Nino Serdarusic,Marek Gengel,1,0,0,1,0,0.747054747054747,0.9009009009009008,1.11,0.15384615384615385,6.5
11864572,2023-05-20,12:25:00,ATP Lyon,ATP Lyon - Semi-finals,Alvaro Lopez San Martin,Hernan Casanova,1,0,0,1,0,-0.08139534883720934,0.5,2.0,0.5813953488372093,1.72
11864275,2023-05-20,13:10:00,ATP Rome,ATP Rome - Semi-finals,Holger Rune,Casper Ruud,1,0,0,1,0,0.21677460793234488,0.6369426751592356,1.57,0.42016806722689076,2.38
11864575,2023-05-20,16:40:00,ATP Lyon,ATP Lyon - Semi-finals,Lloyd Harris,Manuel Guinard,1,0,0,1,0,0.2666666666666666,0.6666666666666666,1.5,0.4,2.5
11863610,2023-05-17,13:10:00,ATP Rome,ATP Rome - Quarter-finals,Novak Djokovic,Holger Rune,0,0,0,1,0,0.4577620521892967,0.7518796992481203,1.33,0.29411764705882354,3.4
11863740,2023-05-17,19:40:00,ATP Rome,ATP Rome - Quarter-finals,Casper Ruud,Francisco Cerundolo,1,0,0,1,0,0.1825013419216317,0.6172839506172839,1.62,0.4347826086956522,2.3
11863093,2023-05-16,11:10:00,ATP Rome,ATP Rome - 1/8-finals,Alexei Popyrin,Holger Rune,0,0,0,1,0,-0.6547008547008548,0.2,5.0,0.8547008547008548,1.17
11863164,2023-05-16,15:20:00,ATP Rome,ATP Rome - 1/8-finals,Casper Ruud,Laslo Djere,1,0,0,1,0,0.380952380952381,0.7142857142857143,1.4,0.3333333333333333,3.0
11863070,2023-05-15,15:40:00,ATP Rome,ATP Rome - 1/16-finals,Bernabe Zapata Miralles,Daniil Medvedev,0,0,0,1,0,-0.588725248930451,0.23094688221709006,4.33,0.819672131147541,1.22
11862948,2023-05-14,12:50:00,ATP Rome,ATP Rome - 1/16-finals,Fabio Fognini,Holger Rune,0,0,0,1,0,-0.6111111111111112,0.2222222222222222,4.5,0.8333333333333334,1.2
11862784,2023-05-14,14:30:00,ATP Rome,ATP Rome - 1/32-finals,Stefanos Tsitsipas,Nuno Borges,1,0,0,1,0,0.747054747054747,0.9009009009009008,1.11,0.15384615384615385,6.5
11862949,2023-05-14,16:55:00,ATP Rome,ATP Rome - 1/16-finals,Casper Ruud,Alexander Bublik,1,0,0,1,0,0.6547008547008548,0.8547008547008548,1.17,0.2,5.0
11862886,2023-05-14,20:35:00,ATP Rome,ATP Rome - 1/16-finals,Alexander Shevchenko,Jannik Sinner,0,0,0,1,0,-0.8009259259259258,0.125,8.0,0.9259259259259258,1.08
11862861,2023-05-13,12:50:00,ATP Rome,ATP Rome - 1/32-finals,Andrey Rublev,Alex Molcan,1,0,0,1,0,0.6547008547008548,0.8547008547008548,1.17,0.2,5.0
11862740,2023-05-13,16:10:00,ATP Rome,ATP Rome - 1/32-finals,Bernabe Zapata Miralles,Jason Kubler,1,0,0,1,0,0.2150017468891935,0.6369426751592356,1.57,0.42194092827004215,2.37
11862533,2023-05-12,11:10:00,ATP Rome,ATP Rome - 1/32-finals,Thanasi Kokkinakis,Jannik Sinner,0,0,0,1,0,-0.747054747054747,0.15384615384615385,6.5,0.9009009009009008,1.11
11862534,2023-05-12,11:10:00,ATP Rome,ATP Rome - 1/32-finals,Alexandre Muller,Cameron Norrie,0,0,0,1,0,-0.4577620521892967,0.29411764705882354,3.4,0.7518796992481203,1.33
11862535,2023-05-12,13:30:00,ATP Rome,ATP Rome - 1/32-finals,Alexander Shevchenko,Sebastian Baez,1,0,0,1,0,-0.2864385297845373,0.3802281368821293,2.63,0.6666666666666666,1.5
11862688,2023-05-12,15:35:00,ATP Rome,ATP Rome - 1/32-finals,Karen Khachanov,Gregoire Barrere,0,0,0,1,0,0.6953748006379585,0.8771929824561404,1.14,0.18181818181818182,5.5
11862666,2023-05-12,19:15:00,ATP Rome,ATP Rome - 1/32-finals,Arthur Fils,Holger Rune,0,0,0,1,0,-0.6953748006379585,0.18181818181818182,5.5,0.8771929824561404,1.14
11862689,2023-05-12,20:10:00,ATP Rome,ATP Rome - 1/32-finals,Casper Ruud,Arthur Rinderknech,1,0,0,1,0,0.6547008547008548,0.8547008547008548,1.17,0.2,5.0
11862029,2023-05-11,11:10:00,ATP Rome,ATP Rome - 1/64-finals,Marc-Andrea Huesler,Jason Kubler,0,0,0,1,0,-0.05555555555555558,0.5,2.0,0.5555555555555556,1.8
11862261,2023-05-11,11:10:00,ATP Rome,ATP Rome - 1/64-finals,Giulio Zeppieri,Daniel Altmaier,0,0,0,1,0,-0.25359477124183005,0.4,2.5,0.6535947712418301,1.53
11862035,2023-05-11,12:55:00,ATP Rome,ATP Rome - 1/64-finals,Adrian Mannarino,Thiago Monteiro,0,0,0,1,0,-0.3308080808080808,0.36363636363636365,2.75,0.6944444444444444,1.44
11862037,2023-05-11,13:10:00,ATP Rome,ATP Rome - 1/64-finals,Luca Nardi,David Goffin,0,0,0,1,0,-0.2864385297845373,0.3802281368821293,2.63,0.6666666666666666,1.5
11862033,2023-05-11,16:00:00,ATP Rome,ATP Rome - 1/64-finals,Dusan Lajovic,Nuno Borges,0,0,0,1,0,0.42279411764705876,0.7352941176470588,1.36,0.3125,3.2
11862256,2023-05-11,16:30:00,ATP Rome,ATP Rome - 1/64-finals,Nicolas Jarry,Yannick Hanfmann,0,0,0,1,0,0.10184420589044874,0.5780346820809249,1.73,0.47619047619047616,2.1
11862259,2023-05-11,19:25:00,ATP Rome,ATP Rome - 1/64-finals,Stefano Napolitano,Alex Molcan,0,0,0,1,0,-0.6547008547008548,0.2,5.0,0.8547008547008548,1.17
11862021,2023-05-11,21:05:00,ATP Rome,ATP Rome - 1/64-finals,Matteo Arnaldi,Diego Schwartzman,1,0,0,1,0,0.21677460793234488,0.6369426751592356,1.57,0.42016806722689076,2.38
11862031,2023-05-10,12:35:00,ATP Rome,ATP Rome - 1/64-finals,Ilya Ivashka,Stan Wawrinka,0,0,0,1,0,-0.2864385297845373,0.3802281368821293,2.63,0.6666666666666666,1.5
11862022,2023-05-10,12:40:00,ATP Rome,ATP Rome - 1/64-finals,Sebastian Baez,Pablo Varillas Juan,1,0,0,1,0,0.380952380952381,0.7142857142857143,1.4,0.3333333333333333,3.0
11862023,2023-05-10,14:55:00,ATP Rome,ATP Rome - 1/64-finals,Pedro Cachin,Cristian Garin,0,0,0,1,0,-0.21677460793234488,0.42016806722689076,2.38,0.6369426751592356,1.57
11862255,2023-05-10,15:40:00,ATP Rome,ATP Rome - 1/64-finals,Kyle Edmund,Alexandre Muller,0,0,0,1,0,-0.55,0.25,4.0,0.8,1.25
11862254,2023-05-10,16:40:00,ATP Rome,ATP Rome - 1/64-finals,Manuel Cerundolo Juan,Arthur Fils,0,0,0,1,0,-0.05555555555555558,0.5,2.0,0.5555555555555556,1.8
11862258,2023-05-10,17:05:00,ATP Rome,ATP Rome - 1/64-finals,Jaume Munar,Thanasi Kokkinakis,0,0,0,1,0,-0.10520487264673317,0.47619047619047616,2.1,0.5813953488372093,1.72
11862263,2023-05-10,18:10:00,ATP Rome,ATP Rome - 1/64-finals,Alexei Popyrin,Christopher O'Connell,1,0,0,1,0,0.05555555555555558,0.5555555555555556,1.8,0.5,2.0
11862253,2023-05-10,20:15:00,ATP Rome,ATP Rome - 1/64-finals,Flavio Cobolli,Arthur Rinderknech,0,0,0,1,0,0.380952380952381,0.7142857142857143,1.4,0.3333333333333333,3.0
11861802,2023-05-09,11:10:00,ATP Rome,ATP Rome - Final,Alexandre Muller,Franco Agamenone,1,0,0,1,0,0.12621916236374076,0.6024096385542169,1.66,0.47619047619047616,2.1
11861829,2023-05-09,11:15:00,ATP Rome,ATP Rome - Final,Thanasi Kokkinakis,Jan Choinski,1,0,0,1,0,0.6252354048964219,0.8474576271186441,1.18,0.2222222222222222,4.5
11861801,2023-05-09,13:10:00,ATP Rome,ATP Rome - Final,Felipe Meligeni Alves,Fabian Marozsan,0,0,0,1,0,-0.0292397660818714,0.5263157894736842,1.9,0.5555555555555556,1.8
11861943,2023-05-09,14:35:00,ATP Rome,ATP Rome - Final,Emilio Nava,Flavio Cobolli,0,0,0,1,0,-0.40196078431372545,0.3333333333333333,3.0,0.7352941176470588,1.36
11861944,2023-05-09,14:50:00,ATP Rome,ATP Rome - Final,Alexander Shevchenko,Arthur Fils,0,0,0,1,0,0.31276505513146735,0.6944444444444444,1.44,0.38167938931297707,2.62
11861945,2023-05-09,16:30:00,ATP Rome,ATP Rome - Final,Manuel Cerundolo Juan,Tomas Barrios Vera,1,0,0,1,0,0.12621916236374076,0.6024096385542169,1.66,0.47619047619047616,2.1
11861692,2023-05-08,10:10:00,ATP Rome,ATP Rome - Semi-finals,Franco Agamenone,Otto Virtanen,1,0,0,1,0,0.12621916236374076,0.6024096385542169,1.66,0.47619047619047616,2.1
11861693,2023-05-08,10:10:00,ATP Rome,ATP Rome - Semi-finals,Borna Gojo,Felipe Meligeni Alves,0,0,0,1,0,0.31276505513146735,0.6944444444444444,1.44,0.38167938931297707,2.62
11861694,2023-05-08,10:10:00,ATP Rome,ATP Rome - Semi-finals,Alexandre Muller,Gianmarco Ferrari,1,0,0,1,0,0.6023864511162433,0.8333333333333334,1.2,0.23094688221709006,4.33
11861695,2023-05-08,10:10:00,ATP Rome,ATP Rome - Semi-finals,Timofey Skatov,Fabian Marozsan,0,0,0,1,0,-0.08139534883720934,0.5,2.0,0.5813953488372093,1.72
11861703,2023-05-08,13:20:00,ATP Rome,ATP Rome - Semi-finals,Andrea Vavassori,Pedro Martinez,0,0,0,1,0,0.35064935064935066,0.7142857142857143,1.4,0.36363636363636365,2.75
11861700,2023-05-08,14:20:00,ATP Rome,ATP Rome - Semi-finals,Jan Choinski,Jurij Rodionov,1,0,0,1,0,-0.2666666666666666,0.4,2.5,0.6666666666666666,1.5
11861701,2023-05-08,14:20:00,ATP Rome,ATP Rome - Semi-finals,Thanasi Kokkinakis,Matteo Gigante,1,0,0,1,0,0.44418739155581255,0.7518796992481203,1.33,0.3076923076923077,3.25
11861705,2023-05-08,16:15:00,ATP Rome,ATP Rome - Semi-finals,Flavio Cobolli,Nikoloz Basilashvili,1,0,0,1,0,0.5333333333333334,0.8,1.25,0.26666666666666666,3.75
11861706,2023-05-08,16:30:00,ATP Rome,ATP Rome - Semi-finals,Taro Daniel,Emilio Nava,0,0,0,1,0,0.5333333333333334,0.8,1.25,0.26666666666666666,3.75
11861713,2023-05-08,17:55:00,ATP Rome,ATP Rome - Semi-finals,Alexander Shevchenko,Oleksii Krutykh,1,0,0,1,0,0.4751131221719456,0.7692307692307692,1.3,0.29411764705882354,3.4
11861715,2023-05-08,19:10:00,ATP Rome,ATP Rome - Semi-finals,Manuel Cerundolo Juan,Jelle Sels,1,0,0,1,0,0.6620689655172414,0.8620689655172414,1.16,0.2,5.0
11861711,2023-05-08,19:25:00,ATP Rome,ATP Rome - Semi-finals,Maximilian Marterer,Camilo Ugo Carabelli,1,0,0,1,0,-0.19249823071479122,0.4444444444444444,2.25,0.6369426751592356,1.57
11860687,2023-05-03,16:10:00,ATP Madrid,ATP Madrid - Quarter-finals,Carlos Alcaraz,Karen Khachanov,1,0,0,1,0,0.8234683281412254,0.9345794392523364,1.07,0.1111111111111111,9.0
11860147,2023-05-02,11:15:00,ATP Madrid,ATP Madrid - 1/8-finals,Karen Khachanov,Andrey Rublev,1,0,0,1,0,-0.2864385297845373,0.3802281368821293,2.63,0.6666666666666666,1.5
11860284,2023-05-02,21:20:00,ATP Madrid,ATP Madrid - 1/8-finals,Jan-Lennard Struff,Pedro Cachin,1,0,0,1,0,0.1825013419216317,0.6172839506172839,1.62,0.4347826086956522,2.3
11860429,2023-05-02,23:20:00,ATP Madrid,ATP Madrid - 1/8-finals,Bernabe Zapata Miralles,Stefanos Tsitsipas,0,0,0,1,0,-0.6953748006379585,0.18181818181818182,5.5,0.8771929824561404,1.14
11860010,2023-05-01,11:10:00,ATP Madrid,ATP Madrid - 1/16-finals,Alexander Shevchenko,Daniil Medvedev,0,0,0,1,0,-0.7182890855457228,0.16666666666666666,6.0,0.8849557522123894,1.13
11860055,2023-05-01,14:25:00,ATP Madrid,ATP Madrid - 1/16-finals,Pedro Cachin,Frances Tiafoe,1,0,0,1,0,-0.5085271317829456,0.26666666666666666,3.75,0.7751937984496123,1.29
11860052,2023-05-01,16:10:00,ATP Madrid,ATP Madrid - 1/16-finals,Roman Safiullin,Bernabe Zapata Miralles,0,0,0,1,0,-0.21677460793234488,0.42016806722689076,2.38,0.6369426751592356,1.57
11859961,2023-04-30,11:10:00,ATP Madrid,ATP Madrid - 1/16-finals,Karen Khachanov,Roberto Bautista-Agut,1,0,0,1,0,0.21677460793234488,0.6369426751592356,1.57,0.42016806722689076,2.38
11859975,2023-04-30,22:00:00,ATP Madrid,ATP Madrid - 1/16-finals,Alejandro Davidovich Fokina,Holger Rune,1,0,0,1,0,-0.3308080808080808,0.36363636363636365,2.75,0.6944444444444444,1.44
11859673,2023-04-29,11:10:00,ATP Madrid,ATP Madrid - 1/32-finals,Jiri Lehecka,Alexander Shevchenko,0,0,0,1,0,0.42279411764705876,0.7352941176470588,1.36,0.3125,3.2
11859815,2023-04-29,11:15:00,ATP Madrid,ATP Madrid - 1/32-finals,Andrea Vavassori,Daniil Medvedev,0,0,0,1,0,-0.747054747054747,0.15384615384615385,6.5,0.9009009009009008,1.11
11859838,2023-04-29,14:55:00,ATP Madrid,ATP Madrid - 1/32-finals,Bernabe Zapata Miralles,Daniel Evans,1,0,0,1,0,-0.10184420589044874,0.47619047619047616,2.1,0.5780346820809249,1.73
11859814,2023-04-29,16:30:00,ATP Madrid,ATP Madrid - 1/32-finals,Taylor Fritz,Christopher O'Connell,1,0,0,1,0,0.48351648351648346,0.7692307692307692,1.3,0.2857142857142857,3.5
11859739,2023-04-29,17:20:00,ATP Madrid,ATP Madrid - 1/32-finals,Francisco Cerundolo,Pedro Cachin,0,0,0,1,0,0.48351648351648346,0.7692307692307692,1.3,0.2857142857142857,3.5
11859675,2023-04-29,18:45:00,ATP Madrid,ATP Madrid - 1/32-finals,Denis Shapovalov,Zhizhen Zhang,0,0,0,1,0,0.380952380952381,0.7142857142857143,1.4,0.3333333333333333,3.0
11859355,2023-04-28,11:10:00,ATP Madrid,ATP Madrid - 1/32-finals,Yoshihito Nishioka,Alex Molcan,1,0,0,1,0,-0.21677460793234488,0.42016806722689076,2.38,0.6369426751592356,1.57
11859562,2023-04-28,11:10:00,ATP Madrid,ATP Madrid - 1/32-finals,Casper Ruud,Matteo Arnaldi,0,0,0,1,0,0.6547008547008548,0.8547008547008548,1.17,0.2,5.0
11859610,2023-04-28,11:10:00,ATP Madrid,ATP Madrid - 1/32-finals,Jaume Munar,Tallon Griekspoor,1,0,0,1,0,-0.05555555555555558,0.5,2.0,0.5555555555555556,1.8
11859559,2023-04-28,12:30:00,ATP Madrid,ATP Madrid - 1/32-finals,Pablo Carreno-Busta,Oscar Otte,0,0,0,1,0,0.18633540372670798,0.6211180124223602,1.61,0.4347826086956522,2.3
11859609,2023-04-28,14:50:00,ATP Madrid,ATP Madrid - 1/32-finals,Karen Khachanov,Thiago Monteiro,1,0,0,1,0,0.55,0.8,1.25,0.25,4.0
11859402,2023-04-28,19:45:00,ATP Madrid,ATP Madrid - 1/32-finals,Alexander Bublik,Holger Rune,0,0,0,1,0,-0.7182890855457228,0.16666666666666666,6.0,0.8849557522123894,1.13
11858483,2023-04-27,11:10:00,ATP Madrid,ATP Madrid - 1/64-finals,Martin Etcheverry Tomas,Adrian Mannarino,1,0,0,1,0,0.6111111111111112,0.8333333333333334,1.2,0.2222222222222222,4.5
11859263,2023-04-27,11:10:00,ATP Madrid,ATP Madrid - 1/64-finals,Roman Safiullin,Nicolas Jarry,1,0,0,1,0,-0.42279411764705876,0.3125,3.2,0.7352941176470588,1.36
11859266,2023-04-27,11:10:00,ATP Madrid,ATP Madrid - 1/64-finals,John Wolf Jeffrey,Alexander Shevchenko,0,0,0,1,0,-0.25359477124183005,0.4,2.5,0.6535947712418301,1.53
11859262,2023-04-27,12:35:00,ATP Madrid,ATP Madrid - 1/64-finals,Jurij Rodionov,Zhizhen Zhang,0,0,0,1,0,0.10184420589044874,0.5780346820809249,1.73,0.47619047619047616,2.1
11858493,2023-04-27,14:50:00,ATP Madrid,ATP Madrid - 1/64-finals,Abedallah Shelbayh,Pedro Cachin,0,0,0,1,0,-0.380952380952381,0.3333333333333333,3.0,0.7142857142857143,1.4
11858479,2023-04-27,15:15:00,ATP Madrid,ATP Madrid - 1/64-finals,Nuno Borges,Marcos Giron,0,0,0,1,0,0.10184420589044874,0.5780346820809249,1.73,0.47619047619047616,2.1
11858491,2023-04-27,16:55:00,ATP Madrid,ATP Madrid - 1/64-finals,Christopher O'Connell,Filip Krajinovic,1,0,0,1,0,0.14425694066412637,0.5988023952095809,1.67,0.45454545454545453,2.2
11859265,2023-04-27,17:35:00,ATP Madrid,ATP Madrid - 1/64-finals,Andrea Vavassori,Andy Murray,1,0,0,1,0,-0.1825013419216317,0.4347826086956522,2.3,0.6172839506172839,1.62
11858487,2023-04-27,18:35:00,ATP Madrid,ATP Madrid - 1/64-finals,Jason Kubler,Dusan Lajovic,0,0,0,1,0,-0.25359477124183005,0.4,2.5,0.6535947712418301,1.53
11858489,2023-04-27,19:00:00,ATP Madrid,ATP Madrid - 1/64-finals,Mackenzie McDonald,Bernabe Zapata Miralles,0,0,0,1,0,-0.21677460793234488,0.42016806722689076,2.38,0.6369426751592356,1.57
11858458,2023-04-26,11:10:00,ATP Madrid,ATP Madrid - 1/64-finals,Emilio Nava,Gregoire Barrere,0,0,0,1,0,-0.25359477124183005,0.4,2.5,0.6535947712418301,1.53
11858492,2023-04-26,11:10:00,ATP Madrid,ATP Madrid - 1/64-finals,Albert Ramos-Vinolas,Ilya Ivashka,1,0,0,1,0,-0.14425694066412637,0.45454545454545453,2.2,0.5988023952095809,1.67
11858461,2023-04-26,12:35:00,ATP Madrid,ATP Madrid - 1/64-finals,Yibing Wu,Alex Molcan,0,0,0,1,0,-0.380952380952381,0.3333333333333333,3.0,0.7142857142857143,1.4
11859226,2023-04-26,15:15:00,ATP Madrid,ATP Madrid - 1/64-finals,Pablo Varillas Juan,Yannick Hanfmann,0,0,0,1,0,-0.3308080808080808,0.36363636363636365,2.75,0.6944444444444444,1.44
11859228,2023-04-26,16:25:00,ATP Madrid,ATP Madrid - 1/64-finals,Diego Schwartzman,Hugo Grenier,0,0,0,1,0,0.55,0.8,1.25,0.25,4.0
11859260,2023-04-26,17:20:00,ATP Madrid,ATP Madrid - 1/64-finals,Pavel Kotov,Oscar Otte,0,0,0,1,0,-0.10184420589044874,0.47619047619047616,2.1,0.5780346820809249,1.73
11859227,2023-04-26,17:50:00,ATP Madrid,ATP Madrid - 1/64-finals,Benoit Paire,Matteo Arnaldi,0,0,0,1,0,-0.25359477124183005,0.4,2.5,0.6535947712418301,1.53
11858486,2023-04-26,19:30:00,ATP Madrid,ATP Madrid - 1/64-finals,Thanasi Kokkinakis,Jaume Munar,0,0,0,1,0,-0.05555555555555558,0.5,2.0,0.5555555555555556,1.8
11859229,2023-04-26,19:40:00,ATP Madrid,ATP Madrid - 1/64-finals,Thiago Monteiro,Borna Gojo,1,0,0,1,0,0.0,0.5235602094240838,1.91,0.5235602094240838,1.91
11858531,2023-04-25,11:10:00,ATP Madrid,ATP Madrid - Final,Marco Cecchinato,Giulio Zeppieri,1,0,0,1,0,0.16657255787690567,0.6211180124223602,1.61,0.45454545454545453,2.2
11858588,2023-04-25,13:05:00,ATP Madrid,ATP Madrid - Final,Kaichi Uchida,Benoit Paire,0,0,0,1,0,-0.23165384297178793,0.42194092827004215,2.37,0.6535947712418301,1.53
11858587,2023-04-25,13:40:00,ATP Madrid,ATP Madrid - Final,Felipe Meligeni Alves,Andrea Vavassori,0,0,0,1,0,-0.31276505513146735,0.38167938931297707,2.62,0.6944444444444444,1.44
11858542,2023-04-25,14:00:00,ATP Madrid,ATP Madrid - Final,Daniel Altmaier,Jurij Rodionov,0,0,0,1,0,0.44418739155581255,0.7518796992481203,1.33,0.3076923076923077,3.25
11858586,2023-04-25,15:20:00,ATP Madrid,ATP Madrid - Final,Pavel Kotov,Yosuke Watanuki,0,0,0,1,0,0.12621916236374076,0.6024096385542169,1.66,0.47619047619047616,2.1
11858746,2023-04-25,17:45:00,ATP Madrid,ATP Madrid - Final,Borna Gojo,Zsombor Piros,1,0,0,1,0,0.0,0.5464480874316939,1.83,0.5464480874316939,1.83
11858748,2023-04-25,18:05:00,ATP Madrid,ATP Madrid - Final,Alexander Shevchenko,Manuel Cerundolo Juan,1,0,0,1,0,0.0292397660818714,0.5555555555555556,1.8,0.5263157894736842,1.9
11858747,2023-04-25,18:35:00,ATP Madrid,ATP Madrid - Final,Roman Safiullin,Sebastian Ofner,1,0,0,1,0,-0.0292397660818714,0.5263157894736842,1.9,0.5555555555555556,1.8
11858385,2023-04-24,10:10:00,ATP Madrid,ATP Madrid - Semi-finals,Marco Cecchinato,Timofey Skatov,1,0,0,1,0,0.2666666666666666,0.6666666666666666,1.5,0.4,2.5
11858388,2023-04-24,10:10:00,ATP Madrid,ATP Madrid - Semi-finals,Jozef Kovalik,Giulio Zeppieri,0,0,0,1,0,-0.16657255787690567,0.45454545454545453,2.2,0.6211180124223602,1.61
11858391,2023-04-24,12:45:00,ATP Madrid,ATP Madrid - Semi-finals,Laurent Lokoli,Jurij Rodionov,0,0,0,1,0,-0.19249823071479122,0.4444444444444444,2.25,0.6369426751592356,1.57
11858392,2023-04-24,12:50:00,ATP Madrid,ATP Madrid - Semi-finals,Alexandre Muller,Kaichi Uchida,0,0,0,1,0,0.6023864511162433,0.8333333333333334,1.2,0.23094688221709006,4.33
11858395,2023-04-24,14:15:00,ATP Madrid,ATP Madrid - Semi-finals,Jan-Lennard Struff,Luca Nardi,1,0,0,1,0,0.569672131147541,0.819672131147541,1.22,0.25,4.0
11858396,2023-04-24,14:30:00,ATP Madrid,ATP Madrid - Semi-finals,Luca van Assche,Felipe Meligeni Alves,0,0,0,1,0,0.6620689655172414,0.8620689655172414,1.16,0.2,5.0
11858394,2023-04-24,16:15:00,ATP Madrid,ATP Madrid - Semi-finals,Benoit Paire,Francesco Passaro,1,0,0,1,0,-0.08139534883720934,0.5,2.0,0.5813953488372093,1.72
11858400,2023-04-24,16:25:00,ATP Madrid,ATP Madrid - Semi-finals,Andrea Vavassori,Otto Virtanen,1,0,0,1,0,0.40196078431372545,0.7352941176470588,1.36,0.3333333333333333,3.0
11858399,2023-04-24,16:30:00,ATP Madrid,ATP Madrid - Semi-finals,Pavel Kotov,Kimmer Coppejans,1,0,0,1,0,0.35064935064935066,0.7142857142857143,1.4,0.36363636363636365,2.75
11858402,2023-04-24,18:45:00,ATP Madrid,ATP Madrid - Semi-finals,Borna Gojo,Jan Choinski,1,0,0,1,0,0.31276505513146735,0.6944444444444444,1.44,0.38167938931297707,2.62
11858407,2023-04-24,18:55:00,ATP Madrid,ATP Madrid - Semi-finals,Alexander Shevchenko,Antoine Bellier,1,0,0,1,0,0.569672131147541,0.819672131147541,1.22,0.25,4.0
11858404,2023-04-24,19:30:00,ATP Madrid,ATP Madrid - Semi-finals,Elias Ymer,Sebastian Ofner,0,0,0,1,0,-0.16657255787690567,0.45454545454545453,2.2,0.6211180124223602,1.61
11858408,2023-04-24,20:30:00,ATP Madrid,ATP Madrid - Semi-finals,Hsin Tseng Chun,Manuel Cerundolo Juan,0,0,0,1,0,-0.40196078431372545,0.3333333333333333,3.0,0.7352941176470588,1.36
11858405,2023-04-24,21:10:00,ATP Madrid,ATP Madrid - Semi-finals,P. Andujar,Zsombor Piros,0,0,0,1,0,-0.5333333333333334,0.26666666666666666,3.75,0.8,1.25
11858216,2023-04-23,13:40:00,Munich,ATP Munich - Final,Holger Rune,Botic Van De Zandschulp,1,0,0,1,0,0.55,0.8,1.25,0.25,4.0
11858100,2023-04-22,13:40:00,Munich,ATP Munich - Semi-finals,Holger Rune,Christopher O'Connell,1,0,0,1,0,0.6111111111111112,0.8333333333333334,1.2,0.2222222222222222,4.5
11858097,2023-04-22,14:10:00,ATP Banja Luka,ATP Banja Luka - Semi-finals,Alex Molcan,Andrey Rublev,0,0,0,1,0,-0.6547008547008548,0.2,5.0,0.8547008547008548,1.17
11857782,2023-04-21,11:10:00,ATP Banja Luka,ATP Banja Luka - Quarter-finals,Alex Molcan,Laslo Djere,1,0,0,1,0,-0.25359477124183005,0.4,2.5,0.6535947712418301,1.53
11857904,2023-04-21,11:10:00,Munich,ATP Munich - Quarter-finals,Christopher O'Connell,Flavio Cobolli,1,0,0,1,0,0.3308080808080808,0.6944444444444444,1.44,0.36363636363636365,2.75
11857905,2023-04-21,15:10:00,Munich,ATP Munich - Quarter-finals,Holger Rune,Cristian Garin,1,0,0,1,0,0.55,0.8,1.25,0.25,4.0
11857224,2023-04-20,11:10:00,Munich,ATP Munich - 1/8-finals,Flavio Cobolli,Oscar Otte,1,0,0,1,0,-0.3308080808080808,0.36363636363636365,2.75,0.6944444444444444,1.44
11857267,2023-04-20,11:10:00,Munich,ATP Munich - 1/8-finals,Marcos Giron,Alexander Ritschard,1,0,0,1,0,0.3308080808080808,0.6944444444444444,1.44,0.36363636363636365,2.75
11857033,2023-04-20,11:30:00,Munich,ATP Munich - 1/8-finals,Holger Rune,Yannick Hanfmann,1,0,0,1,0,0.55,0.8,1.25,0.25,4.0
11857269,2023-04-20,13:15:00,Munich,ATP Munich - 1/8-finals,Alexander Zverev,Christopher O'Connell,0,0,0,1,0,0.6953748006379585,0.8771929824561404,1.14,0.18181818181818182,5.5
11857621,2023-04-20,13:40:00,ATP Barcelona,ATP Barcelona - 1/8-finals,Denis Shapovalov,Stefanos Tsitsipas,0,0,0,1,0,-0.6111111111111112,0.2222222222222222,4.5,0.8333333333333334,1.2
11857617,2023-04-20,15:05:00,ATP Banja Luka,ATP Banja Luka - 1/8-finals,Pablo Varillas Juan,Andrey Rublev,0,0,0,1,0,-0.6547008547008548,0.2,5.0,0.8547008547008548,1.17
11857678,2023-04-20,16:30:00,ATP Barcelona,ATP Barcelona - 1/8-finals,Daniel Evans,Karen Khachanov,1,0,0,1,0,-0.55,0.25,4.0,0.8,1.25
11857676,2023-04-20,16:35:00,ATP Banja Luka,ATP Banja Luka - 1/8-finals,Radu Albot,Jiri Lehecka,0,0,0,1,0,-0.588725248930451,0.23094688221709006,4.33,0.819672131147541,1.22
11857620,2023-04-20,18:35:00,ATP Barcelona,ATP Barcelona - 1/8-finals,Casper Ruud,Francisco Cerundolo,0,0,0,1,0,0.3308080808080808,0.6944444444444444,1.44,0.36363636363636365,2.75
11857032,2023-04-19,11:10:00,ATP Barcelona,ATP Barcelona - 1/16-finals,Denis Shapovalov,Jozef Kovalik,1,0,0,1,0,0.5085271317829456,0.7751937984496123,1.29,0.26666666666666666,3.75
11857223,2023-04-19,12:40:00,ATP Barcelona,ATP Barcelona - 1/16-finals,Diego Schwartzman,Jannik Sinner,0,0,0,1,0,-0.8009259259259258,0.125,8.0,0.9259259259259258,1.08
11857180,2023-04-19,12:45:00,ATP Barcelona,ATP Barcelona - 1/16-finals,Alex De Minaur,Alexander Shevchenko,1,0,0,1,0,0.3308080808080808,0.6944444444444444,1.44,0.36363636363636365,2.75
11856824,2023-04-19,13:20:00,ATP Banja Luka,ATP Banja Luka - 1/16-finals,Damir Dzumhur,Liam Broady,1,0,0,1,0,-0.14425694066412637,0.45454545454545453,2.2,0.5988023952095809,1.67
11857031,2023-04-19,14:05:00,ATP Barcelona,ATP Barcelona - 1/16-finals,Cameron Norrie,Pavel Kotov,1,0,0,1,0,0.55,0.8,1.25,0.25,4.0
11856472,2023-04-19,14:40:00,ATP Banja Luka,ATP Banja Luka - 1/16-finals,Pablo Varillas Juan,Hugo Gaston,1,0,0,1,0,0.1825013419216317,0.6172839506172839,1.62,0.4347826086956522,2.3
11856880,2023-04-19,15:40:00,ATP Barcelona,ATP Barcelona - 1/16-finals,Nicolas Jarry,Karen Khachanov,0,0,0,1,0,-0.2864385297845373,0.3802281368821293,2.63,0.6666666666666666,1.5
11856879,2023-04-19,16:10:00,ATP Banja Luka,ATP Banja Luka - 1/8-finals,Alexei Popyrin,Alex Molcan,0,0,0,1,0,-0.05555555555555558,0.5,2.0,0.5555555555555556,1.8
11857266,2023-04-19,16:10:00,ATP Barcelona,ATP Barcelona - 1/16-finals,Pedro Cachin,Stefanos Tsitsipas,0,0,0,1,0,-0.8009259259259258,0.125,8.0,0.9259259259259258,1.08
11857318,2023-04-19,17:50:00,ATP Barcelona,ATP Barcelona - 1/16-finals,Jason Kubler,Lorenzo Musetti,0,0,0,1,0,-0.588725248930451,0.23094688221709006,4.33,0.819672131147541,1.22
11856783,2023-04-18,11:05:00,ATP Barcelona,ATP Barcelona - 1/32-finals,Lorenzo Giustino,Alexander Shevchenko,0,0,0,1,0,-0.4577620521892967,0.29411764705882354,3.4,0.7518796992481203,1.33
11856479,2023-04-18,11:10:00,ATP Barcelona,ATP Barcelona - 1/32-finals,Francesco Passaro,Fernando Verdasco,1,0,0,1,0,0.4577620521892967,0.7518796992481203,1.33,0.29411764705882354,3.4
11856482,2023-04-18,11:10:00,ATP Barcelona,ATP Barcelona - 1/32-finals,Diego Schwartzman,Yibing Wu,1,0,0,1,0,0.3308080808080808,0.6944444444444444,1.44,0.36363636363636365,2.75
11856818,2023-04-18,12:35:00,ATP Barcelona,ATP Barcelona - 1/16-finals,Casper Ruud,Ben Shelton,1,0,0,1,0,0.6953748006379585,0.8771929824561404,1.14,0.18181818181818182,5.5
11856448,2023-04-18,14:05:00,Munich,ATP Munich - 1/16-finals,Christopher O'Connell,Ugo Humbert,1,0,0,1,0,0.0,0.5235602094240838,1.91,0.5235602094240838,1.91
11856763,2023-04-18,14:25:00,Munich,ATP Munich - 1/16-finals,Alexander Ritschard,Jan-Lennard Struff,1,0,0,1,0,-0.7182890855457228,0.16666666666666666,6.0,0.8849557522123894,1.13
11856474,2023-04-18,14:35:00,ATP Barcelona,ATP Barcelona - 1/32-finals,Pedro Cachin,Gijs Brouwer,1,0,0,1,0,0.25359477124183005,0.6535947712418301,1.53,0.4,2.5
11856823,2023-04-18,14:40:00,ATP Banja Luka,ATP Banja Luka - 1/16-finals,Radu Albot,Federico Coria,1,0,0,1,0,-0.10184420589044874,0.47619047619047616,2.1,0.5780346820809249,1.73
11856817,2023-04-18,17:10:00,ATP Barcelona,ATP Barcelona - 1/16-finals,Carlos Alcaraz,Nuno Borges,1,0,0,1,0,0.8614718614718614,0.9523809523809523,1.05,0.09090909090909091,11.0
11856481,2023-04-18,17:55:00,ATP Barcelona,ATP Barcelona - 1/32-finals,Daniel Rincon,Jason Kubler,0,0,0,1,0,-0.48351648351648346,0.2857142857142857,3.5,0.7692307692307692,1.3
11856820,2023-04-18,18:30:00,ATP Barcelona,ATP Barcelona - 1/16-finals,Bernabe Zapata Miralles,Roberto Bautista-Agut,0,0,0,1,0,-0.14425694066412637,0.45454545454545453,2.2,0.5988023952095809,1.67
11856465,2023-04-17,11:10:00,ATP Banja Luka,ATP Banja Luka - 1/16-finals,Tallon Griekspoor,Alexei Popyrin,0,0,0,1,0,0.25359477124183005,0.6535947712418301,1.53,0.4,2.5
11856483,2023-04-17,11:10:00,ATP Barcelona,ATP Barcelona - 1/32-finals,Bernabe Zapata Miralles,Attila Balazs,1,0,0,1,0,0.9277605779153766,0.9803921568627451,1.02,0.05263157894736842,19.0
11856751,2023-04-17,12:55:00,ATP Banja Luka,ATP Banja Luka - Final,Liam Broady,Dino Prizmic,0,0,0,1,0,-0.08139534883720934,0.5,2.0,0.5813953488372093,1.72
11856477,2023-04-17,13:05:00,ATP Barcelona,ATP Barcelona - 1/32-finals,Ilya Ivashka,Nuno Borges,0,0,0,1,0,0.21677460793234488,0.6369426751592356,1.57,0.42016806722689076,2.38
11856750,2023-04-17,13:15:00,ATP Banja Luka,ATP Banja Luka - Final,Radu Albot,Dimitar Kuzmanov,1,0,0,1,0,0.23165384297178793,0.6535947712418301,1.53,0.42194092827004215,2.37
11856753,2023-04-17,13:40:00,Munich,ATP Munich - 1/16-finals,Flavio Cobolli,Jordan Thompson,1,0,0,1,0,0.1825013419216317,0.6172839506172839,1.62,0.4347826086956522,2.3
11856764,2023-04-17,14:50:00,ATP Barcelona,ATP Barcelona - 1/32-finals,Marco Trungelliti,Nicolas Jarry,0,0,0,1,0,-0.588725248930451,0.23094688221709006,4.33,0.819672131147541,1.22
11856468,2023-04-17,15:10:00,ATP Banja Luka,ATP Banja Luka - 1/16-finals,Alex Molcan,Taro Daniel,1,0,0,1,0,-0.10184420589044874,0.47619047619047616,2.1,0.5780346820809249,1.73
11856765,2023-04-17,15:50:00,ATP Barcelona,ATP Barcelona - 1/32-finals,Pavel Kotov,Oleksii Krutykh,1,0,0,1,0,0.2864385297845373,0.6666666666666666,1.5,0.3802281368821293,2.63
11856535,2023-04-16,12:00:00,Munich,ATP Munich - Final,Riccardo Bonadio,Alexander Ritschard,0,0,0,1,0,0.08139534883720934,0.5813953488372093,1.72,0.5,2.0
11856444,2023-04-16,12:20:00,ATP Barcelona,ATP Barcelona - Final,Alex Marti Pujolras,Marco Trungelliti,0,0,0,1,0,-0.35064935064935066,0.36363636363636365,2.75,0.7142857142857143,1.4
11856532,2023-04-16,12:25:00,ATP Barcelona,ATP Barcelona - Final,Lorenzo Giustino,Geoffrey Blancaneaux,1,0,0,1,0,0.08139534883720934,0.5813953488372093,1.72,0.5,2.0
11856565,2023-04-16,12:50:00,ATP Banja Luka,ATP Banja Luka - Semi-finals,Dimitar Kuzmanov,Luca Nardi,1,0,0,1,0,-0.08139534883720934,0.5,2.0,0.5813953488372093,1.72
11856564,2023-04-16,14:45:00,ATP Banja Luka,ATP Banja Luka - Semi-finals,Liam Broady,Valentin Vacherot,1,0,0,1,0,0.2666666666666666,0.6666666666666666,1.5,0.4,2.5
11856650,2023-04-16,14:45:00,ATP Monte Carlo,ATP Monte Carlo - Final,Holger Rune,Andrey Rublev,0,0,0,1,0,0.2864385297845373,0.6666666666666666,1.5,0.3802281368821293,2.63
11856534,2023-04-16,15:05:00,ATP Barcelona,ATP Barcelona - Final,Pavel Kotov,Benoit Paire,1,0,0,1,0,0.19249823071479122,0.6369426751592356,1.57,0.4444444444444444,2.25
11856570,2023-04-16,15:35:00,Munich,ATP Munich - Final,Zdenek Kolar,Flavio Cobolli,0,0,0,1,0,-0.31276505513146735,0.38167938931297707,2.62,0.6944444444444444,1.44
11856531,2023-04-16,15:50:00,ATP Barcelona,ATP Barcelona - Final,Matteo Arnaldi,Timofey Skatov,1,0,0,1,0,0.23165384297178793,0.6535947712418301,1.53,0.42194092827004215,2.37
11856567,2023-04-16,16:50:00,ATP Banja Luka,ATP Banja Luka - Semi-finals,Radu Albot,Aldin Setkic,1,0,0,1,0,0.747054747054747,0.9009009009009008,1.11,0.15384615384615385,6.5
11856337,2023-04-15,10:10:00,ATP Barcelona,ATP Barcelona - Semi-finals,Marco Trungelliti,Maximilian Marterer,1,0,0,1,0,0.0,0.5464480874316939,1.83,0.5464480874316939,1.83
11856338,2023-04-15,10:10:00,ATP Barcelona,ATP Barcelona - Semi-finals,Otto Virtanen,Lorenzo Giustino,0,0,0,1,0,0.35064935064935066,0.7142857142857143,1.4,0.36363636363636365,2.75
11856339,2023-04-15,10:10:00,ATP Barcelona,ATP Barcelona - Semi-finals,Giulio Zeppieri,Alex Marti Pujolras,0,0,0,1,0,0.569672131147541,0.819672131147541,1.22,0.25,4.0
11856341,2023-04-15,11:30:00,ATP Barcelona,ATP Barcelona - Semi-finals,Michael Geerts,Timofey Skatov,0,0,0,1,0,-0.35064935064935066,0.36363636363636365,2.75,0.7142857142857143,1.4
11856342,2023-04-15,12:00:00,ATP Barcelona,ATP Barcelona - Semi-finals,Oriol Roca Batalla,Benoit Paire,0,0,0,1,0,-0.44418739155581255,0.3076923076923077,3.25,0.7518796992481203,1.33
11856340,2023-04-15,13:00:00,ATP Barcelona,ATP Barcelona - Semi-finals,Max Alcala Gurri,Geoffrey Blancaneaux,0,0,0,1,0,-0.5333333333333334,0.26666666666666666,3.75,0.8,1.25
11856345,2023-04-15,13:00:00,ATP Barcelona,ATP Barcelona - Semi-finals,Pavel Kotov,Matteo Gigante,1,0,0,1,0,0.2666666666666666,0.6666666666666666,1.5,0.4,2.5
11856353,2023-04-15,13:00:00,Munich,ATP Munich - Semi-finals,Louis Wessels,Daniel Masur,1,0,0,1,0,-0.40196078431372545,0.3333333333333333,3.0,0.7352941176470588,1.36
11856352,2023-04-15,13:35:00,Munich,ATP Munich - Semi-finals,Alexey Vatutin,Alexander Ritschard,0,0,0,1,0,-0.23165384297178793,0.42194092827004215,2.37,0.6535947712418301,1.53
11856356,2023-04-15,15:15:00,Munich,ATP Munich - Semi-finals,Lukas Rosol,Flavio Cobolli,0,0,0,1,0,-0.4751131221719456,0.29411764705882354,3.4,0.7692307692307692,1.3
11856355,2023-04-15,16:10:00,Munich,ATP Munich - Semi-finals,Zdenek Kolar,Viktor Durasovic,1,0,0,1,0,0.19249823071479122,0.6369426751592356,1.57,0.4444444444444444,2.25
11856252,2023-04-15,18:20:00,ATP Monte Carlo,ATP Monte Carlo - Semi-finals,Jannik Sinner,Holger Rune,0,0,0,1,0,0.25359477124183005,0.6535947712418301,1.53,0.4,2.5
11856132,2023-04-14,15:10:00,ATP Monte Carlo,ATP Monte Carlo - Quarter-finals,Daniil Medvedev,Holger Rune,0,0,0,1,0,-0.10184420589044874,0.47619047619047616,2.1,0.5780346820809249,1.73
11855683,2023-04-13,11:10:00,ATP Monte Carlo,ATP Monte Carlo - 1/8-finals,Jan-Lennard Struff,Casper Ruud,1,0,0,1,0,-0.48351648351648346,0.2857142857142857,3.5,0.7692307692307692,1.3
11855738,2023-04-13,13:15:00,ATP Monte Carlo,ATP Monte Carlo - 1/8-finals,Andrey Rublev,Karen Khachanov,1,0,0,1,0,0.0,0.5235602094240838,1.91,0.5235602094240838,1.91
11855682,2023-04-13,14:00:00,ATP Monte Carlo,ATP Monte Carlo - 1/8-finals,Nicolas Jarry,Stefanos Tsitsipas,0,0,0,1,0,-0.5085271317829456,0.26666666666666666,3.75,0.7751937984496123,1.29
11855787,2023-04-13,16:30:00,ATP Monte Carlo,ATP Monte Carlo - 1/8-finals,Matteo Berrettini,Holger Rune,0,0,0,1,0,-0.3308080808080808,0.36363636363636365,2.75,0.6944444444444444,1.44
11855026,2023-04-12,11:10:00,ATP Monte Carlo,ATP Monte Carlo - 1/16-finals,Nicolas Jarry,Alexei Popyrin,1,0,0,1,0,0.4577620521892967,0.7518796992481203,1.33,0.29411764705882354,3.4
11855027,2023-04-12,11:10:00,ATP Monte Carlo,ATP Monte Carlo - 1/16-finals,Botic Van De Zandschulp,Casper Ruud,0,0,0,1,0,-0.6111111111111112,0.2222222222222222,4.5,0.8333333333333334,1.2
11855393,2023-04-12,12:35:00,ATP Monte Carlo,ATP Monte Carlo - 1/16-finals,Luca Nardi,Lorenzo Musetti,0,0,0,1,0,-0.6111111111111112,0.2222222222222222,4.5,0.8333333333333334,1.2
11855058,2023-04-12,13:45:00,ATP Monte Carlo,ATP Monte Carlo - 1/16-finals,Diego Schwartzman,Jannik Sinner,0,0,0,1,0,-0.747054747054747,0.15384615384615385,6.5,0.9009009009009008,1.11
11855478,2023-04-12,14:00:00,ATP Monte Carlo,ATP Monte Carlo - 1/16-finals,Ilya Ivashka,Karen Khachanov,0,0,0,1,0,-0.588725248930451,0.23094688221709006,4.33,0.819672131147541,1.22
11855062,2023-04-12,16:55:00,ATP Monte Carlo,ATP Monte Carlo - 1/16-finals,Dominic Thiem,Holger Rune,0,0,0,1,0,-0.3308080808080808,0.36363636363636365,2.75,0.6944444444444444,1.44
11854691,2023-04-11,13:40:00,ATP Monte Carlo,ATP Monte Carlo - 1/32-finals,Alejandro Davidovich Fokina,Karen Khachanov,0,0,0,1,0,0.0,0.5235602094240838,1.91,0.5235602094240838,1.91
11854936,2023-04-11,14:30:00,ATP Monte Carlo,ATP Monte Carlo - 1/32-finals,Valentin Vacherot,Luca Nardi,0,0,0,1,0,-0.5085271317829456,0.26666666666666666,3.75,0.7751937984496123,1.29
11854934,2023-04-11,16:40:00,ATP Monte Carlo,ATP Monte Carlo - 1/32-finals,Daniel Evans,Ilya Ivashka,0,0,0,1,0,-0.14425694066412637,0.45454545454545453,2.2,0.5988023952095809,1.67
11854687,2023-04-10,11:10:00,ATP Monte Carlo,ATP Monte Carlo - 1/32-finals,Benjamin Bonzi,Bernabe Zapata Miralles,1,0,0,1,0,-0.3308080808080808,0.36363636363636365,2.75,0.6944444444444444,1.44
11854702,2023-04-10,11:10:00,ATP Monte Carlo,ATP Monte Carlo - 1/32-finals,Stan Wawrinka,Tallon Griekspoor,1,0,0,1,0,-0.05555555555555558,0.5,2.0,0.5555555555555556,1.8
11854700,2023-04-10,14:55:00,ATP Monte Carlo,ATP Monte Carlo - 1/32-finals,Diego Schwartzman,David Goffin,1,0,0,1,0,0.1825013419216317,0.6172839506172839,1.62,0.4347826086956522,2.3
11854759,2023-04-09,11:10:00,ATP Monte Carlo,ATP Monte Carlo - Final,Ilya Ivashka,Taro Daniel,1,0,0,1,0,-0.16657255787690567,0.45454545454545453,2.2,0.6211180124223602,1.61
11854776,2023-04-09,11:10:00,ATP Monte Carlo,ATP Monte Carlo - Final,Luca Nardi,Oscar Otte,1,0,0,1,0,-0.2666666666666666,0.4,2.5,0.6666666666666666,1.5
11854777,2023-04-09,13:05:00,ATP Monte Carlo,ATP Monte Carlo - Final,Benoit Paire,Alexei Popyrin,0,0,0,1,0,-0.16657255787690567,0.45454545454545453,2.2,0.6211180124223602,1.61
11854689,2023-04-09,15:50:00,ATP Monte Carlo,ATP Monte Carlo - 1/32-finals,Borna Coric,Nicolas Jarry,0,0,0,1,0,0.05555555555555558,0.5555555555555556,1.8,0.5,2.0
11854788,2023-04-09,16:10:00,ATP Marrakech,ATP Marrakech - Final,Alexandre Muller,Roberto Carballes Baena,0,0,0,1,0,-0.10184420589044874,0.47619047619047616,2.1,0.5780346820809249,1.73
11854787,2023-04-09,16:40:00,ATP Estoril,ATP Estoril - Final,Casper Ruud,Miomir Kecmanovic,1,0,0,1,0,0.3308080808080808,0.6944444444444444,1.44,0.36363636363636365,2.75
11854706,2023-04-08,11:10:00,ATP Monte Carlo,ATP Monte Carlo - Semi-finals,Marton Fucsovics,Giulio Zeppieri,1,0,0,1,0,0.4955357142857143,0.78125,1.28,0.2857142857142857,3.5
11854710,2023-04-08,11:10:00,ATP Monte Carlo,ATP Monte Carlo - Semi-finals,Jan-Lennard Struff,Pablo Varillas Juan,1,0,0,1,0,0.0,0.5464480874316939,1.83,0.5464480874316939,1.83
11854712,2023-04-08,13:05:00,ATP Monte Carlo,ATP Monte Carlo - Semi-finals,Constant Lestienne,Luca Nardi,0,0,0,1,0,0.12621916236374076,0.6024096385542169,1.66,0.47619047619047616,2.1
11854711,2023-04-08,13:25:00,ATP Monte Carlo,ATP Monte Carlo - Semi-finals,Ilya Ivashka,Hugo Gaston,1,0,0,1,0,0.23165384297178793,0.6535947712418301,1.53,0.42194092827004215,2.37
11854715,2023-04-08,15:45:00,ATP Monte Carlo,ATP Monte Carlo - Semi-finals,Gregoire Barrere,Benoit Paire,0,0,0,1,0,0.2666666666666666,0.6666666666666666,1.5,0.4,2.5
11854705,2023-04-08,17:05:00,ATP Marrakech,ATP Marrakech - Semi-finals,Alexandre Muller,Pavel Kotov,1,0,0,1,0,0.25359477124183005,0.6535947712418301,1.53,0.4,2.5
11854719,2023-04-08,17:10:00,ATP Monte Carlo,ATP Monte Carlo - Semi-finals,Adrian Mannarino,Ivan Gakhov,0,0,0,1,0,0.08139534883720934,0.5813953488372093,1.72,0.5,2.0
11854674,2023-04-08,17:50:00,ATP Estoril,ATP Estoril - Semi-finals,Casper Ruud,Quentin Halys,1,0,0,1,0,0.588725248930451,0.819672131147541,1.22,0.23094688221709006,4.33
11853816,2023-04-08,18:10:00,ATP Houston,ATP Houston - 1/8-finals,Elahi Galan Daniel,Jason Kubler,0,0,0,1,0,0.0,0.5235602094240838,1.91,0.5235602094240838,1.91
11854785,2023-04-08,22:45:00,ATP Houston,ATP Houston - Quarter-finals,Frances Tiafoe,Jason Kubler,1,0,0,1,0,0.380952380952381,0.7142857142857143,1.4,0.3333333333333333,3.0
11854486,2023-04-07,12:40:00,ATP Marrakech,ATP Marrakech - Quarter-finals,Andrea Vavassori,Daniel Evans,0,0,0,1,0,-0.1825013419216317,0.4347826086956522,2.3,0.6172839506172839,1.62
11854455,2023-04-07,14:50:00,ATP Marrakech,ATP Marrakech - Quarter-finals,Roberto Carballes Baena,Tallon Griekspoor,1,0,0,1,0,-0.21677460793234488,0.42016806722689076,2.38,0.6369426751592356,1.57
11854523,2023-04-07,15:40:00,ATP Estoril,ATP Estoril - Quarter-finals,Miomir Kecmanovic,Bernabe Zapata Miralles,1,0,0,1,0,0.1825013419216317,0.6172839506172839,1.62,0.4347826086956522,2.3
11854524,2023-04-07,17:15:00,ATP Marrakech,ATP Marrakech - Quarter-finals,Lorenzo Musetti,Alexandre Muller,0,0,0,1,0,0.380952380952381,0.7142857142857143,1.4,0.3333333333333333,3.0
11854525,2023-04-07,19:30:00,ATP Marrakech,ATP Marrakech - Quarter-finals,Christopher O'Connell,Pavel Kotov,0,0,0,1,0,0.10184420589044874,0.5780346820809249,1.73,0.47619047619047616,2.1
11854387,2023-04-07,19:55:00,ATP Estoril,ATP Estoril - Quarter-finals,Casper Ruud,Sebastian Baez,1,0,0,1,0,0.3308080808080808,0.6944444444444444,1.44,0.36363636363636365,2.75
11853918,2023-04-06,12:40:00,ATP Marrakech,ATP Marrakech - 1/8-finals,Botic Van De Zandschulp,Christopher O'Connell,0,0,0,1,0,0.2864385297845373,0.6666666666666666,1.5,0.3802281368821293,2.63
11853919,2023-04-06,12:40:00,ATP Marrakech,ATP Marrakech - 1/8-finals,Elias Ymer,Tallon Griekspoor,0,0,0,1,0,-0.55,0.25,4.0,0.8,1.25
11853971,2023-04-06,13:05:00,ATP Estoril,ATP Estoril - 1/8-finals,Miomir Kecmanovic,Jurij Rodionov,1,0,0,1,0,0.42279411764705876,0.7352941176470588,1.36,0.3125,3.2
11853917,2023-04-06,13:35:00,ATP Marrakech,ATP Marrakech - 1/8-finals,Roberto Carballes Baena,Dimitar Kuzmanov,1,0,0,1,0,0.380952380952381,0.7142857142857143,1.4,0.3333333333333333,3.0
11853883,2023-04-06,14:50:00,ATP Marrakech,ATP Marrakech - 1/8-finals,Andrea Vavassori,Jaume Munar,1,0,0,1,0,-0.2864385297845373,0.3802281368821293,2.63,0.6666666666666666,1.5
11853882,2023-04-06,18:10:00,ATP Estoril,ATP Estoril - 1/8-finals,Bernabe Zapata Miralles,Hubert Hurkacz,1,0,0,1,0,-0.380952380952381,0.3333333333333333,3.0,0.7142857142857143,1.4
11854296,2023-04-06,18:20:00,ATP Marrakech,ATP Marrakech - 1/8-finals,Pavel Kotov,Benjamin Bonzi,1,0,0,1,0,-0.21677460793234488,0.42016806722689076,2.38,0.6369426751592356,1.57
11853975,2023-04-06,19:30:00,ATP Marrakech,ATP Marrakech - 1/8-finals,Francesco Passaro,Alexandre Muller,0,0,0,1,0,-0.2150017468891935,0.42194092827004215,2.37,0.6369426751592356,1.57
11853692,2023-04-05,15:25:00,ATP Estoril,ATP Estoril - 1/8-finals,Pedro Cachin,Sebastian Baez,0,0,0,1,0,-0.42279411764705876,0.3125,3.2,0.7352941176470588,1.36
11853972,2023-04-05,18:25:00,ATP Estoril,ATP Estoril - 1/8-finals,Casper Ruud,Joao Sousa,1,0,0,1,0,0.747054747054747,0.9009009009009008,1.11,0.15384615384615385,6.5
11850051,2023-04-04,12:40:00,ATP Marrakech,ATP Marrakech - 1/16-finals,Nicolas Jarry,Andrea Vavassori,0,0,0,1,0,0.42279411764705876,0.7352941176470588,1.36,0.3125,3.2
11850052,2023-04-04,14:10:00,ATP Marrakech,,Dimitar Kuzmanov,Federico Coria,0,0,0,1,0,-0.380952380952381,0.3333333333333333,3.0,0.7142857142857143,1.4
11853879,2023-04-04,15:00:00,ATP Marrakech,ATP Marrakech - 1/16-finals,Dimitar Kuzmanov,Hugo Grenier,1,0,0,1,0,0.25359477124183005,0.6535947712418301,1.53,0.4,2.5
11850050,2023-04-04,15:40:00,ATP Marrakech,ATP Marrakech - 1/16-finals,Riccardo Bonadio,Christopher O'Connell,0,0,0,1,0,-0.10184420589044874,0.47619047619047616,2.1,0.5780346820809249,1.73
2491552,2023-02-05,14:45:00,ATP Davis Cup - World Group,,Tallon Griekspoor,Alex Molcan,0,0,0,1,0,0.19249823071479122,0.6369426751592356,1.57,0.4444444444444444,2.25
2509956,2023-02-05,17:15:00,ATP Davis Cup - World Group,,Otto Virtanen,Pedro Cachin,0,0,0,1,0,0.19249823071479122,0.6369426751592356,1.57,0.4444444444444444,2.25
2491553,2023-02-05,17:45:00,ATP Davis Cup - World Group,,Borna Gojo,Dennis Novak,0,0,0,1,0,0.31276505513146735,0.6944444444444444,1.44,0.38167938931297707,2.62
2510004,2023-02-05,19:45:00,ATP Davis Cup - World Group,,Nicolas Jarry,Timofey Skatov,0,0,0,1,0,0.2666666666666666,0.6666666666666666,1.5,0.4,2.5
2491556,2023-02-05,20:55:00,ATP Davis Cup - World Group,,Nuno Borges,Tomas Machac,0,0,0,1,0,-0.19249823071479122,0.4444444444444444,2.25,0.6369426751592356,1.57
2355075,2023-02-04,01:55:00,ATP Davis Cup - World Group I,,Rubin Statham Jose,Dimitar Kuzmanov,0,0,0,1,0,-0.5333333333333334,0.26666666666666666,3.75,0.8,1.25
2354975,2023-02-04,11:45:00,ATP Davis Cup - World Group I,,Altug Celikbilek,Bor Artnak,0,0,0,1,0,0.7662337662337662,0.9090909090909091,1.1,0.14285714285714285,7.0
2509975,2023-02-04,15:30:00,ATP Cordoba,,Agustin Tirante Thiago,Facundo Diaz Acosta,0,0,0,1,0,-0.19249823071479122,0.4444444444444444,2.25,0.6369426751592356,1.57
2354985,2023-02-04,16:35:00,ATP Davis Cup - World Group,,Zsombor Piros,Ugo Humbert,0,0,0,1,0,-0.31276505513146735,0.38167938931297707,2.62,0.6944444444444444,1.44
187582,2023-01-04,12:30:00,United Cup,,Michail Pervolarakis,Borna Gojo,0,0,0,1,0,-0.8183962264150942,0.125,8.0,0.9433962264150942,1.06
186921,2023-01-03,08:00:00,United Cup,,Pablo Carreno-Busta,Jason Kubler,0,0,0,1,0,0.31276505513146735,0.6944444444444444,1.44,0.38167938931297707,2.62
186801,2023-01-01,07:00:00,United Cup,,Pablo Carreno-Busta,Daniel Evans,0,0,0,1,0,0.2666666666666666,0.6666666666666666,1.5,0.4,2.5
187041,2022-12-31,10:40:00,Pune,,Yuki Bhambri,Cedrik-Marcel Stebe,0,0,0,1,0,-0.08139534883720934,0.5,2.0,0.5813953488372093,1.72
187043,2022-12-31,11:00:00,Pune,,Christopher Eubanks,Zdenek Kolar,0,0,0,1,0,0.6023864511162433,0.8333333333333334,1.2,0.23094688221709006,4.33
174710,2022-10-19,10:00:00,ATP Antwerp,,Manuel Guinard,Arthur Rinderknech,0,0,0,1,0,-0.588725248930451,0.23094688221709006,4.33,0.819672131147541,1.22
174129,2022-10-15,15:00:00,Stockholm,,Fernando Verdasco,Lukas Rosol,0,0,0,1,0,0.12621916236374076,0.6024096385542169,1.66,0.47619047619047616,2.1
170553,2022-10-04,04:00:00,Tokyo,,Thanasi Kokkinakis,Cameron Norrie,0,0,0,1,0,-0.48351648351648346,0.2857142857142857,3.5,0.7692307692307692,1.3
170578,2022-10-04,06:00:00,ATP Astana,,Carlos Alcaraz,Holger Rune,0,0,0,1,0,0.6111111111111112,0.8333333333333334,1.2,0.2222222222222222,4.5
169102,2022-09-27,05:00:00,Seoul,,Nicolas Jarry,Marcos Giron,0,0,0,1,0,0.0,0.5263157894736842,1.9,0.5263157894736842,1.9
168841,2022-09-26,07:45:00,Seoul,,Borna Coric,Radu Albot,0,0,0,1,0,0.55,0.8,1.25,0.25,4.0
169066,2022-09-25,19:15:00,ATP Laver Cup,,Casper Ruud,Taylor Fritz,0,0,0,1,0,0.10520487264673317,0.5813953488372093,1.72,0.47619047619047616,2.1
168692,2022-09-24,04:15:00,Seoul,,Kaichi Uchida,Hiroki Moriya,0,0,0,1,0,0.16657255787690567,0.6211180124223602,1.61,0.45454545454545453,2.2
166954,2022-09-18,10:30:00,ATP Davis Cup - World Group II,,Dimitar Kuzmanov,Philip Henning,0,0,0,1,0,0.8183962264150942,0.9433962264150942,1.06,0.125,8.0
167147,2022-09-18,19:35:00,ATP Davis Cup - World Group I,,Elahi Galan Daniel,Altug Celikbilek,0,0,0,1,0,0.6252354048964219,0.8474576271186441,1.18,0.2222222222222222,4.5
166942,2022-09-17,16:25:00,ATP Davis Cup - World Group I,,Casper Ruud,Ramkumar Ramanathan,0,0,0,1,0,0.9042071197411004,0.970873786407767,1.03,0.06666666666666667,15.0
166945,2022-09-17,18:00:00,ATP Davis Cup - World Group I,,Norbert Gombos,Marius Copil,0,0,0,1,0,0.569672131147541,0.819672131147541,1.22,0.25,4.0
166947,2022-09-17,21:30:00,ATP Davis Cup - World Group I,,Nuno Borges,Felipe Meligeni Alves,0,0,0,1,0,0.31276505513146735,0.6944444444444444,1.44,0.38167938931297707,2.62
166465,2022-09-16,20:40:00,ATP Davis Cup - World Group I,,Viacheslav Bielinskyi,Zsombor Piros,0,0,0,1,0,-0.9277605779153766,0.05263157894736842,19.0,0.9803921568627451,1.02
160688,2022-08-24,00:10:00,US Open,,Nicolas Jarry,Facundo Diaz Acosta,1,0,0,1,0,0.4955357142857143,0.78125,1.28,0.2857142857142857,3.5
160660,2022-08-23,17:10:00,US Open,,Franco Agamenone,Francisco Comesana,1,0,0,1,0,0.4751131221719456,0.7692307692307692,1.3,0.29411764705882354,3.4
160661,2022-08-23,17:10:00,US Open,,Ernesto Escobedo,Ethan Quinn,0,0,0,1,0,0.35064935064935066,0.7142857142857143,1.4,0.36363636363636365,2.75
160664,2022-08-23,17:10:00,US Open,,Alexander Ritschard,Evan Furness,1,0,0,1,0,0.08139534883720934,0.5813953488372093,1.72,0.5,2.0
160663,2022-08-23,17:15:00,US Open,,Zsombor Piros,Federico Delbonis,0,0,0,1,0,0.2666666666666666,0.6666666666666666,1.5,0.4,2.5
160665,2022-08-23,17:15:00,US Open,,Zachary Svajda,Aleksandar Vukic,1,0,0,1,0,0.31276505513146735,0.6944444444444444,1.44,0.38167938931297707,2.62
160669,2022-08-23,18:55:00,US Open,,Alexandre Muller,Brandon Holt,0,0,0,1,0,0.0,0.5464480874316939,1.83,0.5464480874316939,1.83
160667,2022-08-23,19:05:00,US Open,,Norbert Gombos,Jay Clarke,1,0,0,1,0,0.4955357142857143,0.78125,1.28,0.2857142857142857,3.5
160673,2022-08-23,19:10:00,US Open,,Giulio Zeppieri,Hugo Grenier,0,0,0,1,0,-0.44418739155581255,0.3076923076923077,3.25,0.7518796992481203,1.33
160672,2022-08-23,19:25:00,US Open,,Camilo Ugo Carabelli,Altug Celikbilek,0,0,0,1,0,0.0,0.5464480874316939,1.83,0.5464480874316939,1.83
160666,2022-08-23,19:40:00,US Open,,Antoine Escoffier,Jesper De Jong,0,0,0,1,0,-0.12621916236374076,0.47619047619047616,2.1,0.6024096385542169,1.66
160675,2022-08-23,20:50:00,US Open,,Daniel Dutra Da Silva,Maximilian Marterer,0,0,0,1,0,-0.6953748006379585,0.18181818181818182,5.5,0.8771929824561404,1.14
160679,2022-08-23,21:05:00,US Open,,Carlos Taberner,Agustin Tirante Thiago,1,0,0,1,0,0.08139534883720934,0.5813953488372093,1.72,0.5,2.0
160674,2022-08-23,21:35:00,US Open,,Murphy Cassone,Liam Broady,0,0,0,1,0,-0.5333333333333334,0.26666666666666666,3.75,0.8,1.25
160677,2022-08-23,21:35:00,US Open,,Borna Gojo,Dominic Stricker,1,0,0,1,0,0.0,0.5464480874316939,1.83,0.5464480874316939,1.83
160686,2022-08-23,22:25:00,US Open,,Pablo Varillas Juan,Gregoire Barrere,0,0,0,1,0,-0.23165384297178793,0.42194092827004215,2.37,0.6535947712418301,1.53
160678,2022-08-23,23:00:00,US Open,,Dimitar Kuzmanov,Luca Nardi,1,0,0,1,0,0.08139534883720934,0.5813953488372093,1.72,0.5,2.0
160683,2022-08-23,23:00:00,US Open,,Corentin Moutet,Nino Serdarusic,1,0,0,1,0,0.5333333333333334,0.8,1.25,0.26666666666666666,3.75
160682,2022-08-23,23:35:00,US Open,,Mats Moraing,Pablo Ficovich Juan,1,0,0,1,0,0.19249823071479122,0.6369426751592356,1.57,0.4444444444444444,2.25
160684,2022-08-23,23:50:00,US Open,,Santiago Rodriguez Taverna,Christopher Eubanks,0,0,0,1,0,-0.5333333333333334,0.26666666666666666,3.75,0.8,1.25
160329,2022-08-22,20:05:00,ATP Winston-Salem,,Tallon Griekspoor,Alexei Popyrin,0,0,0,1,0,0.18633540372670798,0.6211180124223602,1.61,0.4347826086956522,2.3
153031,2022-07-28,01:00:00,ATP Atlanta,,Reilly Opelka,Ilya Ivashka,0,0,0,1,0,0.05555555555555558,0.5555555555555556,1.8,0.5,2.0
152977,2022-07-27,12:50:00,Kitzbuhel,,Yannick Hanfmann,Tallon Griekspoor,0,0,0,1,0,-0.2150017468891935,0.42194092827004215,2.37,0.6369426751592356,1.57
145258,2022-06-28,12:00:00,Wimbledon,,Borna Coric,Diego Schwartzman,0,0,0,1,0,-0.1478641840087624,0.45454545454545453,2.2,0.6024096385542169,1.66
