{"intercept": -1.6055538137647822, "coef": [0.02885950979366021, -0.07552781134788542], "feature_order": ["first_serve_pctg", "double_faults"]}